2025-12-21 17:29:03,989 - root - CRITICAL - Failed to start bot: 'AP701Bot' object has no attribute 'timezone_config'
Traceback (most recent call last):
  File "C:\Users\otavi\OneDrive\Documentos\GIT\701\main.py", line 51, in main
    bot = AP701Bot(
  File "C:\Users\otavi\OneDrive\Documentos\GIT\701\src\bot.py", line 28, in __init__
    self.application.bot_data['timezone_config'] = self.timezone_config
AttributeError: 'AP701Bot' object has no attribute 'timezone_config'
2025-12-21 17:33:37,664 - root - CRITICAL - Failed to start bot: 'AP701Bot' object has no attribute 'error_handler'
Traceback (most recent call last):
  File "C:\Users\otavi\OneDrive\Documentos\GIT\701\main.py", line 51, in main
    bot = AP701Bot(
  File "C:\Users\otavi\OneDrive\Documentos\GIT\701\src\bot.py", line 40, in __init__
    self.application.add_error_handler(self.error_handler.handle_telegram_error)
AttributeError: 'AP701Bot' object has no attribute 'error_handler'
2025-12-21 17:34:34,897 - __main__ - INFO - 🤖 Starting Receipt Bot...
2025-12-21 17:34:34,899 - src.bot - INFO - Starting bot...
2025-12-21 17:34:37,537 - httpx - INFO - HTTP Request: POST https://api.telegram.org/bot8476521610:AAFKJ_XrFUB5-reI1OjwvQ4vAPimyVMai3I/getMe "HTTP/1.1 200 OK"
2025-12-21 17:34:37,729 - httpx - INFO - HTTP Request: POST https://api.telegram.org/bot8476521610:AAFKJ_XrFUB5-reI1OjwvQ4vAPimyVMai3I/deleteWebhook "HTTP/1.1 200 OK"
2025-12-21 17:34:37,735 - telegram.ext.Application - INFO - Application started
2025-12-21 17:34:45,009 - httpx - INFO - HTTP Request: POST https://api.telegram.org/bot8476521610:AAFKJ_XrFUB5-reI1OjwvQ4vAPimyVMai3I/getUpdates "HTTP/1.1 200 OK"
2025-12-21 17:34:45,014 - src.bot - ERROR - Handler error: 'AP701Bot' object has no attribute '_clean_expired_sessions'
2025-12-21 17:34:45,015 - root - ERROR - Exception while handling an update:
2025-12-21 17:34:45,016 - root - ERROR - Exception while handling an update:
Traceback (most recent call last):
  File "C:\Users\otavi\OneDrive\Documentos\GIT\701\src\bot.py", line 65, in wrapped_handler
    self._clean_expired_sessions()
AttributeError: 'AP701Bot' object has no attribute '_clean_expired_sessions'

During handling of the above exception, another exception occurred:

Traceback (most recent call last):
  File "C:\Users\otavi\.virtualenvs\701-eBRsCayT\lib\site-packages\telegram\ext\_application.py", line 1315, in process_update
    await coroutine
  File "C:\Users\otavi\.virtualenvs\701-eBRsCayT\lib\site-packages\telegram\ext\_handlers\basehandler.py", line 159, in handle_update
    return await self.callback(update, context)
  File "C:\Users\otavi\OneDrive\Documentos\GIT\701\src\bot.py", line 70, in wrapped_handler
    await self.error_handler(update, context)
  File "C:\Users\otavi\OneDrive\Documentos\GIT\701\src\bot.py", line 103, in error_handler
    tb_list = traceback.format_exception(None, context.error, context.error.__traceback__)
AttributeError: 'NoneType' object has no attribute '__traceback__'
2025-12-21 17:34:45,768 - httpx - INFO - HTTP Request: POST https://api.telegram.org/bot8476521610:AAFKJ_XrFUB5-reI1OjwvQ4vAPimyVMai3I/sendMessage "HTTP/1.1 200 OK"
2025-12-21 17:34:55,228 - httpx - INFO - HTTP Request: POST https://api.telegram.org/bot8476521610:AAFKJ_XrFUB5-reI1OjwvQ4vAPimyVMai3I/getUpdates "HTTP/1.1 200 OK"
2025-12-21 17:35:05,426 - httpx - INFO - HTTP Request: POST https://api.telegram.org/bot8476521610:AAFKJ_XrFUB5-reI1OjwvQ4vAPimyVMai3I/getUpdates "HTTP/1.1 200 OK"
2025-12-21 17:35:08,989 - httpx - INFO - HTTP Request: POST https://api.telegram.org/bot8476521610:AAFKJ_XrFUB5-reI1OjwvQ4vAPimyVMai3I/getUpdates "HTTP/1.1 200 OK"
2025-12-21 17:35:08,993 - telegram.ext.Application - INFO - Application is stopping. This might take a moment.
2025-12-21 17:35:08,995 - telegram.ext.Application - INFO - Application.stop() complete
2025-12-21 17:35:13,947 - __main__ - INFO - 🤖 Starting Receipt Bot...
2025-12-21 17:35:13,948 - src.bot - INFO - Starting bot...
2025-12-21 17:35:14,592 - httpx - INFO - HTTP Request: POST https://api.telegram.org/bot8476521610:AAFKJ_XrFUB5-reI1OjwvQ4vAPimyVMai3I/getMe "HTTP/1.1 200 OK"
2025-12-21 17:35:14,801 - httpx - INFO - HTTP Request: POST https://api.telegram.org/bot8476521610:AAFKJ_XrFUB5-reI1OjwvQ4vAPimyVMai3I/deleteWebhook "HTTP/1.1 200 OK"
2025-12-21 17:35:14,808 - telegram.ext.Application - INFO - Application started
2025-12-21 17:35:22,274 - httpx - INFO - HTTP Request: POST https://api.telegram.org/bot8476521610:AAFKJ_XrFUB5-reI1OjwvQ4vAPimyVMai3I/getUpdates "HTTP/1.1 200 OK"
2025-12-21 17:35:22,281 - src.bot - INFO - User zotavioz (1051315576) - Action
2025-12-21 17:35:23,531 - httpx - INFO - HTTP Request: POST https://api.telegram.org/bot8476521610:AAFKJ_XrFUB5-reI1OjwvQ4vAPimyVMai3I/sendMessage "HTTP/1.1 200 OK"
2025-12-21 17:35:31,029 - httpx - INFO - HTTP Request: POST https://api.telegram.org/bot8476521610:AAFKJ_XrFUB5-reI1OjwvQ4vAPimyVMai3I/getUpdates "HTTP/1.1 200 OK"
2025-12-21 17:35:31,033 - src.bot - INFO - User zotavioz (1051315576) - Action
2025-12-21 17:35:31,766 - httpx - INFO - HTTP Request: POST https://api.telegram.org/bot8476521610:AAFKJ_XrFUB5-reI1OjwvQ4vAPimyVMai3I/sendMessage "HTTP/1.1 200 OK"
2025-12-21 17:35:41,244 - httpx - INFO - HTTP Request: POST https://api.telegram.org/bot8476521610:AAFKJ_XrFUB5-reI1OjwvQ4vAPimyVMai3I/getUpdates "HTTP/1.1 200 OK"
2025-12-21 17:35:51,451 - httpx - INFO - HTTP Request: POST https://api.telegram.org/bot8476521610:AAFKJ_XrFUB5-reI1OjwvQ4vAPimyVMai3I/getUpdates "HTTP/1.1 200 OK"
2025-12-21 17:36:01,657 - httpx - INFO - HTTP Request: POST https://api.telegram.org/bot8476521610:AAFKJ_XrFUB5-reI1OjwvQ4vAPimyVMai3I/getUpdates "HTTP/1.1 200 OK"
2025-12-21 17:36:11,864 - httpx - INFO - HTTP Request: POST https://api.telegram.org/bot8476521610:AAFKJ_XrFUB5-reI1OjwvQ4vAPimyVMai3I/getUpdates "HTTP/1.1 200 OK"
2025-12-21 17:36:22,072 - httpx - INFO - HTTP Request: POST https://api.telegram.org/bot8476521610:AAFKJ_XrFUB5-reI1OjwvQ4vAPimyVMai3I/getUpdates "HTTP/1.1 200 OK"
2025-12-21 17:36:32,283 - httpx - INFO - HTTP Request: POST https://api.telegram.org/bot8476521610:AAFKJ_XrFUB5-reI1OjwvQ4vAPimyVMai3I/getUpdates "HTTP/1.1 200 OK"
2025-12-21 17:36:42,485 - httpx - INFO - HTTP Request: POST https://api.telegram.org/bot8476521610:AAFKJ_XrFUB5-reI1OjwvQ4vAPimyVMai3I/getUpdates "HTTP/1.1 200 OK"
2025-12-21 17:36:52,692 - httpx - INFO - HTTP Request: POST https://api.telegram.org/bot8476521610:AAFKJ_XrFUB5-reI1OjwvQ4vAPimyVMai3I/getUpdates "HTTP/1.1 200 OK"
2025-12-21 17:37:02,909 - httpx - INFO - HTTP Request: POST https://api.telegram.org/bot8476521610:AAFKJ_XrFUB5-reI1OjwvQ4vAPimyVMai3I/getUpdates "HTTP/1.1 200 OK"
2025-12-21 17:37:13,124 - httpx - INFO - HTTP Request: POST https://api.telegram.org/bot8476521610:AAFKJ_XrFUB5-reI1OjwvQ4vAPimyVMai3I/getUpdates "HTTP/1.1 200 OK"
2025-12-21 17:37:23,333 - httpx - INFO - HTTP Request: POST https://api.telegram.org/bot8476521610:AAFKJ_XrFUB5-reI1OjwvQ4vAPimyVMai3I/getUpdates "HTTP/1.1 200 OK"
2025-12-21 17:37:33,547 - httpx - INFO - HTTP Request: POST https://api.telegram.org/bot8476521610:AAFKJ_XrFUB5-reI1OjwvQ4vAPimyVMai3I/getUpdates "HTTP/1.1 200 OK"
2025-12-21 17:37:43,758 - httpx - INFO - HTTP Request: POST https://api.telegram.org/bot8476521610:AAFKJ_XrFUB5-reI1OjwvQ4vAPimyVMai3I/getUpdates "HTTP/1.1 200 OK"
2025-12-21 17:37:53,960 - httpx - INFO - HTTP Request: POST https://api.telegram.org/bot8476521610:AAFKJ_XrFUB5-reI1OjwvQ4vAPimyVMai3I/getUpdates "HTTP/1.1 200 OK"
2025-12-21 17:38:04,160 - httpx - INFO - HTTP Request: POST https://api.telegram.org/bot8476521610:AAFKJ_XrFUB5-reI1OjwvQ4vAPimyVMai3I/getUpdates "HTTP/1.1 200 OK"
2025-12-21 17:38:14,365 - httpx - INFO - HTTP Request: POST https://api.telegram.org/bot8476521610:AAFKJ_XrFUB5-reI1OjwvQ4vAPimyVMai3I/getUpdates "HTTP/1.1 200 OK"
2025-12-21 17:38:24,576 - httpx - INFO - HTTP Request: POST https://api.telegram.org/bot8476521610:AAFKJ_XrFUB5-reI1OjwvQ4vAPimyVMai3I/getUpdates "HTTP/1.1 200 OK"
2025-12-21 17:38:34,783 - httpx - INFO - HTTP Request: POST https://api.telegram.org/bot8476521610:AAFKJ_XrFUB5-reI1OjwvQ4vAPimyVMai3I/getUpdates "HTTP/1.1 200 OK"
2025-12-21 17:38:44,990 - httpx - INFO - HTTP Request: POST https://api.telegram.org/bot8476521610:AAFKJ_XrFUB5-reI1OjwvQ4vAPimyVMai3I/getUpdates "HTTP/1.1 200 OK"
2025-12-21 17:38:55,192 - httpx - INFO - HTTP Request: POST https://api.telegram.org/bot8476521610:AAFKJ_XrFUB5-reI1OjwvQ4vAPimyVMai3I/getUpdates "HTTP/1.1 200 OK"
2025-12-21 17:39:05,395 - httpx - INFO - HTTP Request: POST https://api.telegram.org/bot8476521610:AAFKJ_XrFUB5-reI1OjwvQ4vAPimyVMai3I/getUpdates "HTTP/1.1 200 OK"
2025-12-21 17:39:15,599 - httpx - INFO - HTTP Request: POST https://api.telegram.org/bot8476521610:AAFKJ_XrFUB5-reI1OjwvQ4vAPimyVMai3I/getUpdates "HTTP/1.1 200 OK"
2025-12-21 17:39:25,809 - httpx - INFO - HTTP Request: POST https://api.telegram.org/bot8476521610:AAFKJ_XrFUB5-reI1OjwvQ4vAPimyVMai3I/getUpdates "HTTP/1.1 200 OK"
2025-12-21 17:39:36,012 - httpx - INFO - HTTP Request: POST https://api.telegram.org/bot8476521610:AAFKJ_XrFUB5-reI1OjwvQ4vAPimyVMai3I/getUpdates "HTTP/1.1 200 OK"
2025-12-21 17:39:46,214 - httpx - INFO - HTTP Request: POST https://api.telegram.org/bot8476521610:AAFKJ_XrFUB5-reI1OjwvQ4vAPimyVMai3I/getUpdates "HTTP/1.1 200 OK"
2025-12-21 17:39:56,419 - httpx - INFO - HTTP Request: POST https://api.telegram.org/bot8476521610:AAFKJ_XrFUB5-reI1OjwvQ4vAPimyVMai3I/getUpdates "HTTP/1.1 200 OK"
2025-12-21 17:40:06,628 - httpx - INFO - HTTP Request: POST https://api.telegram.org/bot8476521610:AAFKJ_XrFUB5-reI1OjwvQ4vAPimyVMai3I/getUpdates "HTTP/1.1 200 OK"
2025-12-21 17:40:16,834 - httpx - INFO - HTTP Request: POST https://api.telegram.org/bot8476521610:AAFKJ_XrFUB5-reI1OjwvQ4vAPimyVMai3I/getUpdates "HTTP/1.1 200 OK"
2025-12-21 17:40:27,044 - httpx - INFO - HTTP Request: POST https://api.telegram.org/bot8476521610:AAFKJ_XrFUB5-reI1OjwvQ4vAPimyVMai3I/getUpdates "HTTP/1.1 200 OK"
2025-12-21 17:40:37,246 - httpx - INFO - HTTP Request: POST https://api.telegram.org/bot8476521610:AAFKJ_XrFUB5-reI1OjwvQ4vAPimyVMai3I/getUpdates "HTTP/1.1 200 OK"
2025-12-21 17:40:47,452 - httpx - INFO - HTTP Request: POST https://api.telegram.org/bot8476521610:AAFKJ_XrFUB5-reI1OjwvQ4vAPimyVMai3I/getUpdates "HTTP/1.1 200 OK"
2025-12-21 17:40:57,661 - httpx - INFO - HTTP Request: POST https://api.telegram.org/bot8476521610:AAFKJ_XrFUB5-reI1OjwvQ4vAPimyVMai3I/getUpdates "HTTP/1.1 200 OK"
2025-12-21 17:41:07,863 - httpx - INFO - HTTP Request: POST https://api.telegram.org/bot8476521610:AAFKJ_XrFUB5-reI1OjwvQ4vAPimyVMai3I/getUpdates "HTTP/1.1 200 OK"
2025-12-21 17:41:18,069 - httpx - INFO - HTTP Request: POST https://api.telegram.org/bot8476521610:AAFKJ_XrFUB5-reI1OjwvQ4vAPimyVMai3I/getUpdates "HTTP/1.1 200 OK"
2025-12-21 17:41:28,276 - httpx - INFO - HTTP Request: POST https://api.telegram.org/bot8476521610:AAFKJ_XrFUB5-reI1OjwvQ4vAPimyVMai3I/getUpdates "HTTP/1.1 200 OK"
2025-12-21 17:41:38,485 - httpx - INFO - HTTP Request: POST https://api.telegram.org/bot8476521610:AAFKJ_XrFUB5-reI1OjwvQ4vAPimyVMai3I/getUpdates "HTTP/1.1 200 OK"
2025-12-21 17:41:48,691 - httpx - INFO - HTTP Request: POST https://api.telegram.org/bot8476521610:AAFKJ_XrFUB5-reI1OjwvQ4vAPimyVMai3I/getUpdates "HTTP/1.1 200 OK"
2025-12-21 17:41:58,893 - httpx - INFO - HTTP Request: POST https://api.telegram.org/bot8476521610:AAFKJ_XrFUB5-reI1OjwvQ4vAPimyVMai3I/getUpdates "HTTP/1.1 200 OK"
2025-12-21 17:42:09,098 - httpx - INFO - HTTP Request: POST https://api.telegram.org/bot8476521610:AAFKJ_XrFUB5-reI1OjwvQ4vAPimyVMai3I/getUpdates "HTTP/1.1 200 OK"
2025-12-21 17:42:19,301 - httpx - INFO - HTTP Request: POST https://api.telegram.org/bot8476521610:AAFKJ_XrFUB5-reI1OjwvQ4vAPimyVMai3I/getUpdates "HTTP/1.1 200 OK"
2025-12-21 17:42:29,509 - httpx - INFO - HTTP Request: POST https://api.telegram.org/bot8476521610:AAFKJ_XrFUB5-reI1OjwvQ4vAPimyVMai3I/getUpdates "HTTP/1.1 200 OK"
2025-12-21 17:42:39,716 - httpx - INFO - HTTP Request: POST https://api.telegram.org/bot8476521610:AAFKJ_XrFUB5-reI1OjwvQ4vAPimyVMai3I/getUpdates "HTTP/1.1 200 OK"
2025-12-21 17:42:49,921 - httpx - INFO - HTTP Request: POST https://api.telegram.org/bot8476521610:AAFKJ_XrFUB5-reI1OjwvQ4vAPimyVMai3I/getUpdates "HTTP/1.1 200 OK"
2025-12-21 17:43:00,124 - httpx - INFO - HTTP Request: POST https://api.telegram.org/bot8476521610:AAFKJ_XrFUB5-reI1OjwvQ4vAPimyVMai3I/getUpdates "HTTP/1.1 200 OK"
2025-12-21 17:43:10,327 - httpx - INFO - HTTP Request: POST https://api.telegram.org/bot8476521610:AAFKJ_XrFUB5-reI1OjwvQ4vAPimyVMai3I/getUpdates "HTTP/1.1 200 OK"
2025-12-21 17:43:20,532 - httpx - INFO - HTTP Request: POST https://api.telegram.org/bot8476521610:AAFKJ_XrFUB5-reI1OjwvQ4vAPimyVMai3I/getUpdates "HTTP/1.1 200 OK"
2025-12-21 17:43:30,735 - httpx - INFO - HTTP Request: POST https://api.telegram.org/bot8476521610:AAFKJ_XrFUB5-reI1OjwvQ4vAPimyVMai3I/getUpdates "HTTP/1.1 200 OK"
2025-12-21 17:43:40,951 - httpx - INFO - HTTP Request: POST https://api.telegram.org/bot8476521610:AAFKJ_XrFUB5-reI1OjwvQ4vAPimyVMai3I/getUpdates "HTTP/1.1 200 OK"
2025-12-21 17:43:51,178 - httpx - INFO - HTTP Request: POST https://api.telegram.org/bot8476521610:AAFKJ_XrFUB5-reI1OjwvQ4vAPimyVMai3I/getUpdates "HTTP/1.1 200 OK"
2025-12-21 17:44:01,385 - httpx - INFO - HTTP Request: POST https://api.telegram.org/bot8476521610:AAFKJ_XrFUB5-reI1OjwvQ4vAPimyVMai3I/getUpdates "HTTP/1.1 200 OK"
2025-12-21 17:44:11,589 - httpx - INFO - HTTP Request: POST https://api.telegram.org/bot8476521610:AAFKJ_XrFUB5-reI1OjwvQ4vAPimyVMai3I/getUpdates "HTTP/1.1 200 OK"
2025-12-21 17:44:21,795 - httpx - INFO - HTTP Request: POST https://api.telegram.org/bot8476521610:AAFKJ_XrFUB5-reI1OjwvQ4vAPimyVMai3I/getUpdates "HTTP/1.1 200 OK"
2025-12-21 17:44:32,001 - httpx - INFO - HTTP Request: POST https://api.telegram.org/bot8476521610:AAFKJ_XrFUB5-reI1OjwvQ4vAPimyVMai3I/getUpdates "HTTP/1.1 200 OK"
2025-12-21 17:44:42,203 - httpx - INFO - HTTP Request: POST https://api.telegram.org/bot8476521610:AAFKJ_XrFUB5-reI1OjwvQ4vAPimyVMai3I/getUpdates "HTTP/1.1 200 OK"
2025-12-21 17:44:52,412 - httpx - INFO - HTTP Request: POST https://api.telegram.org/bot8476521610:AAFKJ_XrFUB5-reI1OjwvQ4vAPimyVMai3I/getUpdates "HTTP/1.1 200 OK"
2025-12-21 17:45:02,620 - httpx - INFO - HTTP Request: POST https://api.telegram.org/bot8476521610:AAFKJ_XrFUB5-reI1OjwvQ4vAPimyVMai3I/getUpdates "HTTP/1.1 200 OK"
2025-12-21 17:45:08,547 - httpx - INFO - HTTP Request: POST https://api.telegram.org/bot8476521610:AAFKJ_XrFUB5-reI1OjwvQ4vAPimyVMai3I/getUpdates "HTTP/1.1 200 OK"
2025-12-21 17:45:08,550 - src.bot - INFO - User zotavioz (1051315576) - Action
2025-12-21 17:45:09,285 - httpx - INFO - HTTP Request: POST https://api.telegram.org/bot8476521610:AAFKJ_XrFUB5-reI1OjwvQ4vAPimyVMai3I/sendMessage "HTTP/1.1 200 OK"
2025-12-21 17:45:10,101 - httpx - INFO - HTTP Request: POST https://api.telegram.org/bot8476521610:AAFKJ_XrFUB5-reI1OjwvQ4vAPimyVMai3I/getFile "HTTP/1.1 200 OK"
2025-12-21 17:45:10,501 - httpx - INFO - HTTP Request: GET https://api.telegram.org/file/bot8476521610%3AAAFKJ_XrFUB5-reI1OjwvQ4vAPimyVMai3I/photos/file_0.jpg "HTTP/1.1 200 OK"
2025-12-21 17:45:11,625 - httpx - INFO - HTTP Request: POST https://api.telegram.org/bot8476521610:AAFKJ_XrFUB5-reI1OjwvQ4vAPimyVMai3I/sendMessage "HTTP/1.1 200 OK"
2025-12-21 17:45:49,792 - receipt.webscrapping - INFO - Scraping URL: https://portalsped.fazenda.mg.gov.br/portalnfce/sistema/qrcode.xhtml?p=31251132907983000807651020004067851304515494|2|1|1|0f9797afb4ebb26498d0755e08532a8c23606942
2025-12-21 17:45:52,667 - receipt.webscrapping - INFO - Found 16 items
2025-12-21 17:45:56,271 - httpx - INFO - HTTP Request: POST https://api.telegram.org/bot8476521610:AAFKJ_XrFUB5-reI1OjwvQ4vAPimyVMai3I/getUpdates "HTTP/1.1 200 OK"
2025-12-21 17:45:57,029 - httpx - INFO - HTTP Request: POST https://api.telegram.org/bot8476521610:AAFKJ_XrFUB5-reI1OjwvQ4vAPimyVMai3I/sendMessage "HTTP/1.1 200 OK"
2025-12-21 17:46:06,483 - httpx - INFO - HTTP Request: POST https://api.telegram.org/bot8476521610:AAFKJ_XrFUB5-reI1OjwvQ4vAPimyVMai3I/getUpdates "HTTP/1.1 200 OK"
2025-12-21 17:46:16,690 - httpx - INFO - HTTP Request: POST https://api.telegram.org/bot8476521610:AAFKJ_XrFUB5-reI1OjwvQ4vAPimyVMai3I/getUpdates "HTTP/1.1 200 OK"
2025-12-21 17:46:26,893 - httpx - INFO - HTTP Request: POST https://api.telegram.org/bot8476521610:AAFKJ_XrFUB5-reI1OjwvQ4vAPimyVMai3I/getUpdates "HTTP/1.1 200 OK"
2025-12-21 17:46:37,101 - httpx - INFO - HTTP Request: POST https://api.telegram.org/bot8476521610:AAFKJ_XrFUB5-reI1OjwvQ4vAPimyVMai3I/getUpdates "HTTP/1.1 200 OK"
2025-12-21 17:46:47,302 - httpx - INFO - HTTP Request: POST https://api.telegram.org/bot8476521610:AAFKJ_XrFUB5-reI1OjwvQ4vAPimyVMai3I/getUpdates "HTTP/1.1 200 OK"
2025-12-21 17:46:52,171 - httpx - INFO - HTTP Request: POST https://api.telegram.org/bot8476521610:AAFKJ_XrFUB5-reI1OjwvQ4vAPimyVMai3I/getUpdates "HTTP/1.1 200 OK"
2025-12-21 17:46:52,174 - src.bot - INFO - User zotavioz (1051315576) - Action
2025-12-21 17:46:52,893 - httpx - INFO - HTTP Request: POST https://api.telegram.org/bot8476521610:AAFKJ_XrFUB5-reI1OjwvQ4vAPimyVMai3I/answerCallbackQuery "HTTP/1.1 200 OK"
2025-12-21 17:46:53,240 - httpx - INFO - HTTP Request: POST https://api.telegram.org/bot8476521610:AAFKJ_XrFUB5-reI1OjwvQ4vAPimyVMai3I/editMessageText "HTTP/1.1 200 OK"
2025-12-21 17:46:57,437 - httpx - INFO - HTTP Request: POST https://api.telegram.org/bot8476521610:AAFKJ_XrFUB5-reI1OjwvQ4vAPimyVMai3I/getUpdates "HTTP/1.1 200 OK"
2025-12-21 17:46:57,445 - src.bot - INFO - User zotavioz (1051315576) - Action
2025-12-21 17:46:57,760 - httpx - INFO - HTTP Request: POST https://api.telegram.org/bot8476521610:AAFKJ_XrFUB5-reI1OjwvQ4vAPimyVMai3I/answerCallbackQuery "HTTP/1.1 200 OK"
2025-12-21 17:46:58,132 - httpx - INFO - HTTP Request: POST https://api.telegram.org/bot8476521610:AAFKJ_XrFUB5-reI1OjwvQ4vAPimyVMai3I/editMessageText "HTTP/1.1 200 OK"
2025-12-21 17:46:59,397 - httpx - INFO - HTTP Request: POST https://api.telegram.org/bot8476521610:AAFKJ_XrFUB5-reI1OjwvQ4vAPimyVMai3I/getUpdates "HTTP/1.1 200 OK"
2025-12-21 17:46:59,400 - src.bot - INFO - User zotavioz (1051315576) - Action
2025-12-21 17:46:59,721 - httpx - INFO - HTTP Request: POST https://api.telegram.org/bot8476521610:AAFKJ_XrFUB5-reI1OjwvQ4vAPimyVMai3I/answerCallbackQuery "HTTP/1.1 200 OK"
2025-12-21 17:47:00,059 - httpx - INFO - HTTP Request: POST https://api.telegram.org/bot8476521610:AAFKJ_XrFUB5-reI1OjwvQ4vAPimyVMai3I/editMessageText "HTTP/1.1 200 OK"
2025-12-21 17:47:01,049 - httpx - INFO - HTTP Request: POST https://api.telegram.org/bot8476521610:AAFKJ_XrFUB5-reI1OjwvQ4vAPimyVMai3I/getUpdates "HTTP/1.1 200 OK"
2025-12-21 17:47:01,053 - src.bot - INFO - User zotavioz (1051315576) - Action
2025-12-21 17:47:01,379 - httpx - INFO - HTTP Request: POST https://api.telegram.org/bot8476521610:AAFKJ_XrFUB5-reI1OjwvQ4vAPimyVMai3I/answerCallbackQuery "HTTP/1.1 200 OK"
2025-12-21 17:47:02,065 - httpx - INFO - HTTP Request: POST https://api.telegram.org/bot8476521610:AAFKJ_XrFUB5-reI1OjwvQ4vAPimyVMai3I/sendDocument "HTTP/1.1 200 OK"
2025-12-21 17:47:02,412 - httpx - INFO - HTTP Request: POST https://api.telegram.org/bot8476521610:AAFKJ_XrFUB5-reI1OjwvQ4vAPimyVMai3I/editMessageText "HTTP/1.1 200 OK"
2025-12-21 17:47:11,260 - httpx - INFO - HTTP Request: POST https://api.telegram.org/bot8476521610:AAFKJ_XrFUB5-reI1OjwvQ4vAPimyVMai3I/getUpdates "HTTP/1.1 200 OK"
2025-12-21 17:47:21,469 - httpx - INFO - HTTP Request: POST https://api.telegram.org/bot8476521610:AAFKJ_XrFUB5-reI1OjwvQ4vAPimyVMai3I/getUpdates "HTTP/1.1 200 OK"
2025-12-21 17:47:31,672 - httpx - INFO - HTTP Request: POST https://api.telegram.org/bot8476521610:AAFKJ_XrFUB5-reI1OjwvQ4vAPimyVMai3I/getUpdates "HTTP/1.1 200 OK"
2025-12-21 17:47:41,874 - httpx - INFO - HTTP Request: POST https://api.telegram.org/bot8476521610:AAFKJ_XrFUB5-reI1OjwvQ4vAPimyVMai3I/getUpdates "HTTP/1.1 200 OK"
2025-12-21 17:47:52,084 - httpx - INFO - HTTP Request: POST https://api.telegram.org/bot8476521610:AAFKJ_XrFUB5-reI1OjwvQ4vAPimyVMai3I/getUpdates "HTTP/1.1 200 OK"
2025-12-21 17:48:02,286 - httpx - INFO - HTTP Request: POST https://api.telegram.org/bot8476521610:AAFKJ_XrFUB5-reI1OjwvQ4vAPimyVMai3I/getUpdates "HTTP/1.1 200 OK"
2025-12-21 17:48:12,495 - httpx - INFO - HTTP Request: POST https://api.telegram.org/bot8476521610:AAFKJ_XrFUB5-reI1OjwvQ4vAPimyVMai3I/getUpdates "HTTP/1.1 200 OK"
2025-12-21 17:48:22,701 - httpx - INFO - HTTP Request: POST https://api.telegram.org/bot8476521610:AAFKJ_XrFUB5-reI1OjwvQ4vAPimyVMai3I/getUpdates "HTTP/1.1 200 OK"
2025-12-21 17:48:32,905 - httpx - INFO - HTTP Request: POST https://api.telegram.org/bot8476521610:AAFKJ_XrFUB5-reI1OjwvQ4vAPimyVMai3I/getUpdates "HTTP/1.1 200 OK"
2025-12-21 17:48:43,107 - httpx - INFO - HTTP Request: POST https://api.telegram.org/bot8476521610:AAFKJ_XrFUB5-reI1OjwvQ4vAPimyVMai3I/getUpdates "HTTP/1.1 200 OK"
2025-12-21 17:48:53,310 - httpx - INFO - HTTP Request: POST https://api.telegram.org/bot8476521610:AAFKJ_XrFUB5-reI1OjwvQ4vAPimyVMai3I/getUpdates "HTTP/1.1 200 OK"
2025-12-21 17:49:03,513 - httpx - INFO - HTTP Request: POST https://api.telegram.org/bot8476521610:AAFKJ_XrFUB5-reI1OjwvQ4vAPimyVMai3I/getUpdates "HTTP/1.1 200 OK"
2025-12-21 17:49:13,721 - httpx - INFO - HTTP Request: POST https://api.telegram.org/bot8476521610:AAFKJ_XrFUB5-reI1OjwvQ4vAPimyVMai3I/getUpdates "HTTP/1.1 200 OK"
2025-12-21 17:49:23,925 - httpx - INFO - HTTP Request: POST https://api.telegram.org/bot8476521610:AAFKJ_XrFUB5-reI1OjwvQ4vAPimyVMai3I/getUpdates "HTTP/1.1 200 OK"
2025-12-21 17:49:34,137 - httpx - INFO - HTTP Request: POST https://api.telegram.org/bot8476521610:AAFKJ_XrFUB5-reI1OjwvQ4vAPimyVMai3I/getUpdates "HTTP/1.1 200 OK"
2025-12-21 17:49:44,346 - httpx - INFO - HTTP Request: POST https://api.telegram.org/bot8476521610:AAFKJ_XrFUB5-reI1OjwvQ4vAPimyVMai3I/getUpdates "HTTP/1.1 200 OK"
2025-12-21 17:49:54,550 - httpx - INFO - HTTP Request: POST https://api.telegram.org/bot8476521610:AAFKJ_XrFUB5-reI1OjwvQ4vAPimyVMai3I/getUpdates "HTTP/1.1 200 OK"
2025-12-21 17:50:04,759 - httpx - INFO - HTTP Request: POST https://api.telegram.org/bot8476521610:AAFKJ_XrFUB5-reI1OjwvQ4vAPimyVMai3I/getUpdates "HTTP/1.1 200 OK"
2025-12-21 17:50:14,966 - httpx - INFO - HTTP Request: POST https://api.telegram.org/bot8476521610:AAFKJ_XrFUB5-reI1OjwvQ4vAPimyVMai3I/getUpdates "HTTP/1.1 200 OK"
2025-12-21 17:50:25,172 - httpx - INFO - HTTP Request: POST https://api.telegram.org/bot8476521610:AAFKJ_XrFUB5-reI1OjwvQ4vAPimyVMai3I/getUpdates "HTTP/1.1 200 OK"
2025-12-21 17:50:35,383 - httpx - INFO - HTTP Request: POST https://api.telegram.org/bot8476521610:AAFKJ_XrFUB5-reI1OjwvQ4vAPimyVMai3I/getUpdates "HTTP/1.1 200 OK"
2025-12-21 17:50:45,592 - httpx - INFO - HTTP Request: POST https://api.telegram.org/bot8476521610:AAFKJ_XrFUB5-reI1OjwvQ4vAPimyVMai3I/getUpdates "HTTP/1.1 200 OK"
2025-12-21 17:50:55,814 - httpx - INFO - HTTP Request: POST https://api.telegram.org/bot8476521610:AAFKJ_XrFUB5-reI1OjwvQ4vAPimyVMai3I/getUpdates "HTTP/1.1 200 OK"
2025-12-21 17:51:06,046 - httpx - INFO - HTTP Request: POST https://api.telegram.org/bot8476521610:AAFKJ_XrFUB5-reI1OjwvQ4vAPimyVMai3I/getUpdates "HTTP/1.1 200 OK"
2025-12-21 17:51:16,260 - httpx - INFO - HTTP Request: POST https://api.telegram.org/bot8476521610:AAFKJ_XrFUB5-reI1OjwvQ4vAPimyVMai3I/getUpdates "HTTP/1.1 200 OK"
2025-12-21 17:51:26,467 - httpx - INFO - HTTP Request: POST https://api.telegram.org/bot8476521610:AAFKJ_XrFUB5-reI1OjwvQ4vAPimyVMai3I/getUpdates "HTTP/1.1 200 OK"
2025-12-21 17:51:36,669 - httpx - INFO - HTTP Request: POST https://api.telegram.org/bot8476521610:AAFKJ_XrFUB5-reI1OjwvQ4vAPimyVMai3I/getUpdates "HTTP/1.1 200 OK"
2025-12-21 17:51:46,884 - httpx - INFO - HTTP Request: POST https://api.telegram.org/bot8476521610:AAFKJ_XrFUB5-reI1OjwvQ4vAPimyVMai3I/getUpdates "HTTP/1.1 200 OK"
2025-12-21 17:51:57,117 - httpx - INFO - HTTP Request: POST https://api.telegram.org/bot8476521610:AAFKJ_XrFUB5-reI1OjwvQ4vAPimyVMai3I/getUpdates "HTTP/1.1 200 OK"
2025-12-21 17:52:07,320 - httpx - INFO - HTTP Request: POST https://api.telegram.org/bot8476521610:AAFKJ_XrFUB5-reI1OjwvQ4vAPimyVMai3I/getUpdates "HTTP/1.1 200 OK"
2025-12-21 17:52:17,522 - httpx - INFO - HTTP Request: POST https://api.telegram.org/bot8476521610:AAFKJ_XrFUB5-reI1OjwvQ4vAPimyVMai3I/getUpdates "HTTP/1.1 200 OK"
2025-12-21 17:52:28,112 - httpx - INFO - HTTP Request: POST https://api.telegram.org/bot8476521610:AAFKJ_XrFUB5-reI1OjwvQ4vAPimyVMai3I/getUpdates "HTTP/1.1 200 OK"
2025-12-21 17:52:38,307 - httpx - INFO - HTTP Request: POST https://api.telegram.org/bot8476521610:AAFKJ_XrFUB5-reI1OjwvQ4vAPimyVMai3I/getUpdates "HTTP/1.1 200 OK"
2025-12-21 17:52:48,504 - httpx - INFO - HTTP Request: POST https://api.telegram.org/bot8476521610:AAFKJ_XrFUB5-reI1OjwvQ4vAPimyVMai3I/getUpdates "HTTP/1.1 200 OK"
2025-12-21 17:52:58,706 - httpx - INFO - HTTP Request: POST https://api.telegram.org/bot8476521610:AAFKJ_XrFUB5-reI1OjwvQ4vAPimyVMai3I/getUpdates "HTTP/1.1 200 OK"
2025-12-21 17:53:08,953 - httpx - INFO - HTTP Request: POST https://api.telegram.org/bot8476521610:AAFKJ_XrFUB5-reI1OjwvQ4vAPimyVMai3I/getUpdates "HTTP/1.1 200 OK"
2025-12-21 17:53:19,192 - httpx - INFO - HTTP Request: POST https://api.telegram.org/bot8476521610:AAFKJ_XrFUB5-reI1OjwvQ4vAPimyVMai3I/getUpdates "HTTP/1.1 200 OK"
2025-12-21 17:53:29,422 - httpx - INFO - HTTP Request: POST https://api.telegram.org/bot8476521610:AAFKJ_XrFUB5-reI1OjwvQ4vAPimyVMai3I/getUpdates "HTTP/1.1 200 OK"
2025-12-21 17:53:39,617 - httpx - INFO - HTTP Request: POST https://api.telegram.org/bot8476521610:AAFKJ_XrFUB5-reI1OjwvQ4vAPimyVMai3I/getUpdates "HTTP/1.1 200 OK"
2025-12-21 17:53:49,812 - httpx - INFO - HTTP Request: POST https://api.telegram.org/bot8476521610:AAFKJ_XrFUB5-reI1OjwvQ4vAPimyVMai3I/getUpdates "HTTP/1.1 200 OK"
2025-12-21 17:54:00,006 - httpx - INFO - HTTP Request: POST https://api.telegram.org/bot8476521610:AAFKJ_XrFUB5-reI1OjwvQ4vAPimyVMai3I/getUpdates "HTTP/1.1 200 OK"
2025-12-21 17:54:10,202 - httpx - INFO - HTTP Request: POST https://api.telegram.org/bot8476521610:AAFKJ_XrFUB5-reI1OjwvQ4vAPimyVMai3I/getUpdates "HTTP/1.1 200 OK"
2025-12-21 17:54:20,397 - httpx - INFO - HTTP Request: POST https://api.telegram.org/bot8476521610:AAFKJ_XrFUB5-reI1OjwvQ4vAPimyVMai3I/getUpdates "HTTP/1.1 200 OK"
2025-12-21 17:54:30,590 - httpx - INFO - HTTP Request: POST https://api.telegram.org/bot8476521610:AAFKJ_XrFUB5-reI1OjwvQ4vAPimyVMai3I/getUpdates "HTTP/1.1 200 OK"
2025-12-21 17:54:40,786 - httpx - INFO - HTTP Request: POST https://api.telegram.org/bot8476521610:AAFKJ_XrFUB5-reI1OjwvQ4vAPimyVMai3I/getUpdates "HTTP/1.1 200 OK"
2025-12-21 17:54:50,982 - httpx - INFO - HTTP Request: POST https://api.telegram.org/bot8476521610:AAFKJ_XrFUB5-reI1OjwvQ4vAPimyVMai3I/getUpdates "HTTP/1.1 200 OK"
2025-12-21 17:55:01,178 - httpx - INFO - HTTP Request: POST https://api.telegram.org/bot8476521610:AAFKJ_XrFUB5-reI1OjwvQ4vAPimyVMai3I/getUpdates "HTTP/1.1 200 OK"
2025-12-21 17:55:11,383 - httpx - INFO - HTTP Request: POST https://api.telegram.org/bot8476521610:AAFKJ_XrFUB5-reI1OjwvQ4vAPimyVMai3I/getUpdates "HTTP/1.1 200 OK"
2025-12-21 17:55:21,580 - httpx - INFO - HTTP Request: POST https://api.telegram.org/bot8476521610:AAFKJ_XrFUB5-reI1OjwvQ4vAPimyVMai3I/getUpdates "HTTP/1.1 200 OK"
2025-12-21 17:55:31,775 - httpx - INFO - HTTP Request: POST https://api.telegram.org/bot8476521610:AAFKJ_XrFUB5-reI1OjwvQ4vAPimyVMai3I/getUpdates "HTTP/1.1 200 OK"
2025-12-21 17:55:41,977 - httpx - INFO - HTTP Request: POST https://api.telegram.org/bot8476521610:AAFKJ_XrFUB5-reI1OjwvQ4vAPimyVMai3I/getUpdates "HTTP/1.1 200 OK"
2025-12-21 17:55:52,170 - httpx - INFO - HTTP Request: POST https://api.telegram.org/bot8476521610:AAFKJ_XrFUB5-reI1OjwvQ4vAPimyVMai3I/getUpdates "HTTP/1.1 200 OK"
2025-12-21 17:56:02,364 - httpx - INFO - HTTP Request: POST https://api.telegram.org/bot8476521610:AAFKJ_XrFUB5-reI1OjwvQ4vAPimyVMai3I/getUpdates "HTTP/1.1 200 OK"
2025-12-21 17:56:12,557 - httpx - INFO - HTTP Request: POST https://api.telegram.org/bot8476521610:AAFKJ_XrFUB5-reI1OjwvQ4vAPimyVMai3I/getUpdates "HTTP/1.1 200 OK"
2025-12-21 17:56:22,752 - httpx - INFO - HTTP Request: POST https://api.telegram.org/bot8476521610:AAFKJ_XrFUB5-reI1OjwvQ4vAPimyVMai3I/getUpdates "HTTP/1.1 200 OK"
2025-12-21 17:56:32,946 - httpx - INFO - HTTP Request: POST https://api.telegram.org/bot8476521610:AAFKJ_XrFUB5-reI1OjwvQ4vAPimyVMai3I/getUpdates "HTTP/1.1 200 OK"
2025-12-21 17:56:43,141 - httpx - INFO - HTTP Request: POST https://api.telegram.org/bot8476521610:AAFKJ_XrFUB5-reI1OjwvQ4vAPimyVMai3I/getUpdates "HTTP/1.1 200 OK"
2025-12-21 17:56:53,336 - httpx - INFO - HTTP Request: POST https://api.telegram.org/bot8476521610:AAFKJ_XrFUB5-reI1OjwvQ4vAPimyVMai3I/getUpdates "HTTP/1.1 200 OK"
2025-12-21 17:57:03,532 - httpx - INFO - HTTP Request: POST https://api.telegram.org/bot8476521610:AAFKJ_XrFUB5-reI1OjwvQ4vAPimyVMai3I/getUpdates "HTTP/1.1 200 OK"
2025-12-21 17:57:13,727 - httpx - INFO - HTTP Request: POST https://api.telegram.org/bot8476521610:AAFKJ_XrFUB5-reI1OjwvQ4vAPimyVMai3I/getUpdates "HTTP/1.1 200 OK"
2025-12-21 17:57:23,922 - httpx - INFO - HTTP Request: POST https://api.telegram.org/bot8476521610:AAFKJ_XrFUB5-reI1OjwvQ4vAPimyVMai3I/getUpdates "HTTP/1.1 200 OK"
2025-12-21 17:57:34,119 - httpx - INFO - HTTP Request: POST https://api.telegram.org/bot8476521610:AAFKJ_XrFUB5-reI1OjwvQ4vAPimyVMai3I/getUpdates "HTTP/1.1 200 OK"
2025-12-21 17:57:44,316 - httpx - INFO - HTTP Request: POST https://api.telegram.org/bot8476521610:AAFKJ_XrFUB5-reI1OjwvQ4vAPimyVMai3I/getUpdates "HTTP/1.1 200 OK"
2025-12-21 17:57:54,511 - httpx - INFO - HTTP Request: POST https://api.telegram.org/bot8476521610:AAFKJ_XrFUB5-reI1OjwvQ4vAPimyVMai3I/getUpdates "HTTP/1.1 200 OK"
2025-12-21 17:58:04,705 - httpx - INFO - HTTP Request: POST https://api.telegram.org/bot8476521610:AAFKJ_XrFUB5-reI1OjwvQ4vAPimyVMai3I/getUpdates "HTTP/1.1 200 OK"
2025-12-21 17:58:14,901 - httpx - INFO - HTTP Request: POST https://api.telegram.org/bot8476521610:AAFKJ_XrFUB5-reI1OjwvQ4vAPimyVMai3I/getUpdates "HTTP/1.1 200 OK"
2025-12-21 17:58:25,096 - httpx - INFO - HTTP Request: POST https://api.telegram.org/bot8476521610:AAFKJ_XrFUB5-reI1OjwvQ4vAPimyVMai3I/getUpdates "HTTP/1.1 200 OK"
2025-12-21 17:58:35,290 - httpx - INFO - HTTP Request: POST https://api.telegram.org/bot8476521610:AAFKJ_XrFUB5-reI1OjwvQ4vAPimyVMai3I/getUpdates "HTTP/1.1 200 OK"
2025-12-21 17:58:45,485 - httpx - INFO - HTTP Request: POST https://api.telegram.org/bot8476521610:AAFKJ_XrFUB5-reI1OjwvQ4vAPimyVMai3I/getUpdates "HTTP/1.1 200 OK"
2025-12-21 17:58:55,678 - httpx - INFO - HTTP Request: POST https://api.telegram.org/bot8476521610:AAFKJ_XrFUB5-reI1OjwvQ4vAPimyVMai3I/getUpdates "HTTP/1.1 200 OK"
2025-12-21 17:59:05,873 - httpx - INFO - HTTP Request: POST https://api.telegram.org/bot8476521610:AAFKJ_XrFUB5-reI1OjwvQ4vAPimyVMai3I/getUpdates "HTTP/1.1 200 OK"
2025-12-21 17:59:16,067 - httpx - INFO - HTTP Request: POST https://api.telegram.org/bot8476521610:AAFKJ_XrFUB5-reI1OjwvQ4vAPimyVMai3I/getUpdates "HTTP/1.1 200 OK"
2025-12-21 17:59:26,262 - httpx - INFO - HTTP Request: POST https://api.telegram.org/bot8476521610:AAFKJ_XrFUB5-reI1OjwvQ4vAPimyVMai3I/getUpdates "HTTP/1.1 200 OK"
2025-12-21 17:59:36,458 - httpx - INFO - HTTP Request: POST https://api.telegram.org/bot8476521610:AAFKJ_XrFUB5-reI1OjwvQ4vAPimyVMai3I/getUpdates "HTTP/1.1 200 OK"
2025-12-21 17:59:46,653 - httpx - INFO - HTTP Request: POST https://api.telegram.org/bot8476521610:AAFKJ_XrFUB5-reI1OjwvQ4vAPimyVMai3I/getUpdates "HTTP/1.1 200 OK"
2025-12-21 17:59:56,849 - httpx - INFO - HTTP Request: POST https://api.telegram.org/bot8476521610:AAFKJ_XrFUB5-reI1OjwvQ4vAPimyVMai3I/getUpdates "HTTP/1.1 200 OK"
2025-12-21 18:00:07,046 - httpx - INFO - HTTP Request: POST https://api.telegram.org/bot8476521610:AAFKJ_XrFUB5-reI1OjwvQ4vAPimyVMai3I/getUpdates "HTTP/1.1 200 OK"
2025-12-21 18:00:17,241 - httpx - INFO - HTTP Request: POST https://api.telegram.org/bot8476521610:AAFKJ_XrFUB5-reI1OjwvQ4vAPimyVMai3I/getUpdates "HTTP/1.1 200 OK"
2025-12-21 18:00:27,436 - httpx - INFO - HTTP Request: POST https://api.telegram.org/bot8476521610:AAFKJ_XrFUB5-reI1OjwvQ4vAPimyVMai3I/getUpdates "HTTP/1.1 200 OK"
2025-12-21 18:00:37,632 - httpx - INFO - HTTP Request: POST https://api.telegram.org/bot8476521610:AAFKJ_XrFUB5-reI1OjwvQ4vAPimyVMai3I/getUpdates "HTTP/1.1 200 OK"
2025-12-21 18:00:47,828 - httpx - INFO - HTTP Request: POST https://api.telegram.org/bot8476521610:AAFKJ_XrFUB5-reI1OjwvQ4vAPimyVMai3I/getUpdates "HTTP/1.1 200 OK"
2025-12-21 18:00:58,024 - httpx - INFO - HTTP Request: POST https://api.telegram.org/bot8476521610:AAFKJ_XrFUB5-reI1OjwvQ4vAPimyVMai3I/getUpdates "HTTP/1.1 200 OK"
2025-12-21 18:01:08,218 - httpx - INFO - HTTP Request: POST https://api.telegram.org/bot8476521610:AAFKJ_XrFUB5-reI1OjwvQ4vAPimyVMai3I/getUpdates "HTTP/1.1 200 OK"
2025-12-21 18:01:18,415 - httpx - INFO - HTTP Request: POST https://api.telegram.org/bot8476521610:AAFKJ_XrFUB5-reI1OjwvQ4vAPimyVMai3I/getUpdates "HTTP/1.1 200 OK"
2025-12-21 18:01:28,612 - httpx - INFO - HTTP Request: POST https://api.telegram.org/bot8476521610:AAFKJ_XrFUB5-reI1OjwvQ4vAPimyVMai3I/getUpdates "HTTP/1.1 200 OK"
2025-12-21 18:01:38,807 - httpx - INFO - HTTP Request: POST https://api.telegram.org/bot8476521610:AAFKJ_XrFUB5-reI1OjwvQ4vAPimyVMai3I/getUpdates "HTTP/1.1 200 OK"
2025-12-21 18:01:49,001 - httpx - INFO - HTTP Request: POST https://api.telegram.org/bot8476521610:AAFKJ_XrFUB5-reI1OjwvQ4vAPimyVMai3I/getUpdates "HTTP/1.1 200 OK"
2025-12-21 18:01:59,195 - httpx - INFO - HTTP Request: POST https://api.telegram.org/bot8476521610:AAFKJ_XrFUB5-reI1OjwvQ4vAPimyVMai3I/getUpdates "HTTP/1.1 200 OK"
2025-12-21 18:02:09,389 - httpx - INFO - HTTP Request: POST https://api.telegram.org/bot8476521610:AAFKJ_XrFUB5-reI1OjwvQ4vAPimyVMai3I/getUpdates "HTTP/1.1 200 OK"
2025-12-21 18:02:19,585 - httpx - INFO - HTTP Request: POST https://api.telegram.org/bot8476521610:AAFKJ_XrFUB5-reI1OjwvQ4vAPimyVMai3I/getUpdates "HTTP/1.1 200 OK"
2025-12-21 18:02:29,779 - httpx - INFO - HTTP Request: POST https://api.telegram.org/bot8476521610:AAFKJ_XrFUB5-reI1OjwvQ4vAPimyVMai3I/getUpdates "HTTP/1.1 200 OK"
2025-12-21 18:02:39,973 - httpx - INFO - HTTP Request: POST https://api.telegram.org/bot8476521610:AAFKJ_XrFUB5-reI1OjwvQ4vAPimyVMai3I/getUpdates "HTTP/1.1 200 OK"
2025-12-21 18:02:50,167 - httpx - INFO - HTTP Request: POST https://api.telegram.org/bot8476521610:AAFKJ_XrFUB5-reI1OjwvQ4vAPimyVMai3I/getUpdates "HTTP/1.1 200 OK"
2025-12-21 18:03:00,364 - httpx - INFO - HTTP Request: POST https://api.telegram.org/bot8476521610:AAFKJ_XrFUB5-reI1OjwvQ4vAPimyVMai3I/getUpdates "HTTP/1.1 200 OK"
2025-12-21 18:03:10,564 - httpx - INFO - HTTP Request: POST https://api.telegram.org/bot8476521610:AAFKJ_XrFUB5-reI1OjwvQ4vAPimyVMai3I/getUpdates "HTTP/1.1 200 OK"
2025-12-21 18:03:20,759 - httpx - INFO - HTTP Request: POST https://api.telegram.org/bot8476521610:AAFKJ_XrFUB5-reI1OjwvQ4vAPimyVMai3I/getUpdates "HTTP/1.1 200 OK"
2025-12-21 18:03:30,956 - httpx - INFO - HTTP Request: POST https://api.telegram.org/bot8476521610:AAFKJ_XrFUB5-reI1OjwvQ4vAPimyVMai3I/getUpdates "HTTP/1.1 200 OK"
2025-12-21 18:03:41,152 - httpx - INFO - HTTP Request: POST https://api.telegram.org/bot8476521610:AAFKJ_XrFUB5-reI1OjwvQ4vAPimyVMai3I/getUpdates "HTTP/1.1 200 OK"
2025-12-21 18:03:51,347 - httpx - INFO - HTTP Request: POST https://api.telegram.org/bot8476521610:AAFKJ_XrFUB5-reI1OjwvQ4vAPimyVMai3I/getUpdates "HTTP/1.1 200 OK"
2025-12-21 18:04:01,542 - httpx - INFO - HTTP Request: POST https://api.telegram.org/bot8476521610:AAFKJ_XrFUB5-reI1OjwvQ4vAPimyVMai3I/getUpdates "HTTP/1.1 200 OK"
2025-12-21 18:04:11,739 - httpx - INFO - HTTP Request: POST https://api.telegram.org/bot8476521610:AAFKJ_XrFUB5-reI1OjwvQ4vAPimyVMai3I/getUpdates "HTTP/1.1 200 OK"
2025-12-21 18:04:21,935 - httpx - INFO - HTTP Request: POST https://api.telegram.org/bot8476521610:AAFKJ_XrFUB5-reI1OjwvQ4vAPimyVMai3I/getUpdates "HTTP/1.1 200 OK"
2025-12-21 18:04:32,129 - httpx - INFO - HTTP Request: POST https://api.telegram.org/bot8476521610:AAFKJ_XrFUB5-reI1OjwvQ4vAPimyVMai3I/getUpdates "HTTP/1.1 200 OK"
2025-12-21 18:04:42,330 - httpx - INFO - HTTP Request: POST https://api.telegram.org/bot8476521610:AAFKJ_XrFUB5-reI1OjwvQ4vAPimyVMai3I/getUpdates "HTTP/1.1 200 OK"
2025-12-21 18:04:52,524 - httpx - INFO - HTTP Request: POST https://api.telegram.org/bot8476521610:AAFKJ_XrFUB5-reI1OjwvQ4vAPimyVMai3I/getUpdates "HTTP/1.1 200 OK"
2025-12-21 18:05:02,722 - httpx - INFO - HTTP Request: POST https://api.telegram.org/bot8476521610:AAFKJ_XrFUB5-reI1OjwvQ4vAPimyVMai3I/getUpdates "HTTP/1.1 200 OK"
2025-12-21 18:05:12,916 - httpx - INFO - HTTP Request: POST https://api.telegram.org/bot8476521610:AAFKJ_XrFUB5-reI1OjwvQ4vAPimyVMai3I/getUpdates "HTTP/1.1 200 OK"
2025-12-21 18:05:23,110 - httpx - INFO - HTTP Request: POST https://api.telegram.org/bot8476521610:AAFKJ_XrFUB5-reI1OjwvQ4vAPimyVMai3I/getUpdates "HTTP/1.1 200 OK"
2025-12-21 18:05:33,307 - httpx - INFO - HTTP Request: POST https://api.telegram.org/bot8476521610:AAFKJ_XrFUB5-reI1OjwvQ4vAPimyVMai3I/getUpdates "HTTP/1.1 200 OK"
2025-12-21 18:05:43,502 - httpx - INFO - HTTP Request: POST https://api.telegram.org/bot8476521610:AAFKJ_XrFUB5-reI1OjwvQ4vAPimyVMai3I/getUpdates "HTTP/1.1 200 OK"
2025-12-21 18:05:53,697 - httpx - INFO - HTTP Request: POST https://api.telegram.org/bot8476521610:AAFKJ_XrFUB5-reI1OjwvQ4vAPimyVMai3I/getUpdates "HTTP/1.1 200 OK"
2025-12-21 18:06:03,898 - httpx - INFO - HTTP Request: POST https://api.telegram.org/bot8476521610:AAFKJ_XrFUB5-reI1OjwvQ4vAPimyVMai3I/getUpdates "HTTP/1.1 200 OK"
2025-12-21 18:06:14,096 - httpx - INFO - HTTP Request: POST https://api.telegram.org/bot8476521610:AAFKJ_XrFUB5-reI1OjwvQ4vAPimyVMai3I/getUpdates "HTTP/1.1 200 OK"
2025-12-21 18:06:24,294 - httpx - INFO - HTTP Request: POST https://api.telegram.org/bot8476521610:AAFKJ_XrFUB5-reI1OjwvQ4vAPimyVMai3I/getUpdates "HTTP/1.1 200 OK"
2025-12-21 18:06:34,494 - httpx - INFO - HTTP Request: POST https://api.telegram.org/bot8476521610:AAFKJ_XrFUB5-reI1OjwvQ4vAPimyVMai3I/getUpdates "HTTP/1.1 200 OK"
2025-12-21 18:06:44,696 - httpx - INFO - HTTP Request: POST https://api.telegram.org/bot8476521610:AAFKJ_XrFUB5-reI1OjwvQ4vAPimyVMai3I/getUpdates "HTTP/1.1 200 OK"
2025-12-21 18:06:54,896 - httpx - INFO - HTTP Request: POST https://api.telegram.org/bot8476521610:AAFKJ_XrFUB5-reI1OjwvQ4vAPimyVMai3I/getUpdates "HTTP/1.1 200 OK"
2025-12-21 18:07:05,095 - httpx - INFO - HTTP Request: POST https://api.telegram.org/bot8476521610:AAFKJ_XrFUB5-reI1OjwvQ4vAPimyVMai3I/getUpdates "HTTP/1.1 200 OK"
2025-12-21 18:07:15,297 - httpx - INFO - HTTP Request: POST https://api.telegram.org/bot8476521610:AAFKJ_XrFUB5-reI1OjwvQ4vAPimyVMai3I/getUpdates "HTTP/1.1 200 OK"
2025-12-21 18:07:25,498 - httpx - INFO - HTTP Request: POST https://api.telegram.org/bot8476521610:AAFKJ_XrFUB5-reI1OjwvQ4vAPimyVMai3I/getUpdates "HTTP/1.1 200 OK"
2025-12-21 18:07:35,699 - httpx - INFO - HTTP Request: POST https://api.telegram.org/bot8476521610:AAFKJ_XrFUB5-reI1OjwvQ4vAPimyVMai3I/getUpdates "HTTP/1.1 200 OK"
2025-12-21 18:07:45,899 - httpx - INFO - HTTP Request: POST https://api.telegram.org/bot8476521610:AAFKJ_XrFUB5-reI1OjwvQ4vAPimyVMai3I/getUpdates "HTTP/1.1 200 OK"
2025-12-21 18:07:56,101 - httpx - INFO - HTTP Request: POST https://api.telegram.org/bot8476521610:AAFKJ_XrFUB5-reI1OjwvQ4vAPimyVMai3I/getUpdates "HTTP/1.1 200 OK"
2025-12-21 18:08:06,301 - httpx - INFO - HTTP Request: POST https://api.telegram.org/bot8476521610:AAFKJ_XrFUB5-reI1OjwvQ4vAPimyVMai3I/getUpdates "HTTP/1.1 200 OK"
2025-12-21 18:08:16,502 - httpx - INFO - HTTP Request: POST https://api.telegram.org/bot8476521610:AAFKJ_XrFUB5-reI1OjwvQ4vAPimyVMai3I/getUpdates "HTTP/1.1 200 OK"
2025-12-21 18:08:26,700 - httpx - INFO - HTTP Request: POST https://api.telegram.org/bot8476521610:AAFKJ_XrFUB5-reI1OjwvQ4vAPimyVMai3I/getUpdates "HTTP/1.1 200 OK"
2025-12-21 18:08:36,901 - httpx - INFO - HTTP Request: POST https://api.telegram.org/bot8476521610:AAFKJ_XrFUB5-reI1OjwvQ4vAPimyVMai3I/getUpdates "HTTP/1.1 200 OK"
2025-12-21 18:08:47,102 - httpx - INFO - HTTP Request: POST https://api.telegram.org/bot8476521610:AAFKJ_XrFUB5-reI1OjwvQ4vAPimyVMai3I/getUpdates "HTTP/1.1 200 OK"
2025-12-21 18:08:57,304 - httpx - INFO - HTTP Request: POST https://api.telegram.org/bot8476521610:AAFKJ_XrFUB5-reI1OjwvQ4vAPimyVMai3I/getUpdates "HTTP/1.1 200 OK"
2025-12-21 18:09:07,506 - httpx - INFO - HTTP Request: POST https://api.telegram.org/bot8476521610:AAFKJ_XrFUB5-reI1OjwvQ4vAPimyVMai3I/getUpdates "HTTP/1.1 200 OK"
2025-12-21 18:09:17,707 - httpx - INFO - HTTP Request: POST https://api.telegram.org/bot8476521610:AAFKJ_XrFUB5-reI1OjwvQ4vAPimyVMai3I/getUpdates "HTTP/1.1 200 OK"
2025-12-21 18:09:28,328 - httpx - INFO - HTTP Request: POST https://api.telegram.org/bot8476521610:AAFKJ_XrFUB5-reI1OjwvQ4vAPimyVMai3I/getUpdates "HTTP/1.1 200 OK"
2025-12-21 18:09:38,535 - httpx - INFO - HTTP Request: POST https://api.telegram.org/bot8476521610:AAFKJ_XrFUB5-reI1OjwvQ4vAPimyVMai3I/getUpdates "HTTP/1.1 200 OK"
2025-12-21 18:09:48,743 - httpx - INFO - HTTP Request: POST https://api.telegram.org/bot8476521610:AAFKJ_XrFUB5-reI1OjwvQ4vAPimyVMai3I/getUpdates "HTTP/1.1 200 OK"
2025-12-21 18:09:59,259 - httpx - INFO - HTTP Request: POST https://api.telegram.org/bot8476521610:AAFKJ_XrFUB5-reI1OjwvQ4vAPimyVMai3I/getUpdates "HTTP/1.1 200 OK"
2025-12-21 18:10:09,968 - httpx - INFO - HTTP Request: POST https://api.telegram.org/bot8476521610:AAFKJ_XrFUB5-reI1OjwvQ4vAPimyVMai3I/getUpdates "HTTP/1.1 200 OK"
2025-12-21 18:10:20,183 - httpx - INFO - HTTP Request: POST https://api.telegram.org/bot8476521610:AAFKJ_XrFUB5-reI1OjwvQ4vAPimyVMai3I/getUpdates "HTTP/1.1 200 OK"
2025-12-21 18:10:30,391 - httpx - INFO - HTTP Request: POST https://api.telegram.org/bot8476521610:AAFKJ_XrFUB5-reI1OjwvQ4vAPimyVMai3I/getUpdates "HTTP/1.1 200 OK"
2025-12-21 18:10:40,595 - httpx - INFO - HTTP Request: POST https://api.telegram.org/bot8476521610:AAFKJ_XrFUB5-reI1OjwvQ4vAPimyVMai3I/getUpdates "HTTP/1.1 200 OK"
2025-12-21 18:10:50,803 - httpx - INFO - HTTP Request: POST https://api.telegram.org/bot8476521610:AAFKJ_XrFUB5-reI1OjwvQ4vAPimyVMai3I/getUpdates "HTTP/1.1 200 OK"
2025-12-21 18:11:01,012 - httpx - INFO - HTTP Request: POST https://api.telegram.org/bot8476521610:AAFKJ_XrFUB5-reI1OjwvQ4vAPimyVMai3I/getUpdates "HTTP/1.1 200 OK"
2025-12-21 18:11:11,219 - httpx - INFO - HTTP Request: POST https://api.telegram.org/bot8476521610:AAFKJ_XrFUB5-reI1OjwvQ4vAPimyVMai3I/getUpdates "HTTP/1.1 200 OK"
2025-12-21 18:11:21,428 - httpx - INFO - HTTP Request: POST https://api.telegram.org/bot8476521610:AAFKJ_XrFUB5-reI1OjwvQ4vAPimyVMai3I/getUpdates "HTTP/1.1 200 OK"
2025-12-21 18:11:31,637 - httpx - INFO - HTTP Request: POST https://api.telegram.org/bot8476521610:AAFKJ_XrFUB5-reI1OjwvQ4vAPimyVMai3I/getUpdates "HTTP/1.1 200 OK"
2025-12-21 18:11:41,844 - httpx - INFO - HTTP Request: POST https://api.telegram.org/bot8476521610:AAFKJ_XrFUB5-reI1OjwvQ4vAPimyVMai3I/getUpdates "HTTP/1.1 200 OK"
2025-12-21 18:11:52,052 - httpx - INFO - HTTP Request: POST https://api.telegram.org/bot8476521610:AAFKJ_XrFUB5-reI1OjwvQ4vAPimyVMai3I/getUpdates "HTTP/1.1 200 OK"
2025-12-21 18:12:02,254 - httpx - INFO - HTTP Request: POST https://api.telegram.org/bot8476521610:AAFKJ_XrFUB5-reI1OjwvQ4vAPimyVMai3I/getUpdates "HTTP/1.1 200 OK"
2025-12-21 18:12:12,461 - httpx - INFO - HTTP Request: POST https://api.telegram.org/bot8476521610:AAFKJ_XrFUB5-reI1OjwvQ4vAPimyVMai3I/getUpdates "HTTP/1.1 200 OK"
2025-12-21 18:12:22,670 - httpx - INFO - HTTP Request: POST https://api.telegram.org/bot8476521610:AAFKJ_XrFUB5-reI1OjwvQ4vAPimyVMai3I/getUpdates "HTTP/1.1 200 OK"
2025-12-21 18:12:33,182 - httpx - INFO - HTTP Request: POST https://api.telegram.org/bot8476521610:AAFKJ_XrFUB5-reI1OjwvQ4vAPimyVMai3I/getUpdates "HTTP/1.1 200 OK"
2025-12-21 18:12:43,389 - httpx - INFO - HTTP Request: POST https://api.telegram.org/bot8476521610:AAFKJ_XrFUB5-reI1OjwvQ4vAPimyVMai3I/getUpdates "HTTP/1.1 200 OK"
2025-12-21 18:12:53,596 - httpx - INFO - HTTP Request: POST https://api.telegram.org/bot8476521610:AAFKJ_XrFUB5-reI1OjwvQ4vAPimyVMai3I/getUpdates "HTTP/1.1 200 OK"
2025-12-21 18:13:03,805 - httpx - INFO - HTTP Request: POST https://api.telegram.org/bot8476521610:AAFKJ_XrFUB5-reI1OjwvQ4vAPimyVMai3I/getUpdates "HTTP/1.1 200 OK"
2025-12-21 18:13:14,017 - httpx - INFO - HTTP Request: POST https://api.telegram.org/bot8476521610:AAFKJ_XrFUB5-reI1OjwvQ4vAPimyVMai3I/getUpdates "HTTP/1.1 200 OK"
2025-12-21 18:13:24,524 - httpx - INFO - HTTP Request: POST https://api.telegram.org/bot8476521610:AAFKJ_XrFUB5-reI1OjwvQ4vAPimyVMai3I/getUpdates "HTTP/1.1 200 OK"
2025-12-21 18:13:35,355 - httpx - INFO - HTTP Request: POST https://api.telegram.org/bot8476521610:AAFKJ_XrFUB5-reI1OjwvQ4vAPimyVMai3I/getUpdates "HTTP/1.1 200 OK"
2025-12-21 18:13:45,563 - httpx - INFO - HTTP Request: POST https://api.telegram.org/bot8476521610:AAFKJ_XrFUB5-reI1OjwvQ4vAPimyVMai3I/getUpdates "HTTP/1.1 200 OK"
2025-12-21 18:13:55,774 - httpx - INFO - HTTP Request: POST https://api.telegram.org/bot8476521610:AAFKJ_XrFUB5-reI1OjwvQ4vAPimyVMai3I/getUpdates "HTTP/1.1 200 OK"
2025-12-21 18:14:05,982 - httpx - INFO - HTTP Request: POST https://api.telegram.org/bot8476521610:AAFKJ_XrFUB5-reI1OjwvQ4vAPimyVMai3I/getUpdates "HTTP/1.1 200 OK"
2025-12-21 18:14:16,189 - httpx - INFO - HTTP Request: POST https://api.telegram.org/bot8476521610:AAFKJ_XrFUB5-reI1OjwvQ4vAPimyVMai3I/getUpdates "HTTP/1.1 200 OK"
2025-12-21 18:14:26,398 - httpx - INFO - HTTP Request: POST https://api.telegram.org/bot8476521610:AAFKJ_XrFUB5-reI1OjwvQ4vAPimyVMai3I/getUpdates "HTTP/1.1 200 OK"
2025-12-21 18:14:36,605 - httpx - INFO - HTTP Request: POST https://api.telegram.org/bot8476521610:AAFKJ_XrFUB5-reI1OjwvQ4vAPimyVMai3I/getUpdates "HTTP/1.1 200 OK"
2025-12-21 18:14:47,118 - httpx - INFO - HTTP Request: POST https://api.telegram.org/bot8476521610:AAFKJ_XrFUB5-reI1OjwvQ4vAPimyVMai3I/getUpdates "HTTP/1.1 200 OK"
2025-12-21 18:14:57,325 - httpx - INFO - HTTP Request: POST https://api.telegram.org/bot8476521610:AAFKJ_XrFUB5-reI1OjwvQ4vAPimyVMai3I/getUpdates "HTTP/1.1 200 OK"
2025-12-21 18:15:07,528 - httpx - INFO - HTTP Request: POST https://api.telegram.org/bot8476521610:AAFKJ_XrFUB5-reI1OjwvQ4vAPimyVMai3I/getUpdates "HTTP/1.1 200 OK"
2025-12-21 18:15:17,735 - httpx - INFO - HTTP Request: POST https://api.telegram.org/bot8476521610:AAFKJ_XrFUB5-reI1OjwvQ4vAPimyVMai3I/getUpdates "HTTP/1.1 200 OK"
2025-12-21 18:15:28,253 - httpx - INFO - HTTP Request: POST https://api.telegram.org/bot8476521610:AAFKJ_XrFUB5-reI1OjwvQ4vAPimyVMai3I/getUpdates "HTTP/1.1 200 OK"
2025-12-21 18:15:38,459 - httpx - INFO - HTTP Request: POST https://api.telegram.org/bot8476521610:AAFKJ_XrFUB5-reI1OjwvQ4vAPimyVMai3I/getUpdates "HTTP/1.1 200 OK"
2025-12-21 18:15:48,666 - httpx - INFO - HTTP Request: POST https://api.telegram.org/bot8476521610:AAFKJ_XrFUB5-reI1OjwvQ4vAPimyVMai3I/getUpdates "HTTP/1.1 200 OK"
2025-12-21 18:15:58,873 - httpx - INFO - HTTP Request: POST https://api.telegram.org/bot8476521610:AAFKJ_XrFUB5-reI1OjwvQ4vAPimyVMai3I/getUpdates "HTTP/1.1 200 OK"
2025-12-21 18:16:09,082 - httpx - INFO - HTTP Request: POST https://api.telegram.org/bot8476521610:AAFKJ_XrFUB5-reI1OjwvQ4vAPimyVMai3I/getUpdates "HTTP/1.1 200 OK"
2025-12-21 18:16:19,293 - httpx - INFO - HTTP Request: POST https://api.telegram.org/bot8476521610:AAFKJ_XrFUB5-reI1OjwvQ4vAPimyVMai3I/getUpdates "HTTP/1.1 200 OK"
2025-12-21 18:16:29,501 - httpx - INFO - HTTP Request: POST https://api.telegram.org/bot8476521610:AAFKJ_XrFUB5-reI1OjwvQ4vAPimyVMai3I/getUpdates "HTTP/1.1 200 OK"
2025-12-21 18:16:40,018 - httpx - INFO - HTTP Request: POST https://api.telegram.org/bot8476521610:AAFKJ_XrFUB5-reI1OjwvQ4vAPimyVMai3I/getUpdates "HTTP/1.1 200 OK"
2025-12-21 18:16:50,231 - httpx - INFO - HTTP Request: POST https://api.telegram.org/bot8476521610:AAFKJ_XrFUB5-reI1OjwvQ4vAPimyVMai3I/getUpdates "HTTP/1.1 200 OK"
2025-12-21 18:17:00,440 - httpx - INFO - HTTP Request: POST https://api.telegram.org/bot8476521610:AAFKJ_XrFUB5-reI1OjwvQ4vAPimyVMai3I/getUpdates "HTTP/1.1 200 OK"
2025-12-21 18:17:10,956 - httpx - INFO - HTTP Request: POST https://api.telegram.org/bot8476521610:AAFKJ_XrFUB5-reI1OjwvQ4vAPimyVMai3I/getUpdates "HTTP/1.1 200 OK"
2025-12-21 18:17:21,162 - httpx - INFO - HTTP Request: POST https://api.telegram.org/bot8476521610:AAFKJ_XrFUB5-reI1OjwvQ4vAPimyVMai3I/getUpdates "HTTP/1.1 200 OK"
2025-12-21 18:17:31,369 - httpx - INFO - HTTP Request: POST https://api.telegram.org/bot8476521610:AAFKJ_XrFUB5-reI1OjwvQ4vAPimyVMai3I/getUpdates "HTTP/1.1 200 OK"
2025-12-21 18:17:41,576 - httpx - INFO - HTTP Request: POST https://api.telegram.org/bot8476521610:AAFKJ_XrFUB5-reI1OjwvQ4vAPimyVMai3I/getUpdates "HTTP/1.1 200 OK"
2025-12-21 18:17:51,785 - httpx - INFO - HTTP Request: POST https://api.telegram.org/bot8476521610:AAFKJ_XrFUB5-reI1OjwvQ4vAPimyVMai3I/getUpdates "HTTP/1.1 200 OK"
2025-12-21 18:18:01,989 - httpx - INFO - HTTP Request: POST https://api.telegram.org/bot8476521610:AAFKJ_XrFUB5-reI1OjwvQ4vAPimyVMai3I/getUpdates "HTTP/1.1 200 OK"
2025-12-21 18:18:12,698 - httpx - INFO - HTTP Request: POST https://api.telegram.org/bot8476521610:AAFKJ_XrFUB5-reI1OjwvQ4vAPimyVMai3I/getUpdates "HTTP/1.1 200 OK"
2025-12-21 18:18:22,904 - httpx - INFO - HTTP Request: POST https://api.telegram.org/bot8476521610:AAFKJ_XrFUB5-reI1OjwvQ4vAPimyVMai3I/getUpdates "HTTP/1.1 200 OK"
2025-12-21 18:18:33,112 - httpx - INFO - HTTP Request: POST https://api.telegram.org/bot8476521610:AAFKJ_XrFUB5-reI1OjwvQ4vAPimyVMai3I/getUpdates "HTTP/1.1 200 OK"
2025-12-21 18:18:43,318 - httpx - INFO - HTTP Request: POST https://api.telegram.org/bot8476521610:AAFKJ_XrFUB5-reI1OjwvQ4vAPimyVMai3I/getUpdates "HTTP/1.1 200 OK"
2025-12-21 18:18:53,526 - httpx - INFO - HTTP Request: POST https://api.telegram.org/bot8476521610:AAFKJ_XrFUB5-reI1OjwvQ4vAPimyVMai3I/getUpdates "HTTP/1.1 200 OK"
2025-12-21 18:19:03,729 - httpx - INFO - HTTP Request: POST https://api.telegram.org/bot8476521610:AAFKJ_XrFUB5-reI1OjwvQ4vAPimyVMai3I/getUpdates "HTTP/1.1 200 OK"
2025-12-21 18:19:13,936 - httpx - INFO - HTTP Request: POST https://api.telegram.org/bot8476521610:AAFKJ_XrFUB5-reI1OjwvQ4vAPimyVMai3I/getUpdates "HTTP/1.1 200 OK"
2025-12-21 18:19:24,147 - httpx - INFO - HTTP Request: POST https://api.telegram.org/bot8476521610:AAFKJ_XrFUB5-reI1OjwvQ4vAPimyVMai3I/getUpdates "HTTP/1.1 200 OK"
2025-12-21 18:19:34,354 - httpx - INFO - HTTP Request: POST https://api.telegram.org/bot8476521610:AAFKJ_XrFUB5-reI1OjwvQ4vAPimyVMai3I/getUpdates "HTTP/1.1 200 OK"
2025-12-21 18:19:44,565 - httpx - INFO - HTTP Request: POST https://api.telegram.org/bot8476521610:AAFKJ_XrFUB5-reI1OjwvQ4vAPimyVMai3I/getUpdates "HTTP/1.1 200 OK"
2025-12-21 18:19:54,772 - httpx - INFO - HTTP Request: POST https://api.telegram.org/bot8476521610:AAFKJ_XrFUB5-reI1OjwvQ4vAPimyVMai3I/getUpdates "HTTP/1.1 200 OK"
2025-12-21 18:20:04,981 - httpx - INFO - HTTP Request: POST https://api.telegram.org/bot8476521610:AAFKJ_XrFUB5-reI1OjwvQ4vAPimyVMai3I/getUpdates "HTTP/1.1 200 OK"
2025-12-21 18:20:15,191 - httpx - INFO - HTTP Request: POST https://api.telegram.org/bot8476521610:AAFKJ_XrFUB5-reI1OjwvQ4vAPimyVMai3I/getUpdates "HTTP/1.1 200 OK"
2025-12-21 18:20:25,398 - httpx - INFO - HTTP Request: POST https://api.telegram.org/bot8476521610:AAFKJ_XrFUB5-reI1OjwvQ4vAPimyVMai3I/getUpdates "HTTP/1.1 200 OK"
2025-12-21 18:20:35,601 - httpx - INFO - HTTP Request: POST https://api.telegram.org/bot8476521610:AAFKJ_XrFUB5-reI1OjwvQ4vAPimyVMai3I/getUpdates "HTTP/1.1 200 OK"
2025-12-21 18:20:45,810 - httpx - INFO - HTTP Request: POST https://api.telegram.org/bot8476521610:AAFKJ_XrFUB5-reI1OjwvQ4vAPimyVMai3I/getUpdates "HTTP/1.1 200 OK"
2025-12-21 18:20:56,020 - httpx - INFO - HTTP Request: POST https://api.telegram.org/bot8476521610:AAFKJ_XrFUB5-reI1OjwvQ4vAPimyVMai3I/getUpdates "HTTP/1.1 200 OK"
2025-12-21 18:21:06,226 - httpx - INFO - HTTP Request: POST https://api.telegram.org/bot8476521610:AAFKJ_XrFUB5-reI1OjwvQ4vAPimyVMai3I/getUpdates "HTTP/1.1 200 OK"
2025-12-21 18:21:16,430 - httpx - INFO - HTTP Request: POST https://api.telegram.org/bot8476521610:AAFKJ_XrFUB5-reI1OjwvQ4vAPimyVMai3I/getUpdates "HTTP/1.1 200 OK"
2025-12-21 18:21:26,638 - httpx - INFO - HTTP Request: POST https://api.telegram.org/bot8476521610:AAFKJ_XrFUB5-reI1OjwvQ4vAPimyVMai3I/getUpdates "HTTP/1.1 200 OK"
2025-12-21 18:21:36,848 - httpx - INFO - HTTP Request: POST https://api.telegram.org/bot8476521610:AAFKJ_XrFUB5-reI1OjwvQ4vAPimyVMai3I/getUpdates "HTTP/1.1 200 OK"
2025-12-21 18:21:47,054 - httpx - INFO - HTTP Request: POST https://api.telegram.org/bot8476521610:AAFKJ_XrFUB5-reI1OjwvQ4vAPimyVMai3I/getUpdates "HTTP/1.1 200 OK"
2025-12-21 18:21:57,266 - httpx - INFO - HTTP Request: POST https://api.telegram.org/bot8476521610:AAFKJ_XrFUB5-reI1OjwvQ4vAPimyVMai3I/getUpdates "HTTP/1.1 200 OK"
2025-12-21 18:22:07,969 - httpx - INFO - HTTP Request: POST https://api.telegram.org/bot8476521610:AAFKJ_XrFUB5-reI1OjwvQ4vAPimyVMai3I/getUpdates "HTTP/1.1 200 OK"
2025-12-21 18:22:18,488 - httpx - INFO - HTTP Request: POST https://api.telegram.org/bot8476521610:AAFKJ_XrFUB5-reI1OjwvQ4vAPimyVMai3I/getUpdates "HTTP/1.1 200 OK"
2025-12-21 18:22:28,695 - httpx - INFO - HTTP Request: POST https://api.telegram.org/bot8476521610:AAFKJ_XrFUB5-reI1OjwvQ4vAPimyVMai3I/getUpdates "HTTP/1.1 200 OK"
2025-12-21 18:22:38,902 - httpx - INFO - HTTP Request: POST https://api.telegram.org/bot8476521610:AAFKJ_XrFUB5-reI1OjwvQ4vAPimyVMai3I/getUpdates "HTTP/1.1 200 OK"
2025-12-21 18:22:49,110 - httpx - INFO - HTTP Request: POST https://api.telegram.org/bot8476521610:AAFKJ_XrFUB5-reI1OjwvQ4vAPimyVMai3I/getUpdates "HTTP/1.1 200 OK"
2025-12-21 18:22:59,319 - httpx - INFO - HTTP Request: POST https://api.telegram.org/bot8476521610:AAFKJ_XrFUB5-reI1OjwvQ4vAPimyVMai3I/getUpdates "HTTP/1.1 200 OK"
2025-12-21 18:23:09,529 - httpx - INFO - HTTP Request: POST https://api.telegram.org/bot8476521610:AAFKJ_XrFUB5-reI1OjwvQ4vAPimyVMai3I/getUpdates "HTTP/1.1 200 OK"
2025-12-21 18:23:19,735 - httpx - INFO - HTTP Request: POST https://api.telegram.org/bot8476521610:AAFKJ_XrFUB5-reI1OjwvQ4vAPimyVMai3I/getUpdates "HTTP/1.1 200 OK"
2025-12-21 18:23:30,250 - httpx - INFO - HTTP Request: POST https://api.telegram.org/bot8476521610:AAFKJ_XrFUB5-reI1OjwvQ4vAPimyVMai3I/getUpdates "HTTP/1.1 200 OK"
2025-12-21 18:23:40,464 - httpx - INFO - HTTP Request: POST https://api.telegram.org/bot8476521610:AAFKJ_XrFUB5-reI1OjwvQ4vAPimyVMai3I/getUpdates "HTTP/1.1 200 OK"
2025-12-21 18:23:50,672 - httpx - INFO - HTTP Request: POST https://api.telegram.org/bot8476521610:AAFKJ_XrFUB5-reI1OjwvQ4vAPimyVMai3I/getUpdates "HTTP/1.1 200 OK"
2025-12-21 18:24:00,877 - httpx - INFO - HTTP Request: POST https://api.telegram.org/bot8476521610:AAFKJ_XrFUB5-reI1OjwvQ4vAPimyVMai3I/getUpdates "HTTP/1.1 200 OK"
2025-12-21 18:24:11,084 - httpx - INFO - HTTP Request: POST https://api.telegram.org/bot8476521610:AAFKJ_XrFUB5-reI1OjwvQ4vAPimyVMai3I/getUpdates "HTTP/1.1 200 OK"
2025-12-21 18:25:41,358 - httpx - INFO - HTTP Request: POST https://api.telegram.org/bot8476521610:AAFKJ_XrFUB5-reI1OjwvQ4vAPimyVMai3I/getUpdates "HTTP/1.1 200 OK"
2025-12-21 18:25:51,563 - httpx - INFO - HTTP Request: POST https://api.telegram.org/bot8476521610:AAFKJ_XrFUB5-reI1OjwvQ4vAPimyVMai3I/getUpdates "HTTP/1.1 200 OK"
2025-12-21 18:26:01,760 - httpx - INFO - HTTP Request: POST https://api.telegram.org/bot8476521610:AAFKJ_XrFUB5-reI1OjwvQ4vAPimyVMai3I/getUpdates "HTTP/1.1 200 OK"
2025-12-21 18:26:11,954 - httpx - INFO - HTTP Request: POST https://api.telegram.org/bot8476521610:AAFKJ_XrFUB5-reI1OjwvQ4vAPimyVMai3I/getUpdates "HTTP/1.1 200 OK"
2025-12-21 18:26:22,147 - httpx - INFO - HTTP Request: POST https://api.telegram.org/bot8476521610:AAFKJ_XrFUB5-reI1OjwvQ4vAPimyVMai3I/getUpdates "HTTP/1.1 200 OK"
2025-12-21 18:26:32,340 - httpx - INFO - HTTP Request: POST https://api.telegram.org/bot8476521610:AAFKJ_XrFUB5-reI1OjwvQ4vAPimyVMai3I/getUpdates "HTTP/1.1 200 OK"
2025-12-21 18:26:42,533 - httpx - INFO - HTTP Request: POST https://api.telegram.org/bot8476521610:AAFKJ_XrFUB5-reI1OjwvQ4vAPimyVMai3I/getUpdates "HTTP/1.1 200 OK"
2025-12-21 18:26:52,726 - httpx - INFO - HTTP Request: POST https://api.telegram.org/bot8476521610:AAFKJ_XrFUB5-reI1OjwvQ4vAPimyVMai3I/getUpdates "HTTP/1.1 200 OK"
2025-12-21 18:27:02,921 - httpx - INFO - HTTP Request: POST https://api.telegram.org/bot8476521610:AAFKJ_XrFUB5-reI1OjwvQ4vAPimyVMai3I/getUpdates "HTTP/1.1 200 OK"
2025-12-21 18:27:13,121 - httpx - INFO - HTTP Request: POST https://api.telegram.org/bot8476521610:AAFKJ_XrFUB5-reI1OjwvQ4vAPimyVMai3I/getUpdates "HTTP/1.1 200 OK"
2025-12-21 18:27:23,319 - httpx - INFO - HTTP Request: POST https://api.telegram.org/bot8476521610:AAFKJ_XrFUB5-reI1OjwvQ4vAPimyVMai3I/getUpdates "HTTP/1.1 200 OK"
2025-12-21 18:27:33,518 - httpx - INFO - HTTP Request: POST https://api.telegram.org/bot8476521610:AAFKJ_XrFUB5-reI1OjwvQ4vAPimyVMai3I/getUpdates "HTTP/1.1 200 OK"
2025-12-21 18:27:43,719 - httpx - INFO - HTTP Request: POST https://api.telegram.org/bot8476521610:AAFKJ_XrFUB5-reI1OjwvQ4vAPimyVMai3I/getUpdates "HTTP/1.1 200 OK"
2025-12-21 18:27:53,920 - httpx - INFO - HTTP Request: POST https://api.telegram.org/bot8476521610:AAFKJ_XrFUB5-reI1OjwvQ4vAPimyVMai3I/getUpdates "HTTP/1.1 200 OK"
2025-12-21 18:28:04,120 - httpx - INFO - HTTP Request: POST https://api.telegram.org/bot8476521610:AAFKJ_XrFUB5-reI1OjwvQ4vAPimyVMai3I/getUpdates "HTTP/1.1 200 OK"
2025-12-21 18:28:14,320 - httpx - INFO - HTTP Request: POST https://api.telegram.org/bot8476521610:AAFKJ_XrFUB5-reI1OjwvQ4vAPimyVMai3I/getUpdates "HTTP/1.1 200 OK"
2025-12-21 18:28:24,520 - httpx - INFO - HTTP Request: POST https://api.telegram.org/bot8476521610:AAFKJ_XrFUB5-reI1OjwvQ4vAPimyVMai3I/getUpdates "HTTP/1.1 200 OK"
2025-12-21 18:28:34,720 - httpx - INFO - HTTP Request: POST https://api.telegram.org/bot8476521610:AAFKJ_XrFUB5-reI1OjwvQ4vAPimyVMai3I/getUpdates "HTTP/1.1 200 OK"
2025-12-21 18:28:44,920 - httpx - INFO - HTTP Request: POST https://api.telegram.org/bot8476521610:AAFKJ_XrFUB5-reI1OjwvQ4vAPimyVMai3I/getUpdates "HTTP/1.1 200 OK"
2025-12-21 18:28:55,118 - httpx - INFO - HTTP Request: POST https://api.telegram.org/bot8476521610:AAFKJ_XrFUB5-reI1OjwvQ4vAPimyVMai3I/getUpdates "HTTP/1.1 200 OK"
2025-12-21 18:29:05,316 - httpx - INFO - HTTP Request: POST https://api.telegram.org/bot8476521610:AAFKJ_XrFUB5-reI1OjwvQ4vAPimyVMai3I/getUpdates "HTTP/1.1 200 OK"
2025-12-21 18:29:15,510 - httpx - INFO - HTTP Request: POST https://api.telegram.org/bot8476521610:AAFKJ_XrFUB5-reI1OjwvQ4vAPimyVMai3I/getUpdates "HTTP/1.1 200 OK"
2025-12-21 18:29:25,709 - httpx - INFO - HTTP Request: POST https://api.telegram.org/bot8476521610:AAFKJ_XrFUB5-reI1OjwvQ4vAPimyVMai3I/getUpdates "HTTP/1.1 200 OK"
2025-12-21 18:29:35,908 - httpx - INFO - HTTP Request: POST https://api.telegram.org/bot8476521610:AAFKJ_XrFUB5-reI1OjwvQ4vAPimyVMai3I/getUpdates "HTTP/1.1 200 OK"
2025-12-21 18:29:46,107 - httpx - INFO - HTTP Request: POST https://api.telegram.org/bot8476521610:AAFKJ_XrFUB5-reI1OjwvQ4vAPimyVMai3I/getUpdates "HTTP/1.1 200 OK"
2025-12-21 18:29:56,309 - httpx - INFO - HTTP Request: POST https://api.telegram.org/bot8476521610:AAFKJ_XrFUB5-reI1OjwvQ4vAPimyVMai3I/getUpdates "HTTP/1.1 200 OK"
2025-12-21 18:30:06,508 - httpx - INFO - HTTP Request: POST https://api.telegram.org/bot8476521610:AAFKJ_XrFUB5-reI1OjwvQ4vAPimyVMai3I/getUpdates "HTTP/1.1 200 OK"
2025-12-21 18:30:16,706 - httpx - INFO - HTTP Request: POST https://api.telegram.org/bot8476521610:AAFKJ_XrFUB5-reI1OjwvQ4vAPimyVMai3I/getUpdates "HTTP/1.1 200 OK"
2025-12-21 18:30:26,902 - httpx - INFO - HTTP Request: POST https://api.telegram.org/bot8476521610:AAFKJ_XrFUB5-reI1OjwvQ4vAPimyVMai3I/getUpdates "HTTP/1.1 200 OK"
2025-12-21 18:30:37,101 - httpx - INFO - HTTP Request: POST https://api.telegram.org/bot8476521610:AAFKJ_XrFUB5-reI1OjwvQ4vAPimyVMai3I/getUpdates "HTTP/1.1 200 OK"
2025-12-21 18:30:47,301 - httpx - INFO - HTTP Request: POST https://api.telegram.org/bot8476521610:AAFKJ_XrFUB5-reI1OjwvQ4vAPimyVMai3I/getUpdates "HTTP/1.1 200 OK"
2025-12-21 18:30:57,500 - httpx - INFO - HTTP Request: POST https://api.telegram.org/bot8476521610:AAFKJ_XrFUB5-reI1OjwvQ4vAPimyVMai3I/getUpdates "HTTP/1.1 200 OK"
2025-12-21 18:31:07,701 - httpx - INFO - HTTP Request: POST https://api.telegram.org/bot8476521610:AAFKJ_XrFUB5-reI1OjwvQ4vAPimyVMai3I/getUpdates "HTTP/1.1 200 OK"
2025-12-21 18:31:17,900 - httpx - INFO - HTTP Request: POST https://api.telegram.org/bot8476521610:AAFKJ_XrFUB5-reI1OjwvQ4vAPimyVMai3I/getUpdates "HTTP/1.1 200 OK"
2025-12-21 18:31:28,101 - httpx - INFO - HTTP Request: POST https://api.telegram.org/bot8476521610:AAFKJ_XrFUB5-reI1OjwvQ4vAPimyVMai3I/getUpdates "HTTP/1.1 200 OK"
2025-12-21 18:31:38,302 - httpx - INFO - HTTP Request: POST https://api.telegram.org/bot8476521610:AAFKJ_XrFUB5-reI1OjwvQ4vAPimyVMai3I/getUpdates "HTTP/1.1 200 OK"
2025-12-21 18:31:48,501 - httpx - INFO - HTTP Request: POST https://api.telegram.org/bot8476521610:AAFKJ_XrFUB5-reI1OjwvQ4vAPimyVMai3I/getUpdates "HTTP/1.1 200 OK"
2025-12-21 18:31:58,700 - httpx - INFO - HTTP Request: POST https://api.telegram.org/bot8476521610:AAFKJ_XrFUB5-reI1OjwvQ4vAPimyVMai3I/getUpdates "HTTP/1.1 200 OK"
2025-12-21 18:32:08,896 - httpx - INFO - HTTP Request: POST https://api.telegram.org/bot8476521610:AAFKJ_XrFUB5-reI1OjwvQ4vAPimyVMai3I/getUpdates "HTTP/1.1 200 OK"
2025-12-21 18:32:19,095 - httpx - INFO - HTTP Request: POST https://api.telegram.org/bot8476521610:AAFKJ_XrFUB5-reI1OjwvQ4vAPimyVMai3I/getUpdates "HTTP/1.1 200 OK"
2025-12-21 18:32:29,296 - httpx - INFO - HTTP Request: POST https://api.telegram.org/bot8476521610:AAFKJ_XrFUB5-reI1OjwvQ4vAPimyVMai3I/getUpdates "HTTP/1.1 200 OK"
2025-12-21 18:32:39,495 - httpx - INFO - HTTP Request: POST https://api.telegram.org/bot8476521610:AAFKJ_XrFUB5-reI1OjwvQ4vAPimyVMai3I/getUpdates "HTTP/1.1 200 OK"
2025-12-21 18:32:49,736 - httpx - INFO - HTTP Request: POST https://api.telegram.org/bot8476521610:AAFKJ_XrFUB5-reI1OjwvQ4vAPimyVMai3I/getUpdates "HTTP/1.1 200 OK"
2025-12-21 18:32:59,936 - httpx - INFO - HTTP Request: POST https://api.telegram.org/bot8476521610:AAFKJ_XrFUB5-reI1OjwvQ4vAPimyVMai3I/getUpdates "HTTP/1.1 200 OK"
2025-12-21 18:33:10,134 - httpx - INFO - HTTP Request: POST https://api.telegram.org/bot8476521610:AAFKJ_XrFUB5-reI1OjwvQ4vAPimyVMai3I/getUpdates "HTTP/1.1 200 OK"
2025-12-21 18:33:20,333 - httpx - INFO - HTTP Request: POST https://api.telegram.org/bot8476521610:AAFKJ_XrFUB5-reI1OjwvQ4vAPimyVMai3I/getUpdates "HTTP/1.1 200 OK"
2025-12-21 18:33:30,531 - httpx - INFO - HTTP Request: POST https://api.telegram.org/bot8476521610:AAFKJ_XrFUB5-reI1OjwvQ4vAPimyVMai3I/getUpdates "HTTP/1.1 200 OK"
2025-12-21 18:33:40,733 - httpx - INFO - HTTP Request: POST https://api.telegram.org/bot8476521610:AAFKJ_XrFUB5-reI1OjwvQ4vAPimyVMai3I/getUpdates "HTTP/1.1 200 OK"
2025-12-21 18:33:50,933 - httpx - INFO - HTTP Request: POST https://api.telegram.org/bot8476521610:AAFKJ_XrFUB5-reI1OjwvQ4vAPimyVMai3I/getUpdates "HTTP/1.1 200 OK"
2025-12-21 18:34:01,131 - httpx - INFO - HTTP Request: POST https://api.telegram.org/bot8476521610:AAFKJ_XrFUB5-reI1OjwvQ4vAPimyVMai3I/getUpdates "HTTP/1.1 200 OK"
2025-12-21 18:34:11,330 - httpx - INFO - HTTP Request: POST https://api.telegram.org/bot8476521610:AAFKJ_XrFUB5-reI1OjwvQ4vAPimyVMai3I/getUpdates "HTTP/1.1 200 OK"
2025-12-21 18:34:21,527 - httpx - INFO - HTTP Request: POST https://api.telegram.org/bot8476521610:AAFKJ_XrFUB5-reI1OjwvQ4vAPimyVMai3I/getUpdates "HTTP/1.1 200 OK"
2025-12-21 18:34:31,726 - httpx - INFO - HTTP Request: POST https://api.telegram.org/bot8476521610:AAFKJ_XrFUB5-reI1OjwvQ4vAPimyVMai3I/getUpdates "HTTP/1.1 200 OK"
2025-12-21 18:34:41,925 - httpx - INFO - HTTP Request: POST https://api.telegram.org/bot8476521610:AAFKJ_XrFUB5-reI1OjwvQ4vAPimyVMai3I/getUpdates "HTTP/1.1 200 OK"
2025-12-21 18:34:52,129 - httpx - INFO - HTTP Request: POST https://api.telegram.org/bot8476521610:AAFKJ_XrFUB5-reI1OjwvQ4vAPimyVMai3I/getUpdates "HTTP/1.1 200 OK"
2025-12-21 18:35:02,329 - httpx - INFO - HTTP Request: POST https://api.telegram.org/bot8476521610:AAFKJ_XrFUB5-reI1OjwvQ4vAPimyVMai3I/getUpdates "HTTP/1.1 200 OK"
2025-12-21 18:35:12,526 - httpx - INFO - HTTP Request: POST https://api.telegram.org/bot8476521610:AAFKJ_XrFUB5-reI1OjwvQ4vAPimyVMai3I/getUpdates "HTTP/1.1 200 OK"
2025-12-21 18:35:22,721 - httpx - INFO - HTTP Request: POST https://api.telegram.org/bot8476521610:AAFKJ_XrFUB5-reI1OjwvQ4vAPimyVMai3I/getUpdates "HTTP/1.1 200 OK"
2025-12-21 18:35:32,919 - httpx - INFO - HTTP Request: POST https://api.telegram.org/bot8476521610:AAFKJ_XrFUB5-reI1OjwvQ4vAPimyVMai3I/getUpdates "HTTP/1.1 200 OK"
2025-12-21 18:35:43,118 - httpx - INFO - HTTP Request: POST https://api.telegram.org/bot8476521610:AAFKJ_XrFUB5-reI1OjwvQ4vAPimyVMai3I/getUpdates "HTTP/1.1 200 OK"
2025-12-21 18:35:53,317 - httpx - INFO - HTTP Request: POST https://api.telegram.org/bot8476521610:AAFKJ_XrFUB5-reI1OjwvQ4vAPimyVMai3I/getUpdates "HTTP/1.1 200 OK"
2025-12-21 18:36:03,512 - httpx - INFO - HTTP Request: POST https://api.telegram.org/bot8476521610:AAFKJ_XrFUB5-reI1OjwvQ4vAPimyVMai3I/getUpdates "HTTP/1.1 200 OK"
2025-12-21 18:36:13,712 - httpx - INFO - HTTP Request: POST https://api.telegram.org/bot8476521610:AAFKJ_XrFUB5-reI1OjwvQ4vAPimyVMai3I/getUpdates "HTTP/1.1 200 OK"
2025-12-21 18:36:23,909 - httpx - INFO - HTTP Request: POST https://api.telegram.org/bot8476521610:AAFKJ_XrFUB5-reI1OjwvQ4vAPimyVMai3I/getUpdates "HTTP/1.1 200 OK"
2025-12-21 18:36:34,110 - httpx - INFO - HTTP Request: POST https://api.telegram.org/bot8476521610:AAFKJ_XrFUB5-reI1OjwvQ4vAPimyVMai3I/getUpdates "HTTP/1.1 200 OK"
2025-12-21 18:36:44,309 - httpx - INFO - HTTP Request: POST https://api.telegram.org/bot8476521610:AAFKJ_XrFUB5-reI1OjwvQ4vAPimyVMai3I/getUpdates "HTTP/1.1 200 OK"
2025-12-21 18:36:54,509 - httpx - INFO - HTTP Request: POST https://api.telegram.org/bot8476521610:AAFKJ_XrFUB5-reI1OjwvQ4vAPimyVMai3I/getUpdates "HTTP/1.1 200 OK"
2025-12-21 18:37:04,708 - httpx - INFO - HTTP Request: POST https://api.telegram.org/bot8476521610:AAFKJ_XrFUB5-reI1OjwvQ4vAPimyVMai3I/getUpdates "HTTP/1.1 200 OK"
2025-12-21 18:37:14,908 - httpx - INFO - HTTP Request: POST https://api.telegram.org/bot8476521610:AAFKJ_XrFUB5-reI1OjwvQ4vAPimyVMai3I/getUpdates "HTTP/1.1 200 OK"
2025-12-21 18:37:25,106 - httpx - INFO - HTTP Request: POST https://api.telegram.org/bot8476521610:AAFKJ_XrFUB5-reI1OjwvQ4vAPimyVMai3I/getUpdates "HTTP/1.1 200 OK"
2025-12-21 18:37:35,303 - httpx - INFO - HTTP Request: POST https://api.telegram.org/bot8476521610:AAFKJ_XrFUB5-reI1OjwvQ4vAPimyVMai3I/getUpdates "HTTP/1.1 200 OK"
2025-12-21 18:37:45,502 - httpx - INFO - HTTP Request: POST https://api.telegram.org/bot8476521610:AAFKJ_XrFUB5-reI1OjwvQ4vAPimyVMai3I/getUpdates "HTTP/1.1 200 OK"
2025-12-21 18:37:55,702 - httpx - INFO - HTTP Request: POST https://api.telegram.org/bot8476521610:AAFKJ_XrFUB5-reI1OjwvQ4vAPimyVMai3I/getUpdates "HTTP/1.1 200 OK"
2025-12-21 18:38:05,900 - httpx - INFO - HTTP Request: POST https://api.telegram.org/bot8476521610:AAFKJ_XrFUB5-reI1OjwvQ4vAPimyVMai3I/getUpdates "HTTP/1.1 200 OK"
2025-12-21 18:38:16,099 - httpx - INFO - HTTP Request: POST https://api.telegram.org/bot8476521610:AAFKJ_XrFUB5-reI1OjwvQ4vAPimyVMai3I/getUpdates "HTTP/1.1 200 OK"
2025-12-21 18:38:26,298 - httpx - INFO - HTTP Request: POST https://api.telegram.org/bot8476521610:AAFKJ_XrFUB5-reI1OjwvQ4vAPimyVMai3I/getUpdates "HTTP/1.1 200 OK"
2025-12-21 18:38:36,496 - httpx - INFO - HTTP Request: POST https://api.telegram.org/bot8476521610:AAFKJ_XrFUB5-reI1OjwvQ4vAPimyVMai3I/getUpdates "HTTP/1.1 200 OK"
2025-12-21 18:38:46,696 - httpx - INFO - HTTP Request: POST https://api.telegram.org/bot8476521610:AAFKJ_XrFUB5-reI1OjwvQ4vAPimyVMai3I/getUpdates "HTTP/1.1 200 OK"
2025-12-21 18:38:56,897 - httpx - INFO - HTTP Request: POST https://api.telegram.org/bot8476521610:AAFKJ_XrFUB5-reI1OjwvQ4vAPimyVMai3I/getUpdates "HTTP/1.1 200 OK"
2025-12-21 18:39:07,096 - httpx - INFO - HTTP Request: POST https://api.telegram.org/bot8476521610:AAFKJ_XrFUB5-reI1OjwvQ4vAPimyVMai3I/getUpdates "HTTP/1.1 200 OK"
2025-12-21 18:39:17,297 - httpx - INFO - HTTP Request: POST https://api.telegram.org/bot8476521610:AAFKJ_XrFUB5-reI1OjwvQ4vAPimyVMai3I/getUpdates "HTTP/1.1 200 OK"
2025-12-21 18:39:27,498 - httpx - INFO - HTTP Request: POST https://api.telegram.org/bot8476521610:AAFKJ_XrFUB5-reI1OjwvQ4vAPimyVMai3I/getUpdates "HTTP/1.1 200 OK"
2025-12-21 18:39:37,697 - httpx - INFO - HTTP Request: POST https://api.telegram.org/bot8476521610:AAFKJ_XrFUB5-reI1OjwvQ4vAPimyVMai3I/getUpdates "HTTP/1.1 200 OK"
2025-12-21 18:39:47,897 - httpx - INFO - HTTP Request: POST https://api.telegram.org/bot8476521610:AAFKJ_XrFUB5-reI1OjwvQ4vAPimyVMai3I/getUpdates "HTTP/1.1 200 OK"
2025-12-21 18:39:58,094 - httpx - INFO - HTTP Request: POST https://api.telegram.org/bot8476521610:AAFKJ_XrFUB5-reI1OjwvQ4vAPimyVMai3I/getUpdates "HTTP/1.1 200 OK"
2025-12-21 18:40:08,290 - httpx - INFO - HTTP Request: POST https://api.telegram.org/bot8476521610:AAFKJ_XrFUB5-reI1OjwvQ4vAPimyVMai3I/getUpdates "HTTP/1.1 200 OK"
2025-12-21 18:40:18,488 - httpx - INFO - HTTP Request: POST https://api.telegram.org/bot8476521610:AAFKJ_XrFUB5-reI1OjwvQ4vAPimyVMai3I/getUpdates "HTTP/1.1 200 OK"
2025-12-21 18:40:28,688 - httpx - INFO - HTTP Request: POST https://api.telegram.org/bot8476521610:AAFKJ_XrFUB5-reI1OjwvQ4vAPimyVMai3I/getUpdates "HTTP/1.1 200 OK"
2025-12-21 18:40:38,885 - httpx - INFO - HTTP Request: POST https://api.telegram.org/bot8476521610:AAFKJ_XrFUB5-reI1OjwvQ4vAPimyVMai3I/getUpdates "HTTP/1.1 200 OK"
2025-12-21 18:40:49,085 - httpx - INFO - HTTP Request: POST https://api.telegram.org/bot8476521610:AAFKJ_XrFUB5-reI1OjwvQ4vAPimyVMai3I/getUpdates "HTTP/1.1 200 OK"
2025-12-21 18:40:59,283 - httpx - INFO - HTTP Request: POST https://api.telegram.org/bot8476521610:AAFKJ_XrFUB5-reI1OjwvQ4vAPimyVMai3I/getUpdates "HTTP/1.1 200 OK"
2025-12-21 18:41:09,482 - httpx - INFO - HTTP Request: POST https://api.telegram.org/bot8476521610:AAFKJ_XrFUB5-reI1OjwvQ4vAPimyVMai3I/getUpdates "HTTP/1.1 200 OK"
2025-12-21 18:41:19,680 - httpx - INFO - HTTP Request: POST https://api.telegram.org/bot8476521610:AAFKJ_XrFUB5-reI1OjwvQ4vAPimyVMai3I/getUpdates "HTTP/1.1 200 OK"
2025-12-21 18:41:29,881 - httpx - INFO - HTTP Request: POST https://api.telegram.org/bot8476521610:AAFKJ_XrFUB5-reI1OjwvQ4vAPimyVMai3I/getUpdates "HTTP/1.1 200 OK"
2025-12-21 18:41:40,079 - httpx - INFO - HTTP Request: POST https://api.telegram.org/bot8476521610:AAFKJ_XrFUB5-reI1OjwvQ4vAPimyVMai3I/getUpdates "HTTP/1.1 200 OK"
2025-12-21 18:41:50,283 - httpx - INFO - HTTP Request: POST https://api.telegram.org/bot8476521610:AAFKJ_XrFUB5-reI1OjwvQ4vAPimyVMai3I/getUpdates "HTTP/1.1 200 OK"
2025-12-21 18:42:00,483 - httpx - INFO - HTTP Request: POST https://api.telegram.org/bot8476521610:AAFKJ_XrFUB5-reI1OjwvQ4vAPimyVMai3I/getUpdates "HTTP/1.1 200 OK"
2025-12-21 18:42:10,683 - httpx - INFO - HTTP Request: POST https://api.telegram.org/bot8476521610:AAFKJ_XrFUB5-reI1OjwvQ4vAPimyVMai3I/getUpdates "HTTP/1.1 200 OK"
2025-12-21 18:42:20,881 - httpx - INFO - HTTP Request: POST https://api.telegram.org/bot8476521610:AAFKJ_XrFUB5-reI1OjwvQ4vAPimyVMai3I/getUpdates "HTTP/1.1 200 OK"
2025-12-21 18:42:31,079 - httpx - INFO - HTTP Request: POST https://api.telegram.org/bot8476521610:AAFKJ_XrFUB5-reI1OjwvQ4vAPimyVMai3I/getUpdates "HTTP/1.1 200 OK"
2025-12-21 18:42:41,697 - httpx - INFO - HTTP Request: POST https://api.telegram.org/bot8476521610:AAFKJ_XrFUB5-reI1OjwvQ4vAPimyVMai3I/getUpdates "HTTP/1.1 200 OK"
2025-12-21 18:42:51,904 - httpx - INFO - HTTP Request: POST https://api.telegram.org/bot8476521610:AAFKJ_XrFUB5-reI1OjwvQ4vAPimyVMai3I/getUpdates "HTTP/1.1 200 OK"
2025-12-21 18:43:02,112 - httpx - INFO - HTTP Request: POST https://api.telegram.org/bot8476521610:AAFKJ_XrFUB5-reI1OjwvQ4vAPimyVMai3I/getUpdates "HTTP/1.1 200 OK"
2025-12-21 18:43:12,321 - httpx - INFO - HTTP Request: POST https://api.telegram.org/bot8476521610:AAFKJ_XrFUB5-reI1OjwvQ4vAPimyVMai3I/getUpdates "HTTP/1.1 200 OK"
2025-12-21 18:43:22,530 - httpx - INFO - HTTP Request: POST https://api.telegram.org/bot8476521610:AAFKJ_XrFUB5-reI1OjwvQ4vAPimyVMai3I/getUpdates "HTTP/1.1 200 OK"
2025-12-21 18:43:32,737 - httpx - INFO - HTTP Request: POST https://api.telegram.org/bot8476521610:AAFKJ_XrFUB5-reI1OjwvQ4vAPimyVMai3I/getUpdates "HTTP/1.1 200 OK"
2025-12-21 18:43:42,947 - httpx - INFO - HTTP Request: POST https://api.telegram.org/bot8476521610:AAFKJ_XrFUB5-reI1OjwvQ4vAPimyVMai3I/getUpdates "HTTP/1.1 200 OK"
2025-12-21 18:43:53,155 - httpx - INFO - HTTP Request: POST https://api.telegram.org/bot8476521610:AAFKJ_XrFUB5-reI1OjwvQ4vAPimyVMai3I/getUpdates "HTTP/1.1 200 OK"
2025-12-21 18:44:03,361 - httpx - INFO - HTTP Request: POST https://api.telegram.org/bot8476521610:AAFKJ_XrFUB5-reI1OjwvQ4vAPimyVMai3I/getUpdates "HTTP/1.1 200 OK"
2025-12-21 18:44:13,572 - httpx - INFO - HTTP Request: POST https://api.telegram.org/bot8476521610:AAFKJ_XrFUB5-reI1OjwvQ4vAPimyVMai3I/getUpdates "HTTP/1.1 200 OK"
2025-12-21 18:44:23,780 - httpx - INFO - HTTP Request: POST https://api.telegram.org/bot8476521610:AAFKJ_XrFUB5-reI1OjwvQ4vAPimyVMai3I/getUpdates "HTTP/1.1 200 OK"
2025-12-21 18:44:33,990 - httpx - INFO - HTTP Request: POST https://api.telegram.org/bot8476521610:AAFKJ_XrFUB5-reI1OjwvQ4vAPimyVMai3I/getUpdates "HTTP/1.1 200 OK"
2025-12-21 18:44:44,200 - httpx - INFO - HTTP Request: POST https://api.telegram.org/bot8476521610:AAFKJ_XrFUB5-reI1OjwvQ4vAPimyVMai3I/getUpdates "HTTP/1.1 200 OK"
2025-12-21 18:44:54,409 - httpx - INFO - HTTP Request: POST https://api.telegram.org/bot8476521610:AAFKJ_XrFUB5-reI1OjwvQ4vAPimyVMai3I/getUpdates "HTTP/1.1 200 OK"
2025-12-21 18:45:04,618 - httpx - INFO - HTTP Request: POST https://api.telegram.org/bot8476521610:AAFKJ_XrFUB5-reI1OjwvQ4vAPimyVMai3I/getUpdates "HTTP/1.1 200 OK"
2025-12-21 18:45:14,826 - httpx - INFO - HTTP Request: POST https://api.telegram.org/bot8476521610:AAFKJ_XrFUB5-reI1OjwvQ4vAPimyVMai3I/getUpdates "HTTP/1.1 200 OK"
2025-12-21 18:45:25,034 - httpx - INFO - HTTP Request: POST https://api.telegram.org/bot8476521610:AAFKJ_XrFUB5-reI1OjwvQ4vAPimyVMai3I/getUpdates "HTTP/1.1 200 OK"
2025-12-21 18:45:35,256 - httpx - INFO - HTTP Request: POST https://api.telegram.org/bot8476521610:AAFKJ_XrFUB5-reI1OjwvQ4vAPimyVMai3I/getUpdates "HTTP/1.1 200 OK"
2025-12-21 18:45:45,461 - httpx - INFO - HTTP Request: POST https://api.telegram.org/bot8476521610:AAFKJ_XrFUB5-reI1OjwvQ4vAPimyVMai3I/getUpdates "HTTP/1.1 200 OK"
2025-12-21 18:45:55,670 - httpx - INFO - HTTP Request: POST https://api.telegram.org/bot8476521610:AAFKJ_XrFUB5-reI1OjwvQ4vAPimyVMai3I/getUpdates "HTTP/1.1 200 OK"
2025-12-21 18:46:05,878 - httpx - INFO - HTTP Request: POST https://api.telegram.org/bot8476521610:AAFKJ_XrFUB5-reI1OjwvQ4vAPimyVMai3I/getUpdates "HTTP/1.1 200 OK"
2025-12-21 18:46:16,087 - httpx - INFO - HTTP Request: POST https://api.telegram.org/bot8476521610:AAFKJ_XrFUB5-reI1OjwvQ4vAPimyVMai3I/getUpdates "HTTP/1.1 200 OK"
2025-12-21 18:46:26,295 - httpx - INFO - HTTP Request: POST https://api.telegram.org/bot8476521610:AAFKJ_XrFUB5-reI1OjwvQ4vAPimyVMai3I/getUpdates "HTTP/1.1 200 OK"
2025-12-21 18:46:36,507 - httpx - INFO - HTTP Request: POST https://api.telegram.org/bot8476521610:AAFKJ_XrFUB5-reI1OjwvQ4vAPimyVMai3I/getUpdates "HTTP/1.1 200 OK"
2025-12-21 18:46:46,716 - httpx - INFO - HTTP Request: POST https://api.telegram.org/bot8476521610:AAFKJ_XrFUB5-reI1OjwvQ4vAPimyVMai3I/getUpdates "HTTP/1.1 200 OK"
2025-12-21 18:46:56,924 - httpx - INFO - HTTP Request: POST https://api.telegram.org/bot8476521610:AAFKJ_XrFUB5-reI1OjwvQ4vAPimyVMai3I/getUpdates "HTTP/1.1 200 OK"
2025-12-21 18:47:07,131 - httpx - INFO - HTTP Request: POST https://api.telegram.org/bot8476521610:AAFKJ_XrFUB5-reI1OjwvQ4vAPimyVMai3I/getUpdates "HTTP/1.1 200 OK"
2025-12-21 18:47:17,341 - httpx - INFO - HTTP Request: POST https://api.telegram.org/bot8476521610:AAFKJ_XrFUB5-reI1OjwvQ4vAPimyVMai3I/getUpdates "HTTP/1.1 200 OK"
2025-12-21 18:47:27,550 - httpx - INFO - HTTP Request: POST https://api.telegram.org/bot8476521610:AAFKJ_XrFUB5-reI1OjwvQ4vAPimyVMai3I/getUpdates "HTTP/1.1 200 OK"
2025-12-21 18:47:37,759 - httpx - INFO - HTTP Request: POST https://api.telegram.org/bot8476521610:AAFKJ_XrFUB5-reI1OjwvQ4vAPimyVMai3I/getUpdates "HTTP/1.1 200 OK"
2025-12-21 18:47:47,968 - httpx - INFO - HTTP Request: POST https://api.telegram.org/bot8476521610:AAFKJ_XrFUB5-reI1OjwvQ4vAPimyVMai3I/getUpdates "HTTP/1.1 200 OK"
2025-12-21 18:47:58,182 - httpx - INFO - HTTP Request: POST https://api.telegram.org/bot8476521610:AAFKJ_XrFUB5-reI1OjwvQ4vAPimyVMai3I/getUpdates "HTTP/1.1 200 OK"
2025-12-21 18:48:08,389 - httpx - INFO - HTTP Request: POST https://api.telegram.org/bot8476521610:AAFKJ_XrFUB5-reI1OjwvQ4vAPimyVMai3I/getUpdates "HTTP/1.1 200 OK"
2025-12-21 18:48:18,597 - httpx - INFO - HTTP Request: POST https://api.telegram.org/bot8476521610:AAFKJ_XrFUB5-reI1OjwvQ4vAPimyVMai3I/getUpdates "HTTP/1.1 200 OK"
2025-12-21 18:48:28,806 - httpx - INFO - HTTP Request: POST https://api.telegram.org/bot8476521610:AAFKJ_XrFUB5-reI1OjwvQ4vAPimyVMai3I/getUpdates "HTTP/1.1 200 OK"
2025-12-21 18:48:39,016 - httpx - INFO - HTTP Request: POST https://api.telegram.org/bot8476521610:AAFKJ_XrFUB5-reI1OjwvQ4vAPimyVMai3I/getUpdates "HTTP/1.1 200 OK"
2025-12-21 18:48:49,224 - httpx - INFO - HTTP Request: POST https://api.telegram.org/bot8476521610:AAFKJ_XrFUB5-reI1OjwvQ4vAPimyVMai3I/getUpdates "HTTP/1.1 200 OK"
2025-12-21 18:48:59,427 - httpx - INFO - HTTP Request: POST https://api.telegram.org/bot8476521610:AAFKJ_XrFUB5-reI1OjwvQ4vAPimyVMai3I/getUpdates "HTTP/1.1 200 OK"
2025-12-21 18:49:09,635 - httpx - INFO - HTTP Request: POST https://api.telegram.org/bot8476521610:AAFKJ_XrFUB5-reI1OjwvQ4vAPimyVMai3I/getUpdates "HTTP/1.1 200 OK"
2025-12-21 18:49:19,845 - httpx - INFO - HTTP Request: POST https://api.telegram.org/bot8476521610:AAFKJ_XrFUB5-reI1OjwvQ4vAPimyVMai3I/getUpdates "HTTP/1.1 200 OK"
2025-12-21 18:49:30,053 - httpx - INFO - HTTP Request: POST https://api.telegram.org/bot8476521610:AAFKJ_XrFUB5-reI1OjwvQ4vAPimyVMai3I/getUpdates "HTTP/1.1 200 OK"
2025-12-21 18:49:40,261 - httpx - INFO - HTTP Request: POST https://api.telegram.org/bot8476521610:AAFKJ_XrFUB5-reI1OjwvQ4vAPimyVMai3I/getUpdates "HTTP/1.1 200 OK"
2025-12-21 18:49:50,473 - httpx - INFO - HTTP Request: POST https://api.telegram.org/bot8476521610:AAFKJ_XrFUB5-reI1OjwvQ4vAPimyVMai3I/getUpdates "HTTP/1.1 200 OK"
2025-12-21 18:50:00,677 - httpx - INFO - HTTP Request: POST https://api.telegram.org/bot8476521610:AAFKJ_XrFUB5-reI1OjwvQ4vAPimyVMai3I/getUpdates "HTTP/1.1 200 OK"
2025-12-21 18:50:10,900 - httpx - INFO - HTTP Request: POST https://api.telegram.org/bot8476521610:AAFKJ_XrFUB5-reI1OjwvQ4vAPimyVMai3I/getUpdates "HTTP/1.1 200 OK"
2025-12-21 18:50:21,117 - httpx - INFO - HTTP Request: POST https://api.telegram.org/bot8476521610:AAFKJ_XrFUB5-reI1OjwvQ4vAPimyVMai3I/getUpdates "HTTP/1.1 200 OK"
2025-12-21 18:50:31,324 - httpx - INFO - HTTP Request: POST https://api.telegram.org/bot8476521610:AAFKJ_XrFUB5-reI1OjwvQ4vAPimyVMai3I/getUpdates "HTTP/1.1 200 OK"
2025-12-21 18:50:41,532 - httpx - INFO - HTTP Request: POST https://api.telegram.org/bot8476521610:AAFKJ_XrFUB5-reI1OjwvQ4vAPimyVMai3I/getUpdates "HTTP/1.1 200 OK"
2025-12-21 18:50:51,741 - httpx - INFO - HTTP Request: POST https://api.telegram.org/bot8476521610:AAFKJ_XrFUB5-reI1OjwvQ4vAPimyVMai3I/getUpdates "HTTP/1.1 200 OK"
2025-12-21 18:51:01,949 - httpx - INFO - HTTP Request: POST https://api.telegram.org/bot8476521610:AAFKJ_XrFUB5-reI1OjwvQ4vAPimyVMai3I/getUpdates "HTTP/1.1 200 OK"
2025-12-21 18:51:12,165 - httpx - INFO - HTTP Request: POST https://api.telegram.org/bot8476521610:AAFKJ_XrFUB5-reI1OjwvQ4vAPimyVMai3I/getUpdates "HTTP/1.1 200 OK"
2025-12-21 18:51:22,373 - httpx - INFO - HTTP Request: POST https://api.telegram.org/bot8476521610:AAFKJ_XrFUB5-reI1OjwvQ4vAPimyVMai3I/getUpdates "HTTP/1.1 200 OK"
2025-12-21 18:51:32,582 - httpx - INFO - HTTP Request: POST https://api.telegram.org/bot8476521610:AAFKJ_XrFUB5-reI1OjwvQ4vAPimyVMai3I/getUpdates "HTTP/1.1 200 OK"
2025-12-21 18:51:42,789 - httpx - INFO - HTTP Request: POST https://api.telegram.org/bot8476521610:AAFKJ_XrFUB5-reI1OjwvQ4vAPimyVMai3I/getUpdates "HTTP/1.1 200 OK"
2025-12-21 18:51:52,998 - httpx - INFO - HTTP Request: POST https://api.telegram.org/bot8476521610:AAFKJ_XrFUB5-reI1OjwvQ4vAPimyVMai3I/getUpdates "HTTP/1.1 200 OK"
2025-12-21 18:52:03,206 - httpx - INFO - HTTP Request: POST https://api.telegram.org/bot8476521610:AAFKJ_XrFUB5-reI1OjwvQ4vAPimyVMai3I/getUpdates "HTTP/1.1 200 OK"
2025-12-21 18:52:13,413 - httpx - INFO - HTTP Request: POST https://api.telegram.org/bot8476521610:AAFKJ_XrFUB5-reI1OjwvQ4vAPimyVMai3I/getUpdates "HTTP/1.1 200 OK"
2025-12-21 18:52:23,623 - httpx - INFO - HTTP Request: POST https://api.telegram.org/bot8476521610:AAFKJ_XrFUB5-reI1OjwvQ4vAPimyVMai3I/getUpdates "HTTP/1.1 200 OK"
2025-12-21 18:52:33,835 - httpx - INFO - HTTP Request: POST https://api.telegram.org/bot8476521610:AAFKJ_XrFUB5-reI1OjwvQ4vAPimyVMai3I/getUpdates "HTTP/1.1 200 OK"
2025-12-21 18:52:44,044 - httpx - INFO - HTTP Request: POST https://api.telegram.org/bot8476521610:AAFKJ_XrFUB5-reI1OjwvQ4vAPimyVMai3I/getUpdates "HTTP/1.1 200 OK"
2025-12-21 18:52:54,252 - httpx - INFO - HTTP Request: POST https://api.telegram.org/bot8476521610:AAFKJ_XrFUB5-reI1OjwvQ4vAPimyVMai3I/getUpdates "HTTP/1.1 200 OK"
2025-12-21 18:53:04,458 - httpx - INFO - HTTP Request: POST https://api.telegram.org/bot8476521610:AAFKJ_XrFUB5-reI1OjwvQ4vAPimyVMai3I/getUpdates "HTTP/1.1 200 OK"
2025-12-21 18:53:14,678 - httpx - INFO - HTTP Request: POST https://api.telegram.org/bot8476521610:AAFKJ_XrFUB5-reI1OjwvQ4vAPimyVMai3I/getUpdates "HTTP/1.1 200 OK"
2025-12-21 18:53:24,885 - httpx - INFO - HTTP Request: POST https://api.telegram.org/bot8476521610:AAFKJ_XrFUB5-reI1OjwvQ4vAPimyVMai3I/getUpdates "HTTP/1.1 200 OK"
2025-12-21 18:53:35,093 - httpx - INFO - HTTP Request: POST https://api.telegram.org/bot8476521610:AAFKJ_XrFUB5-reI1OjwvQ4vAPimyVMai3I/getUpdates "HTTP/1.1 200 OK"
2025-12-21 18:53:45,302 - httpx - INFO - HTTP Request: POST https://api.telegram.org/bot8476521610:AAFKJ_XrFUB5-reI1OjwvQ4vAPimyVMai3I/getUpdates "HTTP/1.1 200 OK"
2025-12-21 18:53:55,510 - httpx - INFO - HTTP Request: POST https://api.telegram.org/bot8476521610:AAFKJ_XrFUB5-reI1OjwvQ4vAPimyVMai3I/getUpdates "HTTP/1.1 200 OK"
2025-12-21 18:54:05,719 - httpx - INFO - HTTP Request: POST https://api.telegram.org/bot8476521610:AAFKJ_XrFUB5-reI1OjwvQ4vAPimyVMai3I/getUpdates "HTTP/1.1 200 OK"
2025-12-21 18:54:15,927 - httpx - INFO - HTTP Request: POST https://api.telegram.org/bot8476521610:AAFKJ_XrFUB5-reI1OjwvQ4vAPimyVMai3I/getUpdates "HTTP/1.1 200 OK"
2025-12-21 18:54:26,137 - httpx - INFO - HTTP Request: POST https://api.telegram.org/bot8476521610:AAFKJ_XrFUB5-reI1OjwvQ4vAPimyVMai3I/getUpdates "HTTP/1.1 200 OK"
2025-12-21 18:54:36,347 - httpx - INFO - HTTP Request: POST https://api.telegram.org/bot8476521610:AAFKJ_XrFUB5-reI1OjwvQ4vAPimyVMai3I/getUpdates "HTTP/1.1 200 OK"
2025-12-21 18:54:46,555 - httpx - INFO - HTTP Request: POST https://api.telegram.org/bot8476521610:AAFKJ_XrFUB5-reI1OjwvQ4vAPimyVMai3I/getUpdates "HTTP/1.1 200 OK"
2025-12-21 18:54:56,762 - httpx - INFO - HTTP Request: POST https://api.telegram.org/bot8476521610:AAFKJ_XrFUB5-reI1OjwvQ4vAPimyVMai3I/getUpdates "HTTP/1.1 200 OK"
2025-12-21 18:55:06,972 - httpx - INFO - HTTP Request: POST https://api.telegram.org/bot8476521610:AAFKJ_XrFUB5-reI1OjwvQ4vAPimyVMai3I/getUpdates "HTTP/1.1 200 OK"
2025-12-21 18:55:17,180 - httpx - INFO - HTTP Request: POST https://api.telegram.org/bot8476521610:AAFKJ_XrFUB5-reI1OjwvQ4vAPimyVMai3I/getUpdates "HTTP/1.1 200 OK"
2025-12-21 18:55:27,387 - httpx - INFO - HTTP Request: POST https://api.telegram.org/bot8476521610:AAFKJ_XrFUB5-reI1OjwvQ4vAPimyVMai3I/getUpdates "HTTP/1.1 200 OK"
2025-12-21 18:55:37,590 - httpx - INFO - HTTP Request: POST https://api.telegram.org/bot8476521610:AAFKJ_XrFUB5-reI1OjwvQ4vAPimyVMai3I/getUpdates "HTTP/1.1 200 OK"
2025-12-21 18:55:47,801 - httpx - INFO - HTTP Request: POST https://api.telegram.org/bot8476521610:AAFKJ_XrFUB5-reI1OjwvQ4vAPimyVMai3I/getUpdates "HTTP/1.1 200 OK"
2025-12-21 18:55:58,017 - httpx - INFO - HTTP Request: POST https://api.telegram.org/bot8476521610:AAFKJ_XrFUB5-reI1OjwvQ4vAPimyVMai3I/getUpdates "HTTP/1.1 200 OK"
2025-12-21 18:56:08,225 - httpx - INFO - HTTP Request: POST https://api.telegram.org/bot8476521610:AAFKJ_XrFUB5-reI1OjwvQ4vAPimyVMai3I/getUpdates "HTTP/1.1 200 OK"
2025-12-21 18:56:18,436 - httpx - INFO - HTTP Request: POST https://api.telegram.org/bot8476521610:AAFKJ_XrFUB5-reI1OjwvQ4vAPimyVMai3I/getUpdates "HTTP/1.1 200 OK"
2025-12-21 18:56:28,650 - httpx - INFO - HTTP Request: POST https://api.telegram.org/bot8476521610:AAFKJ_XrFUB5-reI1OjwvQ4vAPimyVMai3I/getUpdates "HTTP/1.1 200 OK"
2025-12-21 18:56:38,861 - httpx - INFO - HTTP Request: POST https://api.telegram.org/bot8476521610:AAFKJ_XrFUB5-reI1OjwvQ4vAPimyVMai3I/getUpdates "HTTP/1.1 200 OK"
2025-12-21 18:56:49,071 - httpx - INFO - HTTP Request: POST https://api.telegram.org/bot8476521610:AAFKJ_XrFUB5-reI1OjwvQ4vAPimyVMai3I/getUpdates "HTTP/1.1 200 OK"
2025-12-21 18:56:59,280 - httpx - INFO - HTTP Request: POST https://api.telegram.org/bot8476521610:AAFKJ_XrFUB5-reI1OjwvQ4vAPimyVMai3I/getUpdates "HTTP/1.1 200 OK"
2025-12-21 18:57:09,581 - httpx - INFO - HTTP Request: POST https://api.telegram.org/bot8476521610:AAFKJ_XrFUB5-reI1OjwvQ4vAPimyVMai3I/getUpdates "HTTP/1.1 200 OK"
2025-12-21 18:58:11,371 - root - ERROR - Exception while handling an update:
Traceback (most recent call last):
  File "C:\Users\otavi\.virtualenvs\701-eBRsCayT\lib\site-packages\httpx\_transports\default.py", line 101, in map_httpcore_exceptions
    yield
  File "C:\Users\otavi\.virtualenvs\701-eBRsCayT\lib\site-packages\httpx\_transports\default.py", line 394, in handle_async_request
    resp = await self._pool.handle_async_request(req)
  File "C:\Users\otavi\.virtualenvs\701-eBRsCayT\lib\site-packages\httpcore\_async\connection_pool.py", line 256, in handle_async_request
    raise exc from None
  File "C:\Users\otavi\.virtualenvs\701-eBRsCayT\lib\site-packages\httpcore\_async\connection_pool.py", line 236, in handle_async_request
    response = await connection.handle_async_request(
  File "C:\Users\otavi\.virtualenvs\701-eBRsCayT\lib\site-packages\httpcore\_async\connection.py", line 101, in handle_async_request
    raise exc
  File "C:\Users\otavi\.virtualenvs\701-eBRsCayT\lib\site-packages\httpcore\_async\connection.py", line 78, in handle_async_request
    stream = await self._connect(request)
  File "C:\Users\otavi\.virtualenvs\701-eBRsCayT\lib\site-packages\httpcore\_async\connection.py", line 124, in _connect
    stream = await self._network_backend.connect_tcp(**kwargs)
  File "C:\Users\otavi\.virtualenvs\701-eBRsCayT\lib\site-packages\httpcore\_backends\auto.py", line 31, in connect_tcp
    return await self._backend.connect_tcp(
  File "C:\Users\otavi\.virtualenvs\701-eBRsCayT\lib\site-packages\httpcore\_backends\anyio.py", line 113, in connect_tcp
    with map_exceptions(exc_map):
  File "C:\Users\otavi\AppData\Local\Programs\Python\Python310\lib\contextlib.py", line 153, in __exit__
    self.gen.throw(typ, value, traceback)
  File "C:\Users\otavi\.virtualenvs\701-eBRsCayT\lib\site-packages\httpcore\_exceptions.py", line 14, in map_exceptions
    raise to_exc(exc) from exc
httpcore.ConnectError: [Errno 11001] getaddrinfo failed

The above exception was the direct cause of the following exception:

Traceback (most recent call last):
  File "C:\Users\otavi\.virtualenvs\701-eBRsCayT\lib\site-packages\telegram\request\_httpxrequest.py", line 279, in do_request
    res = await self._client.request(
  File "C:\Users\otavi\.virtualenvs\701-eBRsCayT\lib\site-packages\httpx\_client.py", line 1540, in request
    return await self.send(request, auth=auth, follow_redirects=follow_redirects)
  File "C:\Users\otavi\.virtualenvs\701-eBRsCayT\lib\site-packages\httpx\_client.py", line 1629, in send
    response = await self._send_handling_auth(
  File "C:\Users\otavi\.virtualenvs\701-eBRsCayT\lib\site-packages\httpx\_client.py", line 1657, in _send_handling_auth
    response = await self._send_handling_redirects(
  File "C:\Users\otavi\.virtualenvs\701-eBRsCayT\lib\site-packages\httpx\_client.py", line 1694, in _send_handling_redirects
    response = await self._send_single_request(request)
  File "C:\Users\otavi\.virtualenvs\701-eBRsCayT\lib\site-packages\httpx\_client.py", line 1730, in _send_single_request
    response = await transport.handle_async_request(request)
  File "C:\Users\otavi\.virtualenvs\701-eBRsCayT\lib\site-packages\httpx\_transports\default.py", line 393, in handle_async_request
    with map_httpcore_exceptions():
  File "C:\Users\otavi\AppData\Local\Programs\Python\Python310\lib\contextlib.py", line 153, in __exit__
    self.gen.throw(typ, value, traceback)
  File "C:\Users\otavi\.virtualenvs\701-eBRsCayT\lib\site-packages\httpx\_transports\default.py", line 118, in map_httpcore_exceptions
    raise mapped_exc(message) from exc
httpx.ConnectError: [Errno 11001] getaddrinfo failed

The above exception was the direct cause of the following exception:

Traceback (most recent call last):
  File "C:\Users\otavi\.virtualenvs\701-eBRsCayT\lib\site-packages\telegram\ext\_utils\networkloop.py", line 134, in network_retry_loop
    await do_action()
  File "C:\Users\otavi\.virtualenvs\701-eBRsCayT\lib\site-packages\telegram\ext\_utils\networkloop.py", line 127, in do_action
    action_cb_task.result()
  File "C:\Users\otavi\.virtualenvs\701-eBRsCayT\lib\site-packages\telegram\ext\_updater.py", line 340, in polling_action_cb
    updates = await self.bot.get_updates(
  File "C:\Users\otavi\.virtualenvs\701-eBRsCayT\lib\site-packages\telegram\ext\_extbot.py", line 676, in get_updates
    updates = await super().get_updates(
  File "C:\Users\otavi\.virtualenvs\701-eBRsCayT\lib\site-packages\telegram\_bot.py", line 4780, in get_updates
    await self._post(
  File "C:\Users\otavi\.virtualenvs\701-eBRsCayT\lib\site-packages\telegram\_bot.py", line 703, in _post
    return await self._do_post(
  File "C:\Users\otavi\.virtualenvs\701-eBRsCayT\lib\site-packages\telegram\ext\_extbot.py", line 372, in _do_post
    return await super()._do_post(
  File "C:\Users\otavi\.virtualenvs\701-eBRsCayT\lib\site-packages\telegram\_bot.py", line 732, in _do_post
    result = await request.post(
  File "C:\Users\otavi\.virtualenvs\701-eBRsCayT\lib\site-packages\telegram\request\_baserequest.py", line 198, in post
    result = await self._request_wrapper(
  File "C:\Users\otavi\.virtualenvs\701-eBRsCayT\lib\site-packages\telegram\request\_baserequest.py", line 305, in _request_wrapper
    code, payload = await self.do_request(
  File "C:\Users\otavi\.virtualenvs\701-eBRsCayT\lib\site-packages\telegram\request\_httpxrequest.py", line 303, in do_request
    raise NetworkError(f"httpx.{err.__class__.__name__}: {err}") from err
telegram.error.NetworkError: httpx.ConnectError: [Errno 11001] getaddrinfo failed
2025-12-21 18:58:13,003 - telegram.ext.Application - ERROR - An error was raised and an uncaught error was raised while handling the error with an error_handler.
Traceback (most recent call last):
  File "C:\Users\otavi\.virtualenvs\701-eBRsCayT\lib\site-packages\telegram\ext\_application.py", line 1929, in process_error
    await callback(update, context)
  File "C:\Users\otavi\OneDrive\Documentos\GIT\701\src\bot.py", line 108, in error_handler
    #await context.bot.send_message(chat_id=chat_id, text=message, parse_mode=ParseMode.HTML)
AttributeError: 'NoneType' object has no attribute 'effective_message'
2025-12-21 18:58:25,321 - httpx - INFO - HTTP Request: POST https://api.telegram.org/bot8476521610:AAFKJ_XrFUB5-reI1OjwvQ4vAPimyVMai3I/getUpdates "HTTP/1.1 200 OK"
2025-12-21 18:58:35,578 - httpx - INFO - HTTP Request: POST https://api.telegram.org/bot8476521610:AAFKJ_XrFUB5-reI1OjwvQ4vAPimyVMai3I/getUpdates "HTTP/1.1 200 OK"
2025-12-21 18:58:45,778 - httpx - INFO - HTTP Request: POST https://api.telegram.org/bot8476521610:AAFKJ_XrFUB5-reI1OjwvQ4vAPimyVMai3I/getUpdates "HTTP/1.1 200 OK"
2025-12-21 18:58:55,978 - httpx - INFO - HTTP Request: POST https://api.telegram.org/bot8476521610:AAFKJ_XrFUB5-reI1OjwvQ4vAPimyVMai3I/getUpdates "HTTP/1.1 200 OK"
2025-12-21 18:59:06,180 - httpx - INFO - HTTP Request: POST https://api.telegram.org/bot8476521610:AAFKJ_XrFUB5-reI1OjwvQ4vAPimyVMai3I/getUpdates "HTTP/1.1 200 OK"
2025-12-21 18:59:16,384 - httpx - INFO - HTTP Request: POST https://api.telegram.org/bot8476521610:AAFKJ_XrFUB5-reI1OjwvQ4vAPimyVMai3I/getUpdates "HTTP/1.1 200 OK"
2025-12-21 18:59:26,585 - httpx - INFO - HTTP Request: POST https://api.telegram.org/bot8476521610:AAFKJ_XrFUB5-reI1OjwvQ4vAPimyVMai3I/getUpdates "HTTP/1.1 200 OK"
2025-12-21 18:59:36,786 - httpx - INFO - HTTP Request: POST https://api.telegram.org/bot8476521610:AAFKJ_XrFUB5-reI1OjwvQ4vAPimyVMai3I/getUpdates "HTTP/1.1 200 OK"
2025-12-21 18:59:46,988 - httpx - INFO - HTTP Request: POST https://api.telegram.org/bot8476521610:AAFKJ_XrFUB5-reI1OjwvQ4vAPimyVMai3I/getUpdates "HTTP/1.1 200 OK"
2025-12-21 18:59:57,195 - httpx - INFO - HTTP Request: POST https://api.telegram.org/bot8476521610:AAFKJ_XrFUB5-reI1OjwvQ4vAPimyVMai3I/getUpdates "HTTP/1.1 200 OK"
2025-12-21 19:00:07,406 - httpx - INFO - HTTP Request: POST https://api.telegram.org/bot8476521610:AAFKJ_XrFUB5-reI1OjwvQ4vAPimyVMai3I/getUpdates "HTTP/1.1 200 OK"
2025-12-21 19:00:17,614 - httpx - INFO - HTTP Request: POST https://api.telegram.org/bot8476521610:AAFKJ_XrFUB5-reI1OjwvQ4vAPimyVMai3I/getUpdates "HTTP/1.1 200 OK"
2025-12-21 19:00:27,820 - httpx - INFO - HTTP Request: POST https://api.telegram.org/bot8476521610:AAFKJ_XrFUB5-reI1OjwvQ4vAPimyVMai3I/getUpdates "HTTP/1.1 200 OK"
2025-12-21 19:00:38,026 - httpx - INFO - HTTP Request: POST https://api.telegram.org/bot8476521610:AAFKJ_XrFUB5-reI1OjwvQ4vAPimyVMai3I/getUpdates "HTTP/1.1 200 OK"
2025-12-21 19:00:48,236 - httpx - INFO - HTTP Request: POST https://api.telegram.org/bot8476521610:AAFKJ_XrFUB5-reI1OjwvQ4vAPimyVMai3I/getUpdates "HTTP/1.1 200 OK"
2025-12-21 19:00:58,442 - httpx - INFO - HTTP Request: POST https://api.telegram.org/bot8476521610:AAFKJ_XrFUB5-reI1OjwvQ4vAPimyVMai3I/getUpdates "HTTP/1.1 200 OK"
2025-12-21 19:01:08,650 - httpx - INFO - HTTP Request: POST https://api.telegram.org/bot8476521610:AAFKJ_XrFUB5-reI1OjwvQ4vAPimyVMai3I/getUpdates "HTTP/1.1 200 OK"
2025-12-21 19:01:18,856 - httpx - INFO - HTTP Request: POST https://api.telegram.org/bot8476521610:AAFKJ_XrFUB5-reI1OjwvQ4vAPimyVMai3I/getUpdates "HTTP/1.1 200 OK"
2025-12-21 19:01:29,059 - httpx - INFO - HTTP Request: POST https://api.telegram.org/bot8476521610:AAFKJ_XrFUB5-reI1OjwvQ4vAPimyVMai3I/getUpdates "HTTP/1.1 200 OK"
2025-12-21 19:01:39,268 - httpx - INFO - HTTP Request: POST https://api.telegram.org/bot8476521610:AAFKJ_XrFUB5-reI1OjwvQ4vAPimyVMai3I/getUpdates "HTTP/1.1 200 OK"
2025-12-21 19:01:49,475 - httpx - INFO - HTTP Request: POST https://api.telegram.org/bot8476521610:AAFKJ_XrFUB5-reI1OjwvQ4vAPimyVMai3I/getUpdates "HTTP/1.1 200 OK"
2025-12-21 19:01:59,684 - httpx - INFO - HTTP Request: POST https://api.telegram.org/bot8476521610:AAFKJ_XrFUB5-reI1OjwvQ4vAPimyVMai3I/getUpdates "HTTP/1.1 200 OK"
2025-12-21 19:02:09,887 - httpx - INFO - HTTP Request: POST https://api.telegram.org/bot8476521610:AAFKJ_XrFUB5-reI1OjwvQ4vAPimyVMai3I/getUpdates "HTTP/1.1 200 OK"
2025-12-21 19:02:20,094 - httpx - INFO - HTTP Request: POST https://api.telegram.org/bot8476521610:AAFKJ_XrFUB5-reI1OjwvQ4vAPimyVMai3I/getUpdates "HTTP/1.1 200 OK"
2025-12-21 19:02:30,309 - httpx - INFO - HTTP Request: POST https://api.telegram.org/bot8476521610:AAFKJ_XrFUB5-reI1OjwvQ4vAPimyVMai3I/getUpdates "HTTP/1.1 200 OK"
2025-12-21 19:02:40,517 - httpx - INFO - HTTP Request: POST https://api.telegram.org/bot8476521610:AAFKJ_XrFUB5-reI1OjwvQ4vAPimyVMai3I/getUpdates "HTTP/1.1 200 OK"
2025-12-21 19:02:50,721 - httpx - INFO - HTTP Request: POST https://api.telegram.org/bot8476521610:AAFKJ_XrFUB5-reI1OjwvQ4vAPimyVMai3I/getUpdates "HTTP/1.1 200 OK"
2025-12-21 19:03:00,925 - httpx - INFO - HTTP Request: POST https://api.telegram.org/bot8476521610:AAFKJ_XrFUB5-reI1OjwvQ4vAPimyVMai3I/getUpdates "HTTP/1.1 200 OK"
2025-12-21 19:03:11,135 - httpx - INFO - HTTP Request: POST https://api.telegram.org/bot8476521610:AAFKJ_XrFUB5-reI1OjwvQ4vAPimyVMai3I/getUpdates "HTTP/1.1 200 OK"
2025-12-21 19:03:21,341 - httpx - INFO - HTTP Request: POST https://api.telegram.org/bot8476521610:AAFKJ_XrFUB5-reI1OjwvQ4vAPimyVMai3I/getUpdates "HTTP/1.1 200 OK"
2025-12-21 19:03:31,545 - httpx - INFO - HTTP Request: POST https://api.telegram.org/bot8476521610:AAFKJ_XrFUB5-reI1OjwvQ4vAPimyVMai3I/getUpdates "HTTP/1.1 200 OK"
2025-12-21 19:03:41,752 - httpx - INFO - HTTP Request: POST https://api.telegram.org/bot8476521610:AAFKJ_XrFUB5-reI1OjwvQ4vAPimyVMai3I/getUpdates "HTTP/1.1 200 OK"
2025-12-21 19:03:51,958 - httpx - INFO - HTTP Request: POST https://api.telegram.org/bot8476521610:AAFKJ_XrFUB5-reI1OjwvQ4vAPimyVMai3I/getUpdates "HTTP/1.1 200 OK"
2025-12-21 19:04:02,165 - httpx - INFO - HTTP Request: POST https://api.telegram.org/bot8476521610:AAFKJ_XrFUB5-reI1OjwvQ4vAPimyVMai3I/getUpdates "HTTP/1.1 200 OK"
2025-12-21 19:04:12,367 - httpx - INFO - HTTP Request: POST https://api.telegram.org/bot8476521610:AAFKJ_XrFUB5-reI1OjwvQ4vAPimyVMai3I/getUpdates "HTTP/1.1 200 OK"
2025-12-21 19:04:22,569 - httpx - INFO - HTTP Request: POST https://api.telegram.org/bot8476521610:AAFKJ_XrFUB5-reI1OjwvQ4vAPimyVMai3I/getUpdates "HTTP/1.1 200 OK"
2025-12-21 19:04:32,776 - httpx - INFO - HTTP Request: POST https://api.telegram.org/bot8476521610:AAFKJ_XrFUB5-reI1OjwvQ4vAPimyVMai3I/getUpdates "HTTP/1.1 200 OK"
2025-12-21 19:04:42,987 - httpx - INFO - HTTP Request: POST https://api.telegram.org/bot8476521610:AAFKJ_XrFUB5-reI1OjwvQ4vAPimyVMai3I/getUpdates "HTTP/1.1 200 OK"
2025-12-21 19:04:53,194 - httpx - INFO - HTTP Request: POST https://api.telegram.org/bot8476521610:AAFKJ_XrFUB5-reI1OjwvQ4vAPimyVMai3I/getUpdates "HTTP/1.1 200 OK"
2025-12-21 19:05:03,400 - httpx - INFO - HTTP Request: POST https://api.telegram.org/bot8476521610:AAFKJ_XrFUB5-reI1OjwvQ4vAPimyVMai3I/getUpdates "HTTP/1.1 200 OK"
2025-12-21 19:05:13,606 - httpx - INFO - HTTP Request: POST https://api.telegram.org/bot8476521610:AAFKJ_XrFUB5-reI1OjwvQ4vAPimyVMai3I/getUpdates "HTTP/1.1 200 OK"
2025-12-21 19:05:23,810 - httpx - INFO - HTTP Request: POST https://api.telegram.org/bot8476521610:AAFKJ_XrFUB5-reI1OjwvQ4vAPimyVMai3I/getUpdates "HTTP/1.1 200 OK"
2025-12-21 19:05:34,016 - httpx - INFO - HTTP Request: POST https://api.telegram.org/bot8476521610:AAFKJ_XrFUB5-reI1OjwvQ4vAPimyVMai3I/getUpdates "HTTP/1.1 200 OK"
2025-12-21 19:05:44,223 - httpx - INFO - HTTP Request: POST https://api.telegram.org/bot8476521610:AAFKJ_XrFUB5-reI1OjwvQ4vAPimyVMai3I/getUpdates "HTTP/1.1 200 OK"
2025-12-21 19:05:54,429 - httpx - INFO - HTTP Request: POST https://api.telegram.org/bot8476521610:AAFKJ_XrFUB5-reI1OjwvQ4vAPimyVMai3I/getUpdates "HTTP/1.1 200 OK"
2025-12-21 19:06:04,632 - httpx - INFO - HTTP Request: POST https://api.telegram.org/bot8476521610:AAFKJ_XrFUB5-reI1OjwvQ4vAPimyVMai3I/getUpdates "HTTP/1.1 200 OK"
2025-12-21 19:06:14,841 - httpx - INFO - HTTP Request: POST https://api.telegram.org/bot8476521610:AAFKJ_XrFUB5-reI1OjwvQ4vAPimyVMai3I/getUpdates "HTTP/1.1 200 OK"
2025-12-21 19:06:25,047 - httpx - INFO - HTTP Request: POST https://api.telegram.org/bot8476521610:AAFKJ_XrFUB5-reI1OjwvQ4vAPimyVMai3I/getUpdates "HTTP/1.1 200 OK"
2025-12-21 19:06:35,254 - httpx - INFO - HTTP Request: POST https://api.telegram.org/bot8476521610:AAFKJ_XrFUB5-reI1OjwvQ4vAPimyVMai3I/getUpdates "HTTP/1.1 200 OK"
2025-12-21 19:06:45,570 - httpx - INFO - HTTP Request: POST https://api.telegram.org/bot8476521610:AAFKJ_XrFUB5-reI1OjwvQ4vAPimyVMai3I/getUpdates "HTTP/1.1 200 OK"
2025-12-21 19:06:55,772 - httpx - INFO - HTTP Request: POST https://api.telegram.org/bot8476521610:AAFKJ_XrFUB5-reI1OjwvQ4vAPimyVMai3I/getUpdates "HTTP/1.1 200 OK"
2025-12-21 19:07:05,975 - httpx - INFO - HTTP Request: POST https://api.telegram.org/bot8476521610:AAFKJ_XrFUB5-reI1OjwvQ4vAPimyVMai3I/getUpdates "HTTP/1.1 200 OK"
2025-12-21 19:07:16,181 - httpx - INFO - HTTP Request: POST https://api.telegram.org/bot8476521610:AAFKJ_XrFUB5-reI1OjwvQ4vAPimyVMai3I/getUpdates "HTTP/1.1 200 OK"
2025-12-21 19:07:26,389 - httpx - INFO - HTTP Request: POST https://api.telegram.org/bot8476521610:AAFKJ_XrFUB5-reI1OjwvQ4vAPimyVMai3I/getUpdates "HTTP/1.1 200 OK"
2025-12-21 19:07:36,595 - httpx - INFO - HTTP Request: POST https://api.telegram.org/bot8476521610:AAFKJ_XrFUB5-reI1OjwvQ4vAPimyVMai3I/getUpdates "HTTP/1.1 200 OK"
2025-12-21 19:07:46,801 - httpx - INFO - HTTP Request: POST https://api.telegram.org/bot8476521610:AAFKJ_XrFUB5-reI1OjwvQ4vAPimyVMai3I/getUpdates "HTTP/1.1 200 OK"
2025-12-21 19:07:57,008 - httpx - INFO - HTTP Request: POST https://api.telegram.org/bot8476521610:AAFKJ_XrFUB5-reI1OjwvQ4vAPimyVMai3I/getUpdates "HTTP/1.1 200 OK"
2025-12-21 19:08:07,222 - httpx - INFO - HTTP Request: POST https://api.telegram.org/bot8476521610:AAFKJ_XrFUB5-reI1OjwvQ4vAPimyVMai3I/getUpdates "HTTP/1.1 200 OK"
2025-12-21 19:08:17,428 - httpx - INFO - HTTP Request: POST https://api.telegram.org/bot8476521610:AAFKJ_XrFUB5-reI1OjwvQ4vAPimyVMai3I/getUpdates "HTTP/1.1 200 OK"
2025-12-21 19:08:27,640 - httpx - INFO - HTTP Request: POST https://api.telegram.org/bot8476521610:AAFKJ_XrFUB5-reI1OjwvQ4vAPimyVMai3I/getUpdates "HTTP/1.1 200 OK"
2025-12-21 19:08:37,845 - httpx - INFO - HTTP Request: POST https://api.telegram.org/bot8476521610:AAFKJ_XrFUB5-reI1OjwvQ4vAPimyVMai3I/getUpdates "HTTP/1.1 200 OK"
2025-12-21 19:08:48,054 - httpx - INFO - HTTP Request: POST https://api.telegram.org/bot8476521610:AAFKJ_XrFUB5-reI1OjwvQ4vAPimyVMai3I/getUpdates "HTTP/1.1 200 OK"
2025-12-21 19:08:58,267 - httpx - INFO - HTTP Request: POST https://api.telegram.org/bot8476521610:AAFKJ_XrFUB5-reI1OjwvQ4vAPimyVMai3I/getUpdates "HTTP/1.1 200 OK"
2025-12-21 19:09:08,470 - httpx - INFO - HTTP Request: POST https://api.telegram.org/bot8476521610:AAFKJ_XrFUB5-reI1OjwvQ4vAPimyVMai3I/getUpdates "HTTP/1.1 200 OK"
2025-12-21 19:09:18,679 - httpx - INFO - HTTP Request: POST https://api.telegram.org/bot8476521610:AAFKJ_XrFUB5-reI1OjwvQ4vAPimyVMai3I/getUpdates "HTTP/1.1 200 OK"
2025-12-21 19:09:28,886 - httpx - INFO - HTTP Request: POST https://api.telegram.org/bot8476521610:AAFKJ_XrFUB5-reI1OjwvQ4vAPimyVMai3I/getUpdates "HTTP/1.1 200 OK"
2025-12-21 19:09:39,092 - httpx - INFO - HTTP Request: POST https://api.telegram.org/bot8476521610:AAFKJ_XrFUB5-reI1OjwvQ4vAPimyVMai3I/getUpdates "HTTP/1.1 200 OK"
2025-12-21 19:09:49,294 - httpx - INFO - HTTP Request: POST https://api.telegram.org/bot8476521610:AAFKJ_XrFUB5-reI1OjwvQ4vAPimyVMai3I/getUpdates "HTTP/1.1 200 OK"
2025-12-21 19:09:59,498 - httpx - INFO - HTTP Request: POST https://api.telegram.org/bot8476521610:AAFKJ_XrFUB5-reI1OjwvQ4vAPimyVMai3I/getUpdates "HTTP/1.1 200 OK"
2025-12-21 19:10:09,701 - httpx - INFO - HTTP Request: POST https://api.telegram.org/bot8476521610:AAFKJ_XrFUB5-reI1OjwvQ4vAPimyVMai3I/getUpdates "HTTP/1.1 200 OK"
2025-12-21 19:10:19,915 - httpx - INFO - HTTP Request: POST https://api.telegram.org/bot8476521610:AAFKJ_XrFUB5-reI1OjwvQ4vAPimyVMai3I/getUpdates "HTTP/1.1 200 OK"
2025-12-21 19:10:30,125 - httpx - INFO - HTTP Request: POST https://api.telegram.org/bot8476521610:AAFKJ_XrFUB5-reI1OjwvQ4vAPimyVMai3I/getUpdates "HTTP/1.1 200 OK"
2025-12-21 19:10:40,332 - httpx - INFO - HTTP Request: POST https://api.telegram.org/bot8476521610:AAFKJ_XrFUB5-reI1OjwvQ4vAPimyVMai3I/getUpdates "HTTP/1.1 200 OK"
2025-12-21 19:10:50,539 - httpx - INFO - HTTP Request: POST https://api.telegram.org/bot8476521610:AAFKJ_XrFUB5-reI1OjwvQ4vAPimyVMai3I/getUpdates "HTTP/1.1 200 OK"
2025-12-21 19:11:00,745 - httpx - INFO - HTTP Request: POST https://api.telegram.org/bot8476521610:AAFKJ_XrFUB5-reI1OjwvQ4vAPimyVMai3I/getUpdates "HTTP/1.1 200 OK"
2025-12-21 19:11:10,948 - httpx - INFO - HTTP Request: POST https://api.telegram.org/bot8476521610:AAFKJ_XrFUB5-reI1OjwvQ4vAPimyVMai3I/getUpdates "HTTP/1.1 200 OK"
2025-12-21 19:11:21,181 - httpx - INFO - HTTP Request: POST https://api.telegram.org/bot8476521610:AAFKJ_XrFUB5-reI1OjwvQ4vAPimyVMai3I/getUpdates "HTTP/1.1 200 OK"
2025-12-21 19:11:31,388 - httpx - INFO - HTTP Request: POST https://api.telegram.org/bot8476521610:AAFKJ_XrFUB5-reI1OjwvQ4vAPimyVMai3I/getUpdates "HTTP/1.1 200 OK"
2025-12-21 19:11:41,610 - httpx - INFO - HTTP Request: POST https://api.telegram.org/bot8476521610:AAFKJ_XrFUB5-reI1OjwvQ4vAPimyVMai3I/getUpdates "HTTP/1.1 200 OK"
2025-12-21 19:11:51,815 - httpx - INFO - HTTP Request: POST https://api.telegram.org/bot8476521610:AAFKJ_XrFUB5-reI1OjwvQ4vAPimyVMai3I/getUpdates "HTTP/1.1 200 OK"
2025-12-21 19:12:02,022 - httpx - INFO - HTTP Request: POST https://api.telegram.org/bot8476521610:AAFKJ_XrFUB5-reI1OjwvQ4vAPimyVMai3I/getUpdates "HTTP/1.1 200 OK"
2025-12-21 19:12:12,224 - httpx - INFO - HTTP Request: POST https://api.telegram.org/bot8476521610:AAFKJ_XrFUB5-reI1OjwvQ4vAPimyVMai3I/getUpdates "HTTP/1.1 200 OK"
2025-12-21 19:12:22,429 - httpx - INFO - HTTP Request: POST https://api.telegram.org/bot8476521610:AAFKJ_XrFUB5-reI1OjwvQ4vAPimyVMai3I/getUpdates "HTTP/1.1 200 OK"
2025-12-21 19:12:32,632 - httpx - INFO - HTTP Request: POST https://api.telegram.org/bot8476521610:AAFKJ_XrFUB5-reI1OjwvQ4vAPimyVMai3I/getUpdates "HTTP/1.1 200 OK"
2025-12-21 19:12:42,840 - httpx - INFO - HTTP Request: POST https://api.telegram.org/bot8476521610:AAFKJ_XrFUB5-reI1OjwvQ4vAPimyVMai3I/getUpdates "HTTP/1.1 200 OK"
2025-12-21 19:12:53,048 - httpx - INFO - HTTP Request: POST https://api.telegram.org/bot8476521610:AAFKJ_XrFUB5-reI1OjwvQ4vAPimyVMai3I/getUpdates "HTTP/1.1 200 OK"
2025-12-21 19:13:03,255 - httpx - INFO - HTTP Request: POST https://api.telegram.org/bot8476521610:AAFKJ_XrFUB5-reI1OjwvQ4vAPimyVMai3I/getUpdates "HTTP/1.1 200 OK"
2025-12-21 19:13:13,461 - httpx - INFO - HTTP Request: POST https://api.telegram.org/bot8476521610:AAFKJ_XrFUB5-reI1OjwvQ4vAPimyVMai3I/getUpdates "HTTP/1.1 200 OK"
2025-12-21 19:13:23,665 - httpx - INFO - HTTP Request: POST https://api.telegram.org/bot8476521610:AAFKJ_XrFUB5-reI1OjwvQ4vAPimyVMai3I/getUpdates "HTTP/1.1 200 OK"
2025-12-21 19:13:33,877 - httpx - INFO - HTTP Request: POST https://api.telegram.org/bot8476521610:AAFKJ_XrFUB5-reI1OjwvQ4vAPimyVMai3I/getUpdates "HTTP/1.1 200 OK"
2025-12-21 19:13:44,084 - httpx - INFO - HTTP Request: POST https://api.telegram.org/bot8476521610:AAFKJ_XrFUB5-reI1OjwvQ4vAPimyVMai3I/getUpdates "HTTP/1.1 200 OK"
2025-12-21 19:13:54,291 - httpx - INFO - HTTP Request: POST https://api.telegram.org/bot8476521610:AAFKJ_XrFUB5-reI1OjwvQ4vAPimyVMai3I/getUpdates "HTTP/1.1 200 OK"
2025-12-21 19:14:04,495 - httpx - INFO - HTTP Request: POST https://api.telegram.org/bot8476521610:AAFKJ_XrFUB5-reI1OjwvQ4vAPimyVMai3I/getUpdates "HTTP/1.1 200 OK"
2025-12-21 19:14:14,698 - httpx - INFO - HTTP Request: POST https://api.telegram.org/bot8476521610:AAFKJ_XrFUB5-reI1OjwvQ4vAPimyVMai3I/getUpdates "HTTP/1.1 200 OK"
2025-12-21 19:14:25,006 - httpx - INFO - HTTP Request: POST https://api.telegram.org/bot8476521610:AAFKJ_XrFUB5-reI1OjwvQ4vAPimyVMai3I/getUpdates "HTTP/1.1 200 OK"
2025-12-21 19:14:35,213 - httpx - INFO - HTTP Request: POST https://api.telegram.org/bot8476521610:AAFKJ_XrFUB5-reI1OjwvQ4vAPimyVMai3I/getUpdates "HTTP/1.1 200 OK"
2025-12-21 19:14:45,418 - httpx - INFO - HTTP Request: POST https://api.telegram.org/bot8476521610:AAFKJ_XrFUB5-reI1OjwvQ4vAPimyVMai3I/getUpdates "HTTP/1.1 200 OK"
2025-12-21 19:14:55,623 - httpx - INFO - HTTP Request: POST https://api.telegram.org/bot8476521610:AAFKJ_XrFUB5-reI1OjwvQ4vAPimyVMai3I/getUpdates "HTTP/1.1 200 OK"
2025-12-21 19:15:05,830 - httpx - INFO - HTTP Request: POST https://api.telegram.org/bot8476521610:AAFKJ_XrFUB5-reI1OjwvQ4vAPimyVMai3I/getUpdates "HTTP/1.1 200 OK"
2025-12-21 19:15:16,034 - httpx - INFO - HTTP Request: POST https://api.telegram.org/bot8476521610:AAFKJ_XrFUB5-reI1OjwvQ4vAPimyVMai3I/getUpdates "HTTP/1.1 200 OK"
2025-12-21 19:15:26,633 - httpx - INFO - HTTP Request: POST https://api.telegram.org/bot8476521610:AAFKJ_XrFUB5-reI1OjwvQ4vAPimyVMai3I/getUpdates "HTTP/1.1 200 OK"
2025-12-21 19:15:36,838 - httpx - INFO - HTTP Request: POST https://api.telegram.org/bot8476521610:AAFKJ_XrFUB5-reI1OjwvQ4vAPimyVMai3I/getUpdates "HTTP/1.1 200 OK"
2025-12-21 19:15:47,039 - httpx - INFO - HTTP Request: POST https://api.telegram.org/bot8476521610:AAFKJ_XrFUB5-reI1OjwvQ4vAPimyVMai3I/getUpdates "HTTP/1.1 200 OK"
2025-12-21 19:15:57,240 - httpx - INFO - HTTP Request: POST https://api.telegram.org/bot8476521610:AAFKJ_XrFUB5-reI1OjwvQ4vAPimyVMai3I/getUpdates "HTTP/1.1 200 OK"
2025-12-21 19:16:07,440 - httpx - INFO - HTTP Request: POST https://api.telegram.org/bot8476521610:AAFKJ_XrFUB5-reI1OjwvQ4vAPimyVMai3I/getUpdates "HTTP/1.1 200 OK"
2025-12-21 19:16:17,642 - httpx - INFO - HTTP Request: POST https://api.telegram.org/bot8476521610:AAFKJ_XrFUB5-reI1OjwvQ4vAPimyVMai3I/getUpdates "HTTP/1.1 200 OK"
2025-12-21 19:16:27,843 - httpx - INFO - HTTP Request: POST https://api.telegram.org/bot8476521610:AAFKJ_XrFUB5-reI1OjwvQ4vAPimyVMai3I/getUpdates "HTTP/1.1 200 OK"
2025-12-21 19:16:38,042 - httpx - INFO - HTTP Request: POST https://api.telegram.org/bot8476521610:AAFKJ_XrFUB5-reI1OjwvQ4vAPimyVMai3I/getUpdates "HTTP/1.1 200 OK"
2025-12-21 19:16:48,242 - httpx - INFO - HTTP Request: POST https://api.telegram.org/bot8476521610:AAFKJ_XrFUB5-reI1OjwvQ4vAPimyVMai3I/getUpdates "HTTP/1.1 200 OK"
2025-12-21 19:16:58,443 - httpx - INFO - HTTP Request: POST https://api.telegram.org/bot8476521610:AAFKJ_XrFUB5-reI1OjwvQ4vAPimyVMai3I/getUpdates "HTTP/1.1 200 OK"
2025-12-21 19:17:08,645 - httpx - INFO - HTTP Request: POST https://api.telegram.org/bot8476521610:AAFKJ_XrFUB5-reI1OjwvQ4vAPimyVMai3I/getUpdates "HTTP/1.1 200 OK"
2025-12-21 19:17:18,849 - httpx - INFO - HTTP Request: POST https://api.telegram.org/bot8476521610:AAFKJ_XrFUB5-reI1OjwvQ4vAPimyVMai3I/getUpdates "HTTP/1.1 200 OK"
2025-12-21 19:17:29,050 - httpx - INFO - HTTP Request: POST https://api.telegram.org/bot8476521610:AAFKJ_XrFUB5-reI1OjwvQ4vAPimyVMai3I/getUpdates "HTTP/1.1 200 OK"
2025-12-21 19:17:39,275 - httpx - INFO - HTTP Request: POST https://api.telegram.org/bot8476521610:AAFKJ_XrFUB5-reI1OjwvQ4vAPimyVMai3I/getUpdates "HTTP/1.1 200 OK"
2025-12-21 19:17:49,475 - httpx - INFO - HTTP Request: POST https://api.telegram.org/bot8476521610:AAFKJ_XrFUB5-reI1OjwvQ4vAPimyVMai3I/getUpdates "HTTP/1.1 200 OK"
2025-12-21 19:17:59,985 - httpx - INFO - HTTP Request: POST https://api.telegram.org/bot8476521610:AAFKJ_XrFUB5-reI1OjwvQ4vAPimyVMai3I/getUpdates "HTTP/1.1 200 OK"
2025-12-21 19:18:10,186 - httpx - INFO - HTTP Request: POST https://api.telegram.org/bot8476521610:AAFKJ_XrFUB5-reI1OjwvQ4vAPimyVMai3I/getUpdates "HTTP/1.1 200 OK"
2025-12-21 19:18:20,392 - httpx - INFO - HTTP Request: POST https://api.telegram.org/bot8476521610:AAFKJ_XrFUB5-reI1OjwvQ4vAPimyVMai3I/getUpdates "HTTP/1.1 200 OK"
2025-12-21 19:18:30,591 - httpx - INFO - HTTP Request: POST https://api.telegram.org/bot8476521610:AAFKJ_XrFUB5-reI1OjwvQ4vAPimyVMai3I/getUpdates "HTTP/1.1 200 OK"
2025-12-21 19:18:40,791 - httpx - INFO - HTTP Request: POST https://api.telegram.org/bot8476521610:AAFKJ_XrFUB5-reI1OjwvQ4vAPimyVMai3I/getUpdates "HTTP/1.1 200 OK"
2025-12-21 19:18:50,992 - httpx - INFO - HTTP Request: POST https://api.telegram.org/bot8476521610:AAFKJ_XrFUB5-reI1OjwvQ4vAPimyVMai3I/getUpdates "HTTP/1.1 200 OK"
2025-12-21 19:19:01,193 - httpx - INFO - HTTP Request: POST https://api.telegram.org/bot8476521610:AAFKJ_XrFUB5-reI1OjwvQ4vAPimyVMai3I/getUpdates "HTTP/1.1 200 OK"
2025-12-21 19:19:11,393 - httpx - INFO - HTTP Request: POST https://api.telegram.org/bot8476521610:AAFKJ_XrFUB5-reI1OjwvQ4vAPimyVMai3I/getUpdates "HTTP/1.1 200 OK"
2025-12-21 19:19:21,898 - httpx - INFO - HTTP Request: POST https://api.telegram.org/bot8476521610:AAFKJ_XrFUB5-reI1OjwvQ4vAPimyVMai3I/getUpdates "HTTP/1.1 200 OK"
2025-12-21 19:19:32,099 - httpx - INFO - HTTP Request: POST https://api.telegram.org/bot8476521610:AAFKJ_XrFUB5-reI1OjwvQ4vAPimyVMai3I/getUpdates "HTTP/1.1 200 OK"
2025-12-21 19:19:42,299 - httpx - INFO - HTTP Request: POST https://api.telegram.org/bot8476521610:AAFKJ_XrFUB5-reI1OjwvQ4vAPimyVMai3I/getUpdates "HTTP/1.1 200 OK"
2025-12-21 19:19:52,498 - httpx - INFO - HTTP Request: POST https://api.telegram.org/bot8476521610:AAFKJ_XrFUB5-reI1OjwvQ4vAPimyVMai3I/getUpdates "HTTP/1.1 200 OK"
2025-12-21 19:20:02,698 - httpx - INFO - HTTP Request: POST https://api.telegram.org/bot8476521610:AAFKJ_XrFUB5-reI1OjwvQ4vAPimyVMai3I/getUpdates "HTTP/1.1 200 OK"
2025-12-21 19:20:12,898 - httpx - INFO - HTTP Request: POST https://api.telegram.org/bot8476521610:AAFKJ_XrFUB5-reI1OjwvQ4vAPimyVMai3I/getUpdates "HTTP/1.1 200 OK"
2025-12-21 19:20:23,096 - httpx - INFO - HTTP Request: POST https://api.telegram.org/bot8476521610:AAFKJ_XrFUB5-reI1OjwvQ4vAPimyVMai3I/getUpdates "HTTP/1.1 200 OK"
2025-12-21 19:20:33,294 - httpx - INFO - HTTP Request: POST https://api.telegram.org/bot8476521610:AAFKJ_XrFUB5-reI1OjwvQ4vAPimyVMai3I/getUpdates "HTTP/1.1 200 OK"
2025-12-21 19:20:43,494 - httpx - INFO - HTTP Request: POST https://api.telegram.org/bot8476521610:AAFKJ_XrFUB5-reI1OjwvQ4vAPimyVMai3I/getUpdates "HTTP/1.1 200 OK"
2025-12-21 19:20:53,697 - httpx - INFO - HTTP Request: POST https://api.telegram.org/bot8476521610:AAFKJ_XrFUB5-reI1OjwvQ4vAPimyVMai3I/getUpdates "HTTP/1.1 200 OK"
2025-12-21 19:21:03,896 - httpx - INFO - HTTP Request: POST https://api.telegram.org/bot8476521610:AAFKJ_XrFUB5-reI1OjwvQ4vAPimyVMai3I/getUpdates "HTTP/1.1 200 OK"
2025-12-21 19:21:14,099 - httpx - INFO - HTTP Request: POST https://api.telegram.org/bot8476521610:AAFKJ_XrFUB5-reI1OjwvQ4vAPimyVMai3I/getUpdates "HTTP/1.1 200 OK"
2025-12-21 19:21:24,298 - httpx - INFO - HTTP Request: POST https://api.telegram.org/bot8476521610:AAFKJ_XrFUB5-reI1OjwvQ4vAPimyVMai3I/getUpdates "HTTP/1.1 200 OK"
2025-12-21 19:21:34,499 - httpx - INFO - HTTP Request: POST https://api.telegram.org/bot8476521610:AAFKJ_XrFUB5-reI1OjwvQ4vAPimyVMai3I/getUpdates "HTTP/1.1 200 OK"
2025-12-21 19:21:44,707 - httpx - INFO - HTTP Request: POST https://api.telegram.org/bot8476521610:AAFKJ_XrFUB5-reI1OjwvQ4vAPimyVMai3I/getUpdates "HTTP/1.1 200 OK"
2025-12-21 19:21:54,908 - httpx - INFO - HTTP Request: POST https://api.telegram.org/bot8476521610:AAFKJ_XrFUB5-reI1OjwvQ4vAPimyVMai3I/getUpdates "HTTP/1.1 200 OK"
2025-12-21 19:22:05,108 - httpx - INFO - HTTP Request: POST https://api.telegram.org/bot8476521610:AAFKJ_XrFUB5-reI1OjwvQ4vAPimyVMai3I/getUpdates "HTTP/1.1 200 OK"
2025-12-21 19:22:15,313 - httpx - INFO - HTTP Request: POST https://api.telegram.org/bot8476521610:AAFKJ_XrFUB5-reI1OjwvQ4vAPimyVMai3I/getUpdates "HTTP/1.1 200 OK"
2025-12-21 19:22:25,816 - httpx - INFO - HTTP Request: POST https://api.telegram.org/bot8476521610:AAFKJ_XrFUB5-reI1OjwvQ4vAPimyVMai3I/getUpdates "HTTP/1.1 200 OK"
2025-12-21 19:22:36,017 - httpx - INFO - HTTP Request: POST https://api.telegram.org/bot8476521610:AAFKJ_XrFUB5-reI1OjwvQ4vAPimyVMai3I/getUpdates "HTTP/1.1 200 OK"
2025-12-21 19:22:46,831 - httpx - INFO - HTTP Request: POST https://api.telegram.org/bot8476521610:AAFKJ_XrFUB5-reI1OjwvQ4vAPimyVMai3I/getUpdates "HTTP/1.1 200 OK"
2025-12-21 19:22:57,034 - httpx - INFO - HTTP Request: POST https://api.telegram.org/bot8476521610:AAFKJ_XrFUB5-reI1OjwvQ4vAPimyVMai3I/getUpdates "HTTP/1.1 200 OK"
2025-12-21 19:23:07,533 - httpx - INFO - HTTP Request: POST https://api.telegram.org/bot8476521610:AAFKJ_XrFUB5-reI1OjwvQ4vAPimyVMai3I/getUpdates "HTTP/1.1 200 OK"
2025-12-21 19:23:17,734 - httpx - INFO - HTTP Request: POST https://api.telegram.org/bot8476521610:AAFKJ_XrFUB5-reI1OjwvQ4vAPimyVMai3I/getUpdates "HTTP/1.1 200 OK"
2025-12-21 19:23:27,934 - httpx - INFO - HTTP Request: POST https://api.telegram.org/bot8476521610:AAFKJ_XrFUB5-reI1OjwvQ4vAPimyVMai3I/getUpdates "HTTP/1.1 200 OK"
2025-12-21 19:23:38,133 - httpx - INFO - HTTP Request: POST https://api.telegram.org/bot8476521610:AAFKJ_XrFUB5-reI1OjwvQ4vAPimyVMai3I/getUpdates "HTTP/1.1 200 OK"
2025-12-21 19:23:48,334 - httpx - INFO - HTTP Request: POST https://api.telegram.org/bot8476521610:AAFKJ_XrFUB5-reI1OjwvQ4vAPimyVMai3I/getUpdates "HTTP/1.1 200 OK"
2025-12-21 19:23:58,532 - httpx - INFO - HTTP Request: POST https://api.telegram.org/bot8476521610:AAFKJ_XrFUB5-reI1OjwvQ4vAPimyVMai3I/getUpdates "HTTP/1.1 200 OK"
2025-12-21 19:24:08,731 - httpx - INFO - HTTP Request: POST https://api.telegram.org/bot8476521610:AAFKJ_XrFUB5-reI1OjwvQ4vAPimyVMai3I/getUpdates "HTTP/1.1 200 OK"
2025-12-21 19:24:18,931 - httpx - INFO - HTTP Request: POST https://api.telegram.org/bot8476521610:AAFKJ_XrFUB5-reI1OjwvQ4vAPimyVMai3I/getUpdates "HTTP/1.1 200 OK"
2025-12-21 19:24:29,135 - httpx - INFO - HTTP Request: POST https://api.telegram.org/bot8476521610:AAFKJ_XrFUB5-reI1OjwvQ4vAPimyVMai3I/getUpdates "HTTP/1.1 200 OK"
2025-12-21 19:24:39,336 - httpx - INFO - HTTP Request: POST https://api.telegram.org/bot8476521610:AAFKJ_XrFUB5-reI1OjwvQ4vAPimyVMai3I/getUpdates "HTTP/1.1 200 OK"
2025-12-21 19:24:49,531 - httpx - INFO - HTTP Request: POST https://api.telegram.org/bot8476521610:AAFKJ_XrFUB5-reI1OjwvQ4vAPimyVMai3I/getUpdates "HTTP/1.1 200 OK"
2025-12-21 19:24:59,731 - httpx - INFO - HTTP Request: POST https://api.telegram.org/bot8476521610:AAFKJ_XrFUB5-reI1OjwvQ4vAPimyVMai3I/getUpdates "HTTP/1.1 200 OK"
2025-12-21 19:25:09,931 - httpx - INFO - HTTP Request: POST https://api.telegram.org/bot8476521610:AAFKJ_XrFUB5-reI1OjwvQ4vAPimyVMai3I/getUpdates "HTTP/1.1 200 OK"
2025-12-21 19:25:20,133 - httpx - INFO - HTTP Request: POST https://api.telegram.org/bot8476521610:AAFKJ_XrFUB5-reI1OjwvQ4vAPimyVMai3I/getUpdates "HTTP/1.1 200 OK"
2025-12-21 19:25:30,333 - httpx - INFO - HTTP Request: POST https://api.telegram.org/bot8476521610:AAFKJ_XrFUB5-reI1OjwvQ4vAPimyVMai3I/getUpdates "HTTP/1.1 200 OK"
2025-12-21 19:25:40,534 - httpx - INFO - HTTP Request: POST https://api.telegram.org/bot8476521610:AAFKJ_XrFUB5-reI1OjwvQ4vAPimyVMai3I/getUpdates "HTTP/1.1 200 OK"
2025-12-21 19:25:50,733 - httpx - INFO - HTTP Request: POST https://api.telegram.org/bot8476521610:AAFKJ_XrFUB5-reI1OjwvQ4vAPimyVMai3I/getUpdates "HTTP/1.1 200 OK"
2025-12-21 19:26:00,930 - httpx - INFO - HTTP Request: POST https://api.telegram.org/bot8476521610:AAFKJ_XrFUB5-reI1OjwvQ4vAPimyVMai3I/getUpdates "HTTP/1.1 200 OK"
2025-12-21 19:26:11,129 - httpx - INFO - HTTP Request: POST https://api.telegram.org/bot8476521610:AAFKJ_XrFUB5-reI1OjwvQ4vAPimyVMai3I/getUpdates "HTTP/1.1 200 OK"
2025-12-21 19:26:22,551 - httpx - INFO - HTTP Request: POST https://api.telegram.org/bot8476521610:AAFKJ_XrFUB5-reI1OjwvQ4vAPimyVMai3I/getUpdates "HTTP/1.1 200 OK"
2025-12-21 19:26:33,297 - httpx - INFO - HTTP Request: POST https://api.telegram.org/bot8476521610:AAFKJ_XrFUB5-reI1OjwvQ4vAPimyVMai3I/getUpdates "HTTP/1.1 200 OK"
2025-12-21 19:26:43,493 - httpx - INFO - HTTP Request: POST https://api.telegram.org/bot8476521610:AAFKJ_XrFUB5-reI1OjwvQ4vAPimyVMai3I/getUpdates "HTTP/1.1 200 OK"
2025-12-21 19:26:53,687 - httpx - INFO - HTTP Request: POST https://api.telegram.org/bot8476521610:AAFKJ_XrFUB5-reI1OjwvQ4vAPimyVMai3I/getUpdates "HTTP/1.1 200 OK"
2025-12-21 19:27:03,888 - httpx - INFO - HTTP Request: POST https://api.telegram.org/bot8476521610:AAFKJ_XrFUB5-reI1OjwvQ4vAPimyVMai3I/getUpdates "HTTP/1.1 200 OK"
2025-12-21 19:27:14,091 - httpx - INFO - HTTP Request: POST https://api.telegram.org/bot8476521610:AAFKJ_XrFUB5-reI1OjwvQ4vAPimyVMai3I/getUpdates "HTTP/1.1 200 OK"
2025-12-21 19:27:24,293 - httpx - INFO - HTTP Request: POST https://api.telegram.org/bot8476521610:AAFKJ_XrFUB5-reI1OjwvQ4vAPimyVMai3I/getUpdates "HTTP/1.1 200 OK"
2025-12-21 19:27:34,804 - httpx - INFO - HTTP Request: POST https://api.telegram.org/bot8476521610:AAFKJ_XrFUB5-reI1OjwvQ4vAPimyVMai3I/getUpdates "HTTP/1.1 200 OK"
2025-12-21 19:27:45,006 - httpx - INFO - HTTP Request: POST https://api.telegram.org/bot8476521610:AAFKJ_XrFUB5-reI1OjwvQ4vAPimyVMai3I/getUpdates "HTTP/1.1 200 OK"
2025-12-21 19:27:55,206 - httpx - INFO - HTTP Request: POST https://api.telegram.org/bot8476521610:AAFKJ_XrFUB5-reI1OjwvQ4vAPimyVMai3I/getUpdates "HTTP/1.1 200 OK"
2025-12-21 19:28:05,409 - httpx - INFO - HTTP Request: POST https://api.telegram.org/bot8476521610:AAFKJ_XrFUB5-reI1OjwvQ4vAPimyVMai3I/getUpdates "HTTP/1.1 200 OK"
2025-12-21 19:28:15,608 - httpx - INFO - HTTP Request: POST https://api.telegram.org/bot8476521610:AAFKJ_XrFUB5-reI1OjwvQ4vAPimyVMai3I/getUpdates "HTTP/1.1 200 OK"
2025-12-21 19:28:25,808 - httpx - INFO - HTTP Request: POST https://api.telegram.org/bot8476521610:AAFKJ_XrFUB5-reI1OjwvQ4vAPimyVMai3I/getUpdates "HTTP/1.1 200 OK"
2025-12-21 19:29:16,766 - root - ERROR - Exception while handling an update:
Traceback (most recent call last):
  File "C:\Users\otavi\.virtualenvs\701-eBRsCayT\lib\site-packages\httpx\_transports\default.py", line 101, in map_httpcore_exceptions
    yield
  File "C:\Users\otavi\.virtualenvs\701-eBRsCayT\lib\site-packages\httpx\_transports\default.py", line 394, in handle_async_request
    resp = await self._pool.handle_async_request(req)
  File "C:\Users\otavi\.virtualenvs\701-eBRsCayT\lib\site-packages\httpcore\_async\connection_pool.py", line 256, in handle_async_request
    raise exc from None
  File "C:\Users\otavi\.virtualenvs\701-eBRsCayT\lib\site-packages\httpcore\_async\connection_pool.py", line 236, in handle_async_request
    response = await connection.handle_async_request(
  File "C:\Users\otavi\.virtualenvs\701-eBRsCayT\lib\site-packages\httpcore\_async\connection.py", line 101, in handle_async_request
    raise exc
  File "C:\Users\otavi\.virtualenvs\701-eBRsCayT\lib\site-packages\httpcore\_async\connection.py", line 78, in handle_async_request
    stream = await self._connect(request)
  File "C:\Users\otavi\.virtualenvs\701-eBRsCayT\lib\site-packages\httpcore\_async\connection.py", line 124, in _connect
    stream = await self._network_backend.connect_tcp(**kwargs)
  File "C:\Users\otavi\.virtualenvs\701-eBRsCayT\lib\site-packages\httpcore\_backends\auto.py", line 31, in connect_tcp
    return await self._backend.connect_tcp(
  File "C:\Users\otavi\.virtualenvs\701-eBRsCayT\lib\site-packages\httpcore\_backends\anyio.py", line 113, in connect_tcp
    with map_exceptions(exc_map):
  File "C:\Users\otavi\AppData\Local\Programs\Python\Python310\lib\contextlib.py", line 153, in __exit__
    self.gen.throw(typ, value, traceback)
  File "C:\Users\otavi\.virtualenvs\701-eBRsCayT\lib\site-packages\httpcore\_exceptions.py", line 14, in map_exceptions
    raise to_exc(exc) from exc
httpcore.ConnectError: [Errno 11001] getaddrinfo failed

The above exception was the direct cause of the following exception:

Traceback (most recent call last):
  File "C:\Users\otavi\.virtualenvs\701-eBRsCayT\lib\site-packages\telegram\request\_httpxrequest.py", line 279, in do_request
    res = await self._client.request(
  File "C:\Users\otavi\.virtualenvs\701-eBRsCayT\lib\site-packages\httpx\_client.py", line 1540, in request
    return await self.send(request, auth=auth, follow_redirects=follow_redirects)
  File "C:\Users\otavi\.virtualenvs\701-eBRsCayT\lib\site-packages\httpx\_client.py", line 1629, in send
    response = await self._send_handling_auth(
  File "C:\Users\otavi\.virtualenvs\701-eBRsCayT\lib\site-packages\httpx\_client.py", line 1657, in _send_handling_auth
    response = await self._send_handling_redirects(
  File "C:\Users\otavi\.virtualenvs\701-eBRsCayT\lib\site-packages\httpx\_client.py", line 1694, in _send_handling_redirects
    response = await self._send_single_request(request)
  File "C:\Users\otavi\.virtualenvs\701-eBRsCayT\lib\site-packages\httpx\_client.py", line 1730, in _send_single_request
    response = await transport.handle_async_request(request)
  File "C:\Users\otavi\.virtualenvs\701-eBRsCayT\lib\site-packages\httpx\_transports\default.py", line 393, in handle_async_request
    with map_httpcore_exceptions():
  File "C:\Users\otavi\AppData\Local\Programs\Python\Python310\lib\contextlib.py", line 153, in __exit__
    self.gen.throw(typ, value, traceback)
  File "C:\Users\otavi\.virtualenvs\701-eBRsCayT\lib\site-packages\httpx\_transports\default.py", line 118, in map_httpcore_exceptions
    raise mapped_exc(message) from exc
httpx.ConnectError: [Errno 11001] getaddrinfo failed

The above exception was the direct cause of the following exception:

Traceback (most recent call last):
  File "C:\Users\otavi\.virtualenvs\701-eBRsCayT\lib\site-packages\telegram\ext\_utils\networkloop.py", line 134, in network_retry_loop
    await do_action()
  File "C:\Users\otavi\.virtualenvs\701-eBRsCayT\lib\site-packages\telegram\ext\_utils\networkloop.py", line 127, in do_action
    action_cb_task.result()
  File "C:\Users\otavi\.virtualenvs\701-eBRsCayT\lib\site-packages\telegram\ext\_updater.py", line 340, in polling_action_cb
    updates = await self.bot.get_updates(
  File "C:\Users\otavi\.virtualenvs\701-eBRsCayT\lib\site-packages\telegram\ext\_extbot.py", line 676, in get_updates
    updates = await super().get_updates(
  File "C:\Users\otavi\.virtualenvs\701-eBRsCayT\lib\site-packages\telegram\_bot.py", line 4780, in get_updates
    await self._post(
  File "C:\Users\otavi\.virtualenvs\701-eBRsCayT\lib\site-packages\telegram\_bot.py", line 703, in _post
    return await self._do_post(
  File "C:\Users\otavi\.virtualenvs\701-eBRsCayT\lib\site-packages\telegram\ext\_extbot.py", line 372, in _do_post
    return await super()._do_post(
  File "C:\Users\otavi\.virtualenvs\701-eBRsCayT\lib\site-packages\telegram\_bot.py", line 732, in _do_post
    result = await request.post(
  File "C:\Users\otavi\.virtualenvs\701-eBRsCayT\lib\site-packages\telegram\request\_baserequest.py", line 198, in post
    result = await self._request_wrapper(
  File "C:\Users\otavi\.virtualenvs\701-eBRsCayT\lib\site-packages\telegram\request\_baserequest.py", line 305, in _request_wrapper
    code, payload = await self.do_request(
  File "C:\Users\otavi\.virtualenvs\701-eBRsCayT\lib\site-packages\telegram\request\_httpxrequest.py", line 303, in do_request
    raise NetworkError(f"httpx.{err.__class__.__name__}: {err}") from err
telegram.error.NetworkError: httpx.ConnectError: [Errno 11001] getaddrinfo failed
2025-12-21 19:29:16,828 - telegram.ext.Application - ERROR - An error was raised and an uncaught error was raised while handling the error with an error_handler.
Traceback (most recent call last):
  File "C:\Users\otavi\.virtualenvs\701-eBRsCayT\lib\site-packages\telegram\ext\_application.py", line 1929, in process_error
    await callback(update, context)
  File "C:\Users\otavi\OneDrive\Documentos\GIT\701\src\bot.py", line 108, in error_handler
    #await context.bot.send_message(chat_id=chat_id, text=message, parse_mode=ParseMode.HTML)
AttributeError: 'NoneType' object has no attribute 'effective_message'
2025-12-21 19:29:30,045 - httpx - INFO - HTTP Request: POST https://api.telegram.org/bot8476521610:AAFKJ_XrFUB5-reI1OjwvQ4vAPimyVMai3I/getUpdates "HTTP/1.1 200 OK"
2025-12-21 19:29:40,261 - httpx - INFO - HTTP Request: POST https://api.telegram.org/bot8476521610:AAFKJ_XrFUB5-reI1OjwvQ4vAPimyVMai3I/getUpdates "HTTP/1.1 200 OK"
2025-12-21 19:29:50,478 - httpx - INFO - HTTP Request: POST https://api.telegram.org/bot8476521610:AAFKJ_XrFUB5-reI1OjwvQ4vAPimyVMai3I/getUpdates "HTTP/1.1 200 OK"
2025-12-21 19:30:00,683 - httpx - INFO - HTTP Request: POST https://api.telegram.org/bot8476521610:AAFKJ_XrFUB5-reI1OjwvQ4vAPimyVMai3I/getUpdates "HTTP/1.1 200 OK"
2025-12-21 19:30:10,889 - httpx - INFO - HTTP Request: POST https://api.telegram.org/bot8476521610:AAFKJ_XrFUB5-reI1OjwvQ4vAPimyVMai3I/getUpdates "HTTP/1.1 200 OK"
2025-12-21 19:30:21,093 - httpx - INFO - HTTP Request: POST https://api.telegram.org/bot8476521610:AAFKJ_XrFUB5-reI1OjwvQ4vAPimyVMai3I/getUpdates "HTTP/1.1 200 OK"
2025-12-21 19:30:31,298 - httpx - INFO - HTTP Request: POST https://api.telegram.org/bot8476521610:AAFKJ_XrFUB5-reI1OjwvQ4vAPimyVMai3I/getUpdates "HTTP/1.1 200 OK"
2025-12-21 19:30:41,504 - httpx - INFO - HTTP Request: POST https://api.telegram.org/bot8476521610:AAFKJ_XrFUB5-reI1OjwvQ4vAPimyVMai3I/getUpdates "HTTP/1.1 200 OK"
2025-12-21 19:30:51,711 - httpx - INFO - HTTP Request: POST https://api.telegram.org/bot8476521610:AAFKJ_XrFUB5-reI1OjwvQ4vAPimyVMai3I/getUpdates "HTTP/1.1 200 OK"
2025-12-21 19:31:01,930 - httpx - INFO - HTTP Request: POST https://api.telegram.org/bot8476521610:AAFKJ_XrFUB5-reI1OjwvQ4vAPimyVMai3I/getUpdates "HTTP/1.1 200 OK"
2025-12-21 19:31:12,139 - httpx - INFO - HTTP Request: POST https://api.telegram.org/bot8476521610:AAFKJ_XrFUB5-reI1OjwvQ4vAPimyVMai3I/getUpdates "HTTP/1.1 200 OK"
2025-12-21 19:31:22,346 - httpx - INFO - HTTP Request: POST https://api.telegram.org/bot8476521610:AAFKJ_XrFUB5-reI1OjwvQ4vAPimyVMai3I/getUpdates "HTTP/1.1 200 OK"
2025-12-21 19:31:32,564 - httpx - INFO - HTTP Request: POST https://api.telegram.org/bot8476521610:AAFKJ_XrFUB5-reI1OjwvQ4vAPimyVMai3I/getUpdates "HTTP/1.1 200 OK"
2025-12-21 19:31:42,787 - httpx - INFO - HTTP Request: POST https://api.telegram.org/bot8476521610:AAFKJ_XrFUB5-reI1OjwvQ4vAPimyVMai3I/getUpdates "HTTP/1.1 200 OK"
2025-12-21 19:31:52,997 - httpx - INFO - HTTP Request: POST https://api.telegram.org/bot8476521610:AAFKJ_XrFUB5-reI1OjwvQ4vAPimyVMai3I/getUpdates "HTTP/1.1 200 OK"
2025-12-21 19:32:03,207 - httpx - INFO - HTTP Request: POST https://api.telegram.org/bot8476521610:AAFKJ_XrFUB5-reI1OjwvQ4vAPimyVMai3I/getUpdates "HTTP/1.1 200 OK"
2025-12-21 19:32:13,418 - httpx - INFO - HTTP Request: POST https://api.telegram.org/bot8476521610:AAFKJ_XrFUB5-reI1OjwvQ4vAPimyVMai3I/getUpdates "HTTP/1.1 200 OK"
2025-12-21 19:32:23,622 - httpx - INFO - HTTP Request: POST https://api.telegram.org/bot8476521610:AAFKJ_XrFUB5-reI1OjwvQ4vAPimyVMai3I/getUpdates "HTTP/1.1 200 OK"
2025-12-21 19:32:33,834 - httpx - INFO - HTTP Request: POST https://api.telegram.org/bot8476521610:AAFKJ_XrFUB5-reI1OjwvQ4vAPimyVMai3I/getUpdates "HTTP/1.1 200 OK"
2025-12-21 19:32:44,044 - httpx - INFO - HTTP Request: POST https://api.telegram.org/bot8476521610:AAFKJ_XrFUB5-reI1OjwvQ4vAPimyVMai3I/getUpdates "HTTP/1.1 200 OK"
2025-12-21 19:32:54,258 - httpx - INFO - HTTP Request: POST https://api.telegram.org/bot8476521610:AAFKJ_XrFUB5-reI1OjwvQ4vAPimyVMai3I/getUpdates "HTTP/1.1 200 OK"
2025-12-21 19:33:04,468 - httpx - INFO - HTTP Request: POST https://api.telegram.org/bot8476521610:AAFKJ_XrFUB5-reI1OjwvQ4vAPimyVMai3I/getUpdates "HTTP/1.1 200 OK"
2025-12-21 19:33:14,677 - httpx - INFO - HTTP Request: POST https://api.telegram.org/bot8476521610:AAFKJ_XrFUB5-reI1OjwvQ4vAPimyVMai3I/getUpdates "HTTP/1.1 200 OK"
2025-12-21 19:33:24,890 - httpx - INFO - HTTP Request: POST https://api.telegram.org/bot8476521610:AAFKJ_XrFUB5-reI1OjwvQ4vAPimyVMai3I/getUpdates "HTTP/1.1 200 OK"
2025-12-21 19:33:35,099 - httpx - INFO - HTTP Request: POST https://api.telegram.org/bot8476521610:AAFKJ_XrFUB5-reI1OjwvQ4vAPimyVMai3I/getUpdates "HTTP/1.1 200 OK"
2025-12-21 19:33:45,314 - httpx - INFO - HTTP Request: POST https://api.telegram.org/bot8476521610:AAFKJ_XrFUB5-reI1OjwvQ4vAPimyVMai3I/getUpdates "HTTP/1.1 200 OK"
2025-12-21 19:33:55,524 - httpx - INFO - HTTP Request: POST https://api.telegram.org/bot8476521610:AAFKJ_XrFUB5-reI1OjwvQ4vAPimyVMai3I/getUpdates "HTTP/1.1 200 OK"
2025-12-21 19:34:05,739 - httpx - INFO - HTTP Request: POST https://api.telegram.org/bot8476521610:AAFKJ_XrFUB5-reI1OjwvQ4vAPimyVMai3I/getUpdates "HTTP/1.1 200 OK"
2025-12-21 19:34:15,948 - httpx - INFO - HTTP Request: POST https://api.telegram.org/bot8476521610:AAFKJ_XrFUB5-reI1OjwvQ4vAPimyVMai3I/getUpdates "HTTP/1.1 200 OK"
2025-12-21 19:34:26,153 - httpx - INFO - HTTP Request: POST https://api.telegram.org/bot8476521610:AAFKJ_XrFUB5-reI1OjwvQ4vAPimyVMai3I/getUpdates "HTTP/1.1 200 OK"
2025-12-21 19:34:36,357 - httpx - INFO - HTTP Request: POST https://api.telegram.org/bot8476521610:AAFKJ_XrFUB5-reI1OjwvQ4vAPimyVMai3I/getUpdates "HTTP/1.1 200 OK"
2025-12-21 19:34:46,564 - httpx - INFO - HTTP Request: POST https://api.telegram.org/bot8476521610:AAFKJ_XrFUB5-reI1OjwvQ4vAPimyVMai3I/getUpdates "HTTP/1.1 200 OK"
2025-12-21 19:34:56,774 - httpx - INFO - HTTP Request: POST https://api.telegram.org/bot8476521610:AAFKJ_XrFUB5-reI1OjwvQ4vAPimyVMai3I/getUpdates "HTTP/1.1 200 OK"
2025-12-21 19:35:06,987 - httpx - INFO - HTTP Request: POST https://api.telegram.org/bot8476521610:AAFKJ_XrFUB5-reI1OjwvQ4vAPimyVMai3I/getUpdates "HTTP/1.1 200 OK"
2025-12-21 19:35:17,198 - httpx - INFO - HTTP Request: POST https://api.telegram.org/bot8476521610:AAFKJ_XrFUB5-reI1OjwvQ4vAPimyVMai3I/getUpdates "HTTP/1.1 200 OK"
2025-12-21 19:35:27,415 - httpx - INFO - HTTP Request: POST https://api.telegram.org/bot8476521610:AAFKJ_XrFUB5-reI1OjwvQ4vAPimyVMai3I/getUpdates "HTTP/1.1 200 OK"
2025-12-21 19:35:37,627 - httpx - INFO - HTTP Request: POST https://api.telegram.org/bot8476521610:AAFKJ_XrFUB5-reI1OjwvQ4vAPimyVMai3I/getUpdates "HTTP/1.1 200 OK"
2025-12-21 19:35:47,837 - httpx - INFO - HTTP Request: POST https://api.telegram.org/bot8476521610:AAFKJ_XrFUB5-reI1OjwvQ4vAPimyVMai3I/getUpdates "HTTP/1.1 200 OK"
2025-12-21 19:35:58,047 - httpx - INFO - HTTP Request: POST https://api.telegram.org/bot8476521610:AAFKJ_XrFUB5-reI1OjwvQ4vAPimyVMai3I/getUpdates "HTTP/1.1 200 OK"
2025-12-21 19:36:08,254 - httpx - INFO - HTTP Request: POST https://api.telegram.org/bot8476521610:AAFKJ_XrFUB5-reI1OjwvQ4vAPimyVMai3I/getUpdates "HTTP/1.1 200 OK"
2025-12-21 19:36:18,472 - httpx - INFO - HTTP Request: POST https://api.telegram.org/bot8476521610:AAFKJ_XrFUB5-reI1OjwvQ4vAPimyVMai3I/getUpdates "HTTP/1.1 200 OK"
2025-12-21 19:36:28,682 - httpx - INFO - HTTP Request: POST https://api.telegram.org/bot8476521610:AAFKJ_XrFUB5-reI1OjwvQ4vAPimyVMai3I/getUpdates "HTTP/1.1 200 OK"
2025-12-21 19:36:38,897 - httpx - INFO - HTTP Request: POST https://api.telegram.org/bot8476521610:AAFKJ_XrFUB5-reI1OjwvQ4vAPimyVMai3I/getUpdates "HTTP/1.1 200 OK"
2025-12-21 19:36:49,107 - httpx - INFO - HTTP Request: POST https://api.telegram.org/bot8476521610:AAFKJ_XrFUB5-reI1OjwvQ4vAPimyVMai3I/getUpdates "HTTP/1.1 200 OK"
2025-12-21 19:36:59,316 - httpx - INFO - HTTP Request: POST https://api.telegram.org/bot8476521610:AAFKJ_XrFUB5-reI1OjwvQ4vAPimyVMai3I/getUpdates "HTTP/1.1 200 OK"
2025-12-21 19:37:09,529 - httpx - INFO - HTTP Request: POST https://api.telegram.org/bot8476521610:AAFKJ_XrFUB5-reI1OjwvQ4vAPimyVMai3I/getUpdates "HTTP/1.1 200 OK"
2025-12-21 19:37:19,738 - httpx - INFO - HTTP Request: POST https://api.telegram.org/bot8476521610:AAFKJ_XrFUB5-reI1OjwvQ4vAPimyVMai3I/getUpdates "HTTP/1.1 200 OK"
2025-12-21 19:37:29,954 - httpx - INFO - HTTP Request: POST https://api.telegram.org/bot8476521610:AAFKJ_XrFUB5-reI1OjwvQ4vAPimyVMai3I/getUpdates "HTTP/1.1 200 OK"
2025-12-21 19:37:40,165 - httpx - INFO - HTTP Request: POST https://api.telegram.org/bot8476521610:AAFKJ_XrFUB5-reI1OjwvQ4vAPimyVMai3I/getUpdates "HTTP/1.1 200 OK"
2025-12-21 19:37:50,379 - httpx - INFO - HTTP Request: POST https://api.telegram.org/bot8476521610:AAFKJ_XrFUB5-reI1OjwvQ4vAPimyVMai3I/getUpdates "HTTP/1.1 200 OK"
2025-12-21 19:38:00,588 - httpx - INFO - HTTP Request: POST https://api.telegram.org/bot8476521610:AAFKJ_XrFUB5-reI1OjwvQ4vAPimyVMai3I/getUpdates "HTTP/1.1 200 OK"
2025-12-21 19:38:10,799 - httpx - INFO - HTTP Request: POST https://api.telegram.org/bot8476521610:AAFKJ_XrFUB5-reI1OjwvQ4vAPimyVMai3I/getUpdates "HTTP/1.1 200 OK"
2025-12-21 19:38:21,003 - httpx - INFO - HTTP Request: POST https://api.telegram.org/bot8476521610:AAFKJ_XrFUB5-reI1OjwvQ4vAPimyVMai3I/getUpdates "HTTP/1.1 200 OK"
2025-12-21 19:38:31,214 - httpx - INFO - HTTP Request: POST https://api.telegram.org/bot8476521610:AAFKJ_XrFUB5-reI1OjwvQ4vAPimyVMai3I/getUpdates "HTTP/1.1 200 OK"
2025-12-21 19:38:41,436 - httpx - INFO - HTTP Request: POST https://api.telegram.org/bot8476521610:AAFKJ_XrFUB5-reI1OjwvQ4vAPimyVMai3I/getUpdates "HTTP/1.1 200 OK"
2025-12-21 19:38:51,646 - httpx - INFO - HTTP Request: POST https://api.telegram.org/bot8476521610:AAFKJ_XrFUB5-reI1OjwvQ4vAPimyVMai3I/getUpdates "HTTP/1.1 200 OK"
2025-12-21 19:39:01,851 - httpx - INFO - HTTP Request: POST https://api.telegram.org/bot8476521610:AAFKJ_XrFUB5-reI1OjwvQ4vAPimyVMai3I/getUpdates "HTTP/1.1 200 OK"
2025-12-21 19:39:12,065 - httpx - INFO - HTTP Request: POST https://api.telegram.org/bot8476521610:AAFKJ_XrFUB5-reI1OjwvQ4vAPimyVMai3I/getUpdates "HTTP/1.1 200 OK"
2025-12-21 19:39:22,278 - httpx - INFO - HTTP Request: POST https://api.telegram.org/bot8476521610:AAFKJ_XrFUB5-reI1OjwvQ4vAPimyVMai3I/getUpdates "HTTP/1.1 200 OK"
2025-12-21 19:39:32,487 - httpx - INFO - HTTP Request: POST https://api.telegram.org/bot8476521610:AAFKJ_XrFUB5-reI1OjwvQ4vAPimyVMai3I/getUpdates "HTTP/1.1 200 OK"
2025-12-21 19:39:42,704 - httpx - INFO - HTTP Request: POST https://api.telegram.org/bot8476521610:AAFKJ_XrFUB5-reI1OjwvQ4vAPimyVMai3I/getUpdates "HTTP/1.1 200 OK"
2025-12-21 19:39:52,918 - httpx - INFO - HTTP Request: POST https://api.telegram.org/bot8476521610:AAFKJ_XrFUB5-reI1OjwvQ4vAPimyVMai3I/getUpdates "HTTP/1.1 200 OK"
2025-12-21 19:40:03,130 - httpx - INFO - HTTP Request: POST https://api.telegram.org/bot8476521610:AAFKJ_XrFUB5-reI1OjwvQ4vAPimyVMai3I/getUpdates "HTTP/1.1 200 OK"
2025-12-21 19:40:13,346 - httpx - INFO - HTTP Request: POST https://api.telegram.org/bot8476521610:AAFKJ_XrFUB5-reI1OjwvQ4vAPimyVMai3I/getUpdates "HTTP/1.1 200 OK"
2025-12-21 19:40:23,556 - httpx - INFO - HTTP Request: POST https://api.telegram.org/bot8476521610:AAFKJ_XrFUB5-reI1OjwvQ4vAPimyVMai3I/getUpdates "HTTP/1.1 200 OK"
2025-12-21 19:40:33,768 - httpx - INFO - HTTP Request: POST https://api.telegram.org/bot8476521610:AAFKJ_XrFUB5-reI1OjwvQ4vAPimyVMai3I/getUpdates "HTTP/1.1 200 OK"
2025-12-21 19:40:43,979 - httpx - INFO - HTTP Request: POST https://api.telegram.org/bot8476521610:AAFKJ_XrFUB5-reI1OjwvQ4vAPimyVMai3I/getUpdates "HTTP/1.1 200 OK"
2025-12-21 19:40:54,189 - httpx - INFO - HTTP Request: POST https://api.telegram.org/bot8476521610:AAFKJ_XrFUB5-reI1OjwvQ4vAPimyVMai3I/getUpdates "HTTP/1.1 200 OK"
2025-12-21 19:41:04,403 - httpx - INFO - HTTP Request: POST https://api.telegram.org/bot8476521610:AAFKJ_XrFUB5-reI1OjwvQ4vAPimyVMai3I/getUpdates "HTTP/1.1 200 OK"
2025-12-21 19:41:14,616 - httpx - INFO - HTTP Request: POST https://api.telegram.org/bot8476521610:AAFKJ_XrFUB5-reI1OjwvQ4vAPimyVMai3I/getUpdates "HTTP/1.1 200 OK"
2025-12-21 19:41:24,825 - httpx - INFO - HTTP Request: POST https://api.telegram.org/bot8476521610:AAFKJ_XrFUB5-reI1OjwvQ4vAPimyVMai3I/getUpdates "HTTP/1.1 200 OK"
2025-12-21 19:41:35,034 - httpx - INFO - HTTP Request: POST https://api.telegram.org/bot8476521610:AAFKJ_XrFUB5-reI1OjwvQ4vAPimyVMai3I/getUpdates "HTTP/1.1 200 OK"
2025-12-21 19:41:45,244 - httpx - INFO - HTTP Request: POST https://api.telegram.org/bot8476521610:AAFKJ_XrFUB5-reI1OjwvQ4vAPimyVMai3I/getUpdates "HTTP/1.1 200 OK"
2025-12-21 19:41:55,455 - httpx - INFO - HTTP Request: POST https://api.telegram.org/bot8476521610:AAFKJ_XrFUB5-reI1OjwvQ4vAPimyVMai3I/getUpdates "HTTP/1.1 200 OK"
2025-12-21 19:42:05,668 - httpx - INFO - HTTP Request: POST https://api.telegram.org/bot8476521610:AAFKJ_XrFUB5-reI1OjwvQ4vAPimyVMai3I/getUpdates "HTTP/1.1 200 OK"
2025-12-21 19:42:15,881 - httpx - INFO - HTTP Request: POST https://api.telegram.org/bot8476521610:AAFKJ_XrFUB5-reI1OjwvQ4vAPimyVMai3I/getUpdates "HTTP/1.1 200 OK"
2025-12-21 19:42:26,090 - httpx - INFO - HTTP Request: POST https://api.telegram.org/bot8476521610:AAFKJ_XrFUB5-reI1OjwvQ4vAPimyVMai3I/getUpdates "HTTP/1.1 200 OK"
2025-12-21 19:42:36,305 - httpx - INFO - HTTP Request: POST https://api.telegram.org/bot8476521610:AAFKJ_XrFUB5-reI1OjwvQ4vAPimyVMai3I/getUpdates "HTTP/1.1 200 OK"
2025-12-21 19:42:46,518 - httpx - INFO - HTTP Request: POST https://api.telegram.org/bot8476521610:AAFKJ_XrFUB5-reI1OjwvQ4vAPimyVMai3I/getUpdates "HTTP/1.1 200 OK"
2025-12-21 19:42:56,728 - httpx - INFO - HTTP Request: POST https://api.telegram.org/bot8476521610:AAFKJ_XrFUB5-reI1OjwvQ4vAPimyVMai3I/getUpdates "HTTP/1.1 200 OK"
2025-12-21 19:43:06,939 - httpx - INFO - HTTP Request: POST https://api.telegram.org/bot8476521610:AAFKJ_XrFUB5-reI1OjwvQ4vAPimyVMai3I/getUpdates "HTTP/1.1 200 OK"
2025-12-21 19:43:17,148 - httpx - INFO - HTTP Request: POST https://api.telegram.org/bot8476521610:AAFKJ_XrFUB5-reI1OjwvQ4vAPimyVMai3I/getUpdates "HTTP/1.1 200 OK"
2025-12-21 19:43:27,358 - httpx - INFO - HTTP Request: POST https://api.telegram.org/bot8476521610:AAFKJ_XrFUB5-reI1OjwvQ4vAPimyVMai3I/getUpdates "HTTP/1.1 200 OK"
2025-12-21 19:43:37,573 - httpx - INFO - HTTP Request: POST https://api.telegram.org/bot8476521610:AAFKJ_XrFUB5-reI1OjwvQ4vAPimyVMai3I/getUpdates "HTTP/1.1 200 OK"
2025-12-21 19:43:47,787 - httpx - INFO - HTTP Request: POST https://api.telegram.org/bot8476521610:AAFKJ_XrFUB5-reI1OjwvQ4vAPimyVMai3I/getUpdates "HTTP/1.1 200 OK"
2025-12-21 19:43:57,997 - httpx - INFO - HTTP Request: POST https://api.telegram.org/bot8476521610:AAFKJ_XrFUB5-reI1OjwvQ4vAPimyVMai3I/getUpdates "HTTP/1.1 200 OK"
2025-12-21 19:44:08,212 - httpx - INFO - HTTP Request: POST https://api.telegram.org/bot8476521610:AAFKJ_XrFUB5-reI1OjwvQ4vAPimyVMai3I/getUpdates "HTTP/1.1 200 OK"
2025-12-21 19:44:18,423 - httpx - INFO - HTTP Request: POST https://api.telegram.org/bot8476521610:AAFKJ_XrFUB5-reI1OjwvQ4vAPimyVMai3I/getUpdates "HTTP/1.1 200 OK"
2025-12-21 19:44:28,637 - httpx - INFO - HTTP Request: POST https://api.telegram.org/bot8476521610:AAFKJ_XrFUB5-reI1OjwvQ4vAPimyVMai3I/getUpdates "HTTP/1.1 200 OK"
2025-12-21 19:44:38,850 - httpx - INFO - HTTP Request: POST https://api.telegram.org/bot8476521610:AAFKJ_XrFUB5-reI1OjwvQ4vAPimyVMai3I/getUpdates "HTTP/1.1 200 OK"
2025-12-21 19:44:49,065 - httpx - INFO - HTTP Request: POST https://api.telegram.org/bot8476521610:AAFKJ_XrFUB5-reI1OjwvQ4vAPimyVMai3I/getUpdates "HTTP/1.1 200 OK"
2025-12-21 19:44:59,279 - httpx - INFO - HTTP Request: POST https://api.telegram.org/bot8476521610:AAFKJ_XrFUB5-reI1OjwvQ4vAPimyVMai3I/getUpdates "HTTP/1.1 200 OK"
2025-12-21 19:45:09,487 - httpx - INFO - HTTP Request: POST https://api.telegram.org/bot8476521610:AAFKJ_XrFUB5-reI1OjwvQ4vAPimyVMai3I/getUpdates "HTTP/1.1 200 OK"
2025-12-21 19:45:19,698 - httpx - INFO - HTTP Request: POST https://api.telegram.org/bot8476521610:AAFKJ_XrFUB5-reI1OjwvQ4vAPimyVMai3I/getUpdates "HTTP/1.1 200 OK"
2025-12-21 19:45:29,910 - httpx - INFO - HTTP Request: POST https://api.telegram.org/bot8476521610:AAFKJ_XrFUB5-reI1OjwvQ4vAPimyVMai3I/getUpdates "HTTP/1.1 200 OK"
2025-12-21 19:45:40,123 - httpx - INFO - HTTP Request: POST https://api.telegram.org/bot8476521610:AAFKJ_XrFUB5-reI1OjwvQ4vAPimyVMai3I/getUpdates "HTTP/1.1 200 OK"
2025-12-21 19:45:50,328 - httpx - INFO - HTTP Request: POST https://api.telegram.org/bot8476521610:AAFKJ_XrFUB5-reI1OjwvQ4vAPimyVMai3I/getUpdates "HTTP/1.1 200 OK"
2025-12-21 19:46:00,549 - httpx - INFO - HTTP Request: POST https://api.telegram.org/bot8476521610:AAFKJ_XrFUB5-reI1OjwvQ4vAPimyVMai3I/getUpdates "HTTP/1.1 200 OK"
2025-12-21 19:46:10,758 - httpx - INFO - HTTP Request: POST https://api.telegram.org/bot8476521610:AAFKJ_XrFUB5-reI1OjwvQ4vAPimyVMai3I/getUpdates "HTTP/1.1 200 OK"
2025-12-21 19:46:20,968 - httpx - INFO - HTTP Request: POST https://api.telegram.org/bot8476521610:AAFKJ_XrFUB5-reI1OjwvQ4vAPimyVMai3I/getUpdates "HTTP/1.1 200 OK"
2025-12-21 19:46:31,614 - httpx - INFO - HTTP Request: POST https://api.telegram.org/bot8476521610:AAFKJ_XrFUB5-reI1OjwvQ4vAPimyVMai3I/getUpdates "HTTP/1.1 200 OK"
2025-12-21 19:46:41,829 - httpx - INFO - HTTP Request: POST https://api.telegram.org/bot8476521610:AAFKJ_XrFUB5-reI1OjwvQ4vAPimyVMai3I/getUpdates "HTTP/1.1 200 OK"
2025-12-21 19:46:52,044 - httpx - INFO - HTTP Request: POST https://api.telegram.org/bot8476521610:AAFKJ_XrFUB5-reI1OjwvQ4vAPimyVMai3I/getUpdates "HTTP/1.1 200 OK"
2025-12-21 19:47:02,259 - httpx - INFO - HTTP Request: POST https://api.telegram.org/bot8476521610:AAFKJ_XrFUB5-reI1OjwvQ4vAPimyVMai3I/getUpdates "HTTP/1.1 200 OK"
2025-12-21 19:47:12,473 - httpx - INFO - HTTP Request: POST https://api.telegram.org/bot8476521610:AAFKJ_XrFUB5-reI1OjwvQ4vAPimyVMai3I/getUpdates "HTTP/1.1 200 OK"
2025-12-21 19:47:22,687 - httpx - INFO - HTTP Request: POST https://api.telegram.org/bot8476521610:AAFKJ_XrFUB5-reI1OjwvQ4vAPimyVMai3I/getUpdates "HTTP/1.1 200 OK"
2025-12-21 19:47:32,903 - httpx - INFO - HTTP Request: POST https://api.telegram.org/bot8476521610:AAFKJ_XrFUB5-reI1OjwvQ4vAPimyVMai3I/getUpdates "HTTP/1.1 200 OK"
2025-12-21 19:47:43,118 - httpx - INFO - HTTP Request: POST https://api.telegram.org/bot8476521610:AAFKJ_XrFUB5-reI1OjwvQ4vAPimyVMai3I/getUpdates "HTTP/1.1 200 OK"
2025-12-21 19:47:53,328 - httpx - INFO - HTTP Request: POST https://api.telegram.org/bot8476521610:AAFKJ_XrFUB5-reI1OjwvQ4vAPimyVMai3I/getUpdates "HTTP/1.1 200 OK"
2025-12-21 19:48:03,543 - httpx - INFO - HTTP Request: POST https://api.telegram.org/bot8476521610:AAFKJ_XrFUB5-reI1OjwvQ4vAPimyVMai3I/getUpdates "HTTP/1.1 200 OK"
2025-12-21 19:48:13,759 - httpx - INFO - HTTP Request: POST https://api.telegram.org/bot8476521610:AAFKJ_XrFUB5-reI1OjwvQ4vAPimyVMai3I/getUpdates "HTTP/1.1 200 OK"
2025-12-21 19:48:23,972 - httpx - INFO - HTTP Request: POST https://api.telegram.org/bot8476521610:AAFKJ_XrFUB5-reI1OjwvQ4vAPimyVMai3I/getUpdates "HTTP/1.1 200 OK"
2025-12-21 19:48:34,186 - httpx - INFO - HTTP Request: POST https://api.telegram.org/bot8476521610:AAFKJ_XrFUB5-reI1OjwvQ4vAPimyVMai3I/getUpdates "HTTP/1.1 200 OK"
2025-12-21 19:48:44,396 - httpx - INFO - HTTP Request: POST https://api.telegram.org/bot8476521610:AAFKJ_XrFUB5-reI1OjwvQ4vAPimyVMai3I/getUpdates "HTTP/1.1 200 OK"
2025-12-21 19:48:54,611 - httpx - INFO - HTTP Request: POST https://api.telegram.org/bot8476521610:AAFKJ_XrFUB5-reI1OjwvQ4vAPimyVMai3I/getUpdates "HTTP/1.1 200 OK"
2025-12-21 19:49:04,826 - httpx - INFO - HTTP Request: POST https://api.telegram.org/bot8476521610:AAFKJ_XrFUB5-reI1OjwvQ4vAPimyVMai3I/getUpdates "HTTP/1.1 200 OK"
2025-12-21 19:49:15,040 - httpx - INFO - HTTP Request: POST https://api.telegram.org/bot8476521610:AAFKJ_XrFUB5-reI1OjwvQ4vAPimyVMai3I/getUpdates "HTTP/1.1 200 OK"
2025-12-21 19:49:25,254 - httpx - INFO - HTTP Request: POST https://api.telegram.org/bot8476521610:AAFKJ_XrFUB5-reI1OjwvQ4vAPimyVMai3I/getUpdates "HTTP/1.1 200 OK"
2025-12-21 19:49:35,468 - httpx - INFO - HTTP Request: POST https://api.telegram.org/bot8476521610:AAFKJ_XrFUB5-reI1OjwvQ4vAPimyVMai3I/getUpdates "HTTP/1.1 200 OK"
2025-12-21 19:49:45,684 - httpx - INFO - HTTP Request: POST https://api.telegram.org/bot8476521610:AAFKJ_XrFUB5-reI1OjwvQ4vAPimyVMai3I/getUpdates "HTTP/1.1 200 OK"
2025-12-21 19:49:55,898 - httpx - INFO - HTTP Request: POST https://api.telegram.org/bot8476521610:AAFKJ_XrFUB5-reI1OjwvQ4vAPimyVMai3I/getUpdates "HTTP/1.1 200 OK"
2025-12-21 19:50:06,113 - httpx - INFO - HTTP Request: POST https://api.telegram.org/bot8476521610:AAFKJ_XrFUB5-reI1OjwvQ4vAPimyVMai3I/getUpdates "HTTP/1.1 200 OK"
2025-12-21 19:50:16,327 - httpx - INFO - HTTP Request: POST https://api.telegram.org/bot8476521610:AAFKJ_XrFUB5-reI1OjwvQ4vAPimyVMai3I/getUpdates "HTTP/1.1 200 OK"
2025-12-21 19:50:26,538 - httpx - INFO - HTTP Request: POST https://api.telegram.org/bot8476521610:AAFKJ_XrFUB5-reI1OjwvQ4vAPimyVMai3I/getUpdates "HTTP/1.1 200 OK"
2025-12-21 19:50:36,753 - httpx - INFO - HTTP Request: POST https://api.telegram.org/bot8476521610:AAFKJ_XrFUB5-reI1OjwvQ4vAPimyVMai3I/getUpdates "HTTP/1.1 200 OK"
2025-12-21 19:50:46,967 - httpx - INFO - HTTP Request: POST https://api.telegram.org/bot8476521610:AAFKJ_XrFUB5-reI1OjwvQ4vAPimyVMai3I/getUpdates "HTTP/1.1 200 OK"
2025-12-21 19:50:57,181 - httpx - INFO - HTTP Request: POST https://api.telegram.org/bot8476521610:AAFKJ_XrFUB5-reI1OjwvQ4vAPimyVMai3I/getUpdates "HTTP/1.1 200 OK"
2025-12-21 19:51:07,395 - httpx - INFO - HTTP Request: POST https://api.telegram.org/bot8476521610:AAFKJ_XrFUB5-reI1OjwvQ4vAPimyVMai3I/getUpdates "HTTP/1.1 200 OK"
2025-12-21 19:51:17,611 - httpx - INFO - HTTP Request: POST https://api.telegram.org/bot8476521610:AAFKJ_XrFUB5-reI1OjwvQ4vAPimyVMai3I/getUpdates "HTTP/1.1 200 OK"
2025-12-21 19:51:27,825 - httpx - INFO - HTTP Request: POST https://api.telegram.org/bot8476521610:AAFKJ_XrFUB5-reI1OjwvQ4vAPimyVMai3I/getUpdates "HTTP/1.1 200 OK"
2025-12-21 19:51:38,039 - httpx - INFO - HTTP Request: POST https://api.telegram.org/bot8476521610:AAFKJ_XrFUB5-reI1OjwvQ4vAPimyVMai3I/getUpdates "HTTP/1.1 200 OK"
2025-12-21 19:51:48,253 - httpx - INFO - HTTP Request: POST https://api.telegram.org/bot8476521610:AAFKJ_XrFUB5-reI1OjwvQ4vAPimyVMai3I/getUpdates "HTTP/1.1 200 OK"
2025-12-21 19:51:58,468 - httpx - INFO - HTTP Request: POST https://api.telegram.org/bot8476521610:AAFKJ_XrFUB5-reI1OjwvQ4vAPimyVMai3I/getUpdates "HTTP/1.1 200 OK"
2025-12-21 19:52:08,684 - httpx - INFO - HTTP Request: POST https://api.telegram.org/bot8476521610:AAFKJ_XrFUB5-reI1OjwvQ4vAPimyVMai3I/getUpdates "HTTP/1.1 200 OK"
2025-12-21 19:52:18,899 - httpx - INFO - HTTP Request: POST https://api.telegram.org/bot8476521610:AAFKJ_XrFUB5-reI1OjwvQ4vAPimyVMai3I/getUpdates "HTTP/1.1 200 OK"
2025-12-21 19:52:29,114 - httpx - INFO - HTTP Request: POST https://api.telegram.org/bot8476521610:AAFKJ_XrFUB5-reI1OjwvQ4vAPimyVMai3I/getUpdates "HTTP/1.1 200 OK"
2025-12-21 19:52:39,329 - httpx - INFO - HTTP Request: POST https://api.telegram.org/bot8476521610:AAFKJ_XrFUB5-reI1OjwvQ4vAPimyVMai3I/getUpdates "HTTP/1.1 200 OK"
2025-12-21 19:52:49,544 - httpx - INFO - HTTP Request: POST https://api.telegram.org/bot8476521610:AAFKJ_XrFUB5-reI1OjwvQ4vAPimyVMai3I/getUpdates "HTTP/1.1 200 OK"
2025-12-21 19:52:59,753 - httpx - INFO - HTTP Request: POST https://api.telegram.org/bot8476521610:AAFKJ_XrFUB5-reI1OjwvQ4vAPimyVMai3I/getUpdates "HTTP/1.1 200 OK"
2025-12-21 19:53:09,967 - httpx - INFO - HTTP Request: POST https://api.telegram.org/bot8476521610:AAFKJ_XrFUB5-reI1OjwvQ4vAPimyVMai3I/getUpdates "HTTP/1.1 200 OK"
2025-12-21 19:53:20,183 - httpx - INFO - HTTP Request: POST https://api.telegram.org/bot8476521610:AAFKJ_XrFUB5-reI1OjwvQ4vAPimyVMai3I/getUpdates "HTTP/1.1 200 OK"
2025-12-21 19:53:30,397 - httpx - INFO - HTTP Request: POST https://api.telegram.org/bot8476521610:AAFKJ_XrFUB5-reI1OjwvQ4vAPimyVMai3I/getUpdates "HTTP/1.1 200 OK"
2025-12-21 19:53:40,612 - httpx - INFO - HTTP Request: POST https://api.telegram.org/bot8476521610:AAFKJ_XrFUB5-reI1OjwvQ4vAPimyVMai3I/getUpdates "HTTP/1.1 200 OK"
2025-12-21 19:53:50,825 - httpx - INFO - HTTP Request: POST https://api.telegram.org/bot8476521610:AAFKJ_XrFUB5-reI1OjwvQ4vAPimyVMai3I/getUpdates "HTTP/1.1 200 OK"
2025-12-21 19:54:01,039 - httpx - INFO - HTTP Request: POST https://api.telegram.org/bot8476521610:AAFKJ_XrFUB5-reI1OjwvQ4vAPimyVMai3I/getUpdates "HTTP/1.1 200 OK"
2025-12-21 19:54:11,254 - httpx - INFO - HTTP Request: POST https://api.telegram.org/bot8476521610:AAFKJ_XrFUB5-reI1OjwvQ4vAPimyVMai3I/getUpdates "HTTP/1.1 200 OK"
2025-12-21 19:54:21,469 - httpx - INFO - HTTP Request: POST https://api.telegram.org/bot8476521610:AAFKJ_XrFUB5-reI1OjwvQ4vAPimyVMai3I/getUpdates "HTTP/1.1 200 OK"
2025-12-21 19:54:31,683 - httpx - INFO - HTTP Request: POST https://api.telegram.org/bot8476521610:AAFKJ_XrFUB5-reI1OjwvQ4vAPimyVMai3I/getUpdates "HTTP/1.1 200 OK"
2025-12-21 19:54:41,897 - httpx - INFO - HTTP Request: POST https://api.telegram.org/bot8476521610:AAFKJ_XrFUB5-reI1OjwvQ4vAPimyVMai3I/getUpdates "HTTP/1.1 200 OK"
2025-12-21 19:54:52,111 - httpx - INFO - HTTP Request: POST https://api.telegram.org/bot8476521610:AAFKJ_XrFUB5-reI1OjwvQ4vAPimyVMai3I/getUpdates "HTTP/1.1 200 OK"
2025-12-21 19:55:02,327 - httpx - INFO - HTTP Request: POST https://api.telegram.org/bot8476521610:AAFKJ_XrFUB5-reI1OjwvQ4vAPimyVMai3I/getUpdates "HTTP/1.1 200 OK"
2025-12-21 19:55:12,541 - httpx - INFO - HTTP Request: POST https://api.telegram.org/bot8476521610:AAFKJ_XrFUB5-reI1OjwvQ4vAPimyVMai3I/getUpdates "HTTP/1.1 200 OK"
2025-12-21 19:55:22,756 - httpx - INFO - HTTP Request: POST https://api.telegram.org/bot8476521610:AAFKJ_XrFUB5-reI1OjwvQ4vAPimyVMai3I/getUpdates "HTTP/1.1 200 OK"
2025-12-21 19:55:32,972 - httpx - INFO - HTTP Request: POST https://api.telegram.org/bot8476521610:AAFKJ_XrFUB5-reI1OjwvQ4vAPimyVMai3I/getUpdates "HTTP/1.1 200 OK"
2025-12-21 19:55:43,187 - httpx - INFO - HTTP Request: POST https://api.telegram.org/bot8476521610:AAFKJ_XrFUB5-reI1OjwvQ4vAPimyVMai3I/getUpdates "HTTP/1.1 200 OK"
2025-12-21 19:55:53,401 - httpx - INFO - HTTP Request: POST https://api.telegram.org/bot8476521610:AAFKJ_XrFUB5-reI1OjwvQ4vAPimyVMai3I/getUpdates "HTTP/1.1 200 OK"
2025-12-21 19:56:03,615 - httpx - INFO - HTTP Request: POST https://api.telegram.org/bot8476521610:AAFKJ_XrFUB5-reI1OjwvQ4vAPimyVMai3I/getUpdates "HTTP/1.1 200 OK"
2025-12-21 19:56:13,829 - httpx - INFO - HTTP Request: POST https://api.telegram.org/bot8476521610:AAFKJ_XrFUB5-reI1OjwvQ4vAPimyVMai3I/getUpdates "HTTP/1.1 200 OK"
2025-12-21 19:56:24,044 - httpx - INFO - HTTP Request: POST https://api.telegram.org/bot8476521610:AAFKJ_XrFUB5-reI1OjwvQ4vAPimyVMai3I/getUpdates "HTTP/1.1 200 OK"
2025-12-21 19:56:34,259 - httpx - INFO - HTTP Request: POST https://api.telegram.org/bot8476521610:AAFKJ_XrFUB5-reI1OjwvQ4vAPimyVMai3I/getUpdates "HTTP/1.1 200 OK"
2025-12-21 19:56:44,474 - httpx - INFO - HTTP Request: POST https://api.telegram.org/bot8476521610:AAFKJ_XrFUB5-reI1OjwvQ4vAPimyVMai3I/getUpdates "HTTP/1.1 200 OK"
2025-12-21 19:56:54,688 - httpx - INFO - HTTP Request: POST https://api.telegram.org/bot8476521610:AAFKJ_XrFUB5-reI1OjwvQ4vAPimyVMai3I/getUpdates "HTTP/1.1 200 OK"
2025-12-21 19:57:04,903 - httpx - INFO - HTTP Request: POST https://api.telegram.org/bot8476521610:AAFKJ_XrFUB5-reI1OjwvQ4vAPimyVMai3I/getUpdates "HTTP/1.1 200 OK"
2025-12-21 19:57:15,116 - httpx - INFO - HTTP Request: POST https://api.telegram.org/bot8476521610:AAFKJ_XrFUB5-reI1OjwvQ4vAPimyVMai3I/getUpdates "HTTP/1.1 200 OK"
2025-12-21 19:57:25,326 - httpx - INFO - HTTP Request: POST https://api.telegram.org/bot8476521610:AAFKJ_XrFUB5-reI1OjwvQ4vAPimyVMai3I/getUpdates "HTTP/1.1 200 OK"
2025-12-21 19:57:35,542 - httpx - INFO - HTTP Request: POST https://api.telegram.org/bot8476521610:AAFKJ_XrFUB5-reI1OjwvQ4vAPimyVMai3I/getUpdates "HTTP/1.1 200 OK"
2025-12-21 19:57:45,753 - httpx - INFO - HTTP Request: POST https://api.telegram.org/bot8476521610:AAFKJ_XrFUB5-reI1OjwvQ4vAPimyVMai3I/getUpdates "HTTP/1.1 200 OK"
2025-12-21 19:57:55,968 - httpx - INFO - HTTP Request: POST https://api.telegram.org/bot8476521610:AAFKJ_XrFUB5-reI1OjwvQ4vAPimyVMai3I/getUpdates "HTTP/1.1 200 OK"
2025-12-21 19:58:06,179 - httpx - INFO - HTTP Request: POST https://api.telegram.org/bot8476521610:AAFKJ_XrFUB5-reI1OjwvQ4vAPimyVMai3I/getUpdates "HTTP/1.1 200 OK"
2025-12-21 19:58:16,395 - httpx - INFO - HTTP Request: POST https://api.telegram.org/bot8476521610:AAFKJ_XrFUB5-reI1OjwvQ4vAPimyVMai3I/getUpdates "HTTP/1.1 200 OK"
2025-12-21 19:58:26,609 - httpx - INFO - HTTP Request: POST https://api.telegram.org/bot8476521610:AAFKJ_XrFUB5-reI1OjwvQ4vAPimyVMai3I/getUpdates "HTTP/1.1 200 OK"
2025-12-21 19:58:36,825 - httpx - INFO - HTTP Request: POST https://api.telegram.org/bot8476521610:AAFKJ_XrFUB5-reI1OjwvQ4vAPimyVMai3I/getUpdates "HTTP/1.1 200 OK"
2025-12-21 19:58:47,039 - httpx - INFO - HTTP Request: POST https://api.telegram.org/bot8476521610:AAFKJ_XrFUB5-reI1OjwvQ4vAPimyVMai3I/getUpdates "HTTP/1.1 200 OK"
2025-12-21 19:58:57,253 - httpx - INFO - HTTP Request: POST https://api.telegram.org/bot8476521610:AAFKJ_XrFUB5-reI1OjwvQ4vAPimyVMai3I/getUpdates "HTTP/1.1 200 OK"
2025-12-21 19:59:07,469 - httpx - INFO - HTTP Request: POST https://api.telegram.org/bot8476521610:AAFKJ_XrFUB5-reI1OjwvQ4vAPimyVMai3I/getUpdates "HTTP/1.1 200 OK"
2025-12-21 19:59:17,682 - httpx - INFO - HTTP Request: POST https://api.telegram.org/bot8476521610:AAFKJ_XrFUB5-reI1OjwvQ4vAPimyVMai3I/getUpdates "HTTP/1.1 200 OK"
2025-12-21 19:59:27,898 - httpx - INFO - HTTP Request: POST https://api.telegram.org/bot8476521610:AAFKJ_XrFUB5-reI1OjwvQ4vAPimyVMai3I/getUpdates "HTTP/1.1 200 OK"
2025-12-21 19:59:38,111 - httpx - INFO - HTTP Request: POST https://api.telegram.org/bot8476521610:AAFKJ_XrFUB5-reI1OjwvQ4vAPimyVMai3I/getUpdates "HTTP/1.1 200 OK"
2025-12-21 20:00:38,489 - httpx - INFO - HTTP Request: POST https://api.telegram.org/bot8476521610:AAFKJ_XrFUB5-reI1OjwvQ4vAPimyVMai3I/getUpdates "HTTP/1.1 200 OK"
2025-12-21 20:00:48,701 - httpx - INFO - HTTP Request: POST https://api.telegram.org/bot8476521610:AAFKJ_XrFUB5-reI1OjwvQ4vAPimyVMai3I/getUpdates "HTTP/1.1 200 OK"
2025-12-21 20:00:58,898 - httpx - INFO - HTTP Request: POST https://api.telegram.org/bot8476521610:AAFKJ_XrFUB5-reI1OjwvQ4vAPimyVMai3I/getUpdates "HTTP/1.1 200 OK"
2025-12-21 20:01:09,095 - httpx - INFO - HTTP Request: POST https://api.telegram.org/bot8476521610:AAFKJ_XrFUB5-reI1OjwvQ4vAPimyVMai3I/getUpdates "HTTP/1.1 200 OK"
2025-12-21 20:01:19,295 - httpx - INFO - HTTP Request: POST https://api.telegram.org/bot8476521610:AAFKJ_XrFUB5-reI1OjwvQ4vAPimyVMai3I/getUpdates "HTTP/1.1 200 OK"
2025-12-21 20:01:29,491 - httpx - INFO - HTTP Request: POST https://api.telegram.org/bot8476521610:AAFKJ_XrFUB5-reI1OjwvQ4vAPimyVMai3I/getUpdates "HTTP/1.1 200 OK"
2025-12-21 20:01:39,694 - httpx - INFO - HTTP Request: POST https://api.telegram.org/bot8476521610:AAFKJ_XrFUB5-reI1OjwvQ4vAPimyVMai3I/getUpdates "HTTP/1.1 200 OK"
2025-12-21 20:01:49,892 - httpx - INFO - HTTP Request: POST https://api.telegram.org/bot8476521610:AAFKJ_XrFUB5-reI1OjwvQ4vAPimyVMai3I/getUpdates "HTTP/1.1 200 OK"
2025-12-21 20:02:00,090 - httpx - INFO - HTTP Request: POST https://api.telegram.org/bot8476521610:AAFKJ_XrFUB5-reI1OjwvQ4vAPimyVMai3I/getUpdates "HTTP/1.1 200 OK"
2025-12-21 20:02:10,296 - httpx - INFO - HTTP Request: POST https://api.telegram.org/bot8476521610:AAFKJ_XrFUB5-reI1OjwvQ4vAPimyVMai3I/getUpdates "HTTP/1.1 200 OK"
2025-12-21 20:02:20,498 - httpx - INFO - HTTP Request: POST https://api.telegram.org/bot8476521610:AAFKJ_XrFUB5-reI1OjwvQ4vAPimyVMai3I/getUpdates "HTTP/1.1 200 OK"
2025-12-21 20:02:30,701 - httpx - INFO - HTTP Request: POST https://api.telegram.org/bot8476521610:AAFKJ_XrFUB5-reI1OjwvQ4vAPimyVMai3I/getUpdates "HTTP/1.1 200 OK"
2025-12-21 20:02:40,903 - httpx - INFO - HTTP Request: POST https://api.telegram.org/bot8476521610:AAFKJ_XrFUB5-reI1OjwvQ4vAPimyVMai3I/getUpdates "HTTP/1.1 200 OK"
2025-12-21 20:02:51,105 - httpx - INFO - HTTP Request: POST https://api.telegram.org/bot8476521610:AAFKJ_XrFUB5-reI1OjwvQ4vAPimyVMai3I/getUpdates "HTTP/1.1 200 OK"
2025-12-21 20:03:01,309 - httpx - INFO - HTTP Request: POST https://api.telegram.org/bot8476521610:AAFKJ_XrFUB5-reI1OjwvQ4vAPimyVMai3I/getUpdates "HTTP/1.1 200 OK"
2025-12-21 20:03:11,511 - httpx - INFO - HTTP Request: POST https://api.telegram.org/bot8476521610:AAFKJ_XrFUB5-reI1OjwvQ4vAPimyVMai3I/getUpdates "HTTP/1.1 200 OK"
2025-12-21 20:03:21,721 - httpx - INFO - HTTP Request: POST https://api.telegram.org/bot8476521610:AAFKJ_XrFUB5-reI1OjwvQ4vAPimyVMai3I/getUpdates "HTTP/1.1 200 OK"
2025-12-21 20:03:31,923 - httpx - INFO - HTTP Request: POST https://api.telegram.org/bot8476521610:AAFKJ_XrFUB5-reI1OjwvQ4vAPimyVMai3I/getUpdates "HTTP/1.1 200 OK"
2025-12-21 20:03:42,126 - httpx - INFO - HTTP Request: POST https://api.telegram.org/bot8476521610:AAFKJ_XrFUB5-reI1OjwvQ4vAPimyVMai3I/getUpdates "HTTP/1.1 200 OK"
2025-12-21 20:03:52,329 - httpx - INFO - HTTP Request: POST https://api.telegram.org/bot8476521610:AAFKJ_XrFUB5-reI1OjwvQ4vAPimyVMai3I/getUpdates "HTTP/1.1 200 OK"
2025-12-21 20:04:02,533 - httpx - INFO - HTTP Request: POST https://api.telegram.org/bot8476521610:AAFKJ_XrFUB5-reI1OjwvQ4vAPimyVMai3I/getUpdates "HTTP/1.1 200 OK"
2025-12-21 20:04:12,734 - httpx - INFO - HTTP Request: POST https://api.telegram.org/bot8476521610:AAFKJ_XrFUB5-reI1OjwvQ4vAPimyVMai3I/getUpdates "HTTP/1.1 200 OK"
2025-12-21 20:04:22,936 - httpx - INFO - HTTP Request: POST https://api.telegram.org/bot8476521610:AAFKJ_XrFUB5-reI1OjwvQ4vAPimyVMai3I/getUpdates "HTTP/1.1 200 OK"
2025-12-21 20:04:33,142 - httpx - INFO - HTTP Request: POST https://api.telegram.org/bot8476521610:AAFKJ_XrFUB5-reI1OjwvQ4vAPimyVMai3I/getUpdates "HTTP/1.1 200 OK"
2025-12-21 20:04:43,344 - httpx - INFO - HTTP Request: POST https://api.telegram.org/bot8476521610:AAFKJ_XrFUB5-reI1OjwvQ4vAPimyVMai3I/getUpdates "HTTP/1.1 200 OK"
2025-12-21 20:04:53,542 - httpx - INFO - HTTP Request: POST https://api.telegram.org/bot8476521610:AAFKJ_XrFUB5-reI1OjwvQ4vAPimyVMai3I/getUpdates "HTTP/1.1 200 OK"
2025-12-21 20:05:03,745 - httpx - INFO - HTTP Request: POST https://api.telegram.org/bot8476521610:AAFKJ_XrFUB5-reI1OjwvQ4vAPimyVMai3I/getUpdates "HTTP/1.1 200 OK"
2025-12-21 20:05:13,947 - httpx - INFO - HTTP Request: POST https://api.telegram.org/bot8476521610:AAFKJ_XrFUB5-reI1OjwvQ4vAPimyVMai3I/getUpdates "HTTP/1.1 200 OK"
2025-12-21 20:05:24,151 - httpx - INFO - HTTP Request: POST https://api.telegram.org/bot8476521610:AAFKJ_XrFUB5-reI1OjwvQ4vAPimyVMai3I/getUpdates "HTTP/1.1 200 OK"
2025-12-21 20:05:34,354 - httpx - INFO - HTTP Request: POST https://api.telegram.org/bot8476521610:AAFKJ_XrFUB5-reI1OjwvQ4vAPimyVMai3I/getUpdates "HTTP/1.1 200 OK"
2025-12-21 20:05:44,558 - httpx - INFO - HTTP Request: POST https://api.telegram.org/bot8476521610:AAFKJ_XrFUB5-reI1OjwvQ4vAPimyVMai3I/getUpdates "HTTP/1.1 200 OK"
2025-12-21 20:05:54,761 - httpx - INFO - HTTP Request: POST https://api.telegram.org/bot8476521610:AAFKJ_XrFUB5-reI1OjwvQ4vAPimyVMai3I/getUpdates "HTTP/1.1 200 OK"
2025-12-21 20:06:04,963 - httpx - INFO - HTTP Request: POST https://api.telegram.org/bot8476521610:AAFKJ_XrFUB5-reI1OjwvQ4vAPimyVMai3I/getUpdates "HTTP/1.1 200 OK"
2025-12-21 20:06:15,168 - httpx - INFO - HTTP Request: POST https://api.telegram.org/bot8476521610:AAFKJ_XrFUB5-reI1OjwvQ4vAPimyVMai3I/getUpdates "HTTP/1.1 200 OK"
2025-12-21 20:06:25,367 - httpx - INFO - HTTP Request: POST https://api.telegram.org/bot8476521610:AAFKJ_XrFUB5-reI1OjwvQ4vAPimyVMai3I/getUpdates "HTTP/1.1 200 OK"
2025-12-21 20:06:35,566 - httpx - INFO - HTTP Request: POST https://api.telegram.org/bot8476521610:AAFKJ_XrFUB5-reI1OjwvQ4vAPimyVMai3I/getUpdates "HTTP/1.1 200 OK"
2025-12-21 20:06:45,764 - httpx - INFO - HTTP Request: POST https://api.telegram.org/bot8476521610:AAFKJ_XrFUB5-reI1OjwvQ4vAPimyVMai3I/getUpdates "HTTP/1.1 200 OK"
2025-12-21 20:06:55,962 - httpx - INFO - HTTP Request: POST https://api.telegram.org/bot8476521610:AAFKJ_XrFUB5-reI1OjwvQ4vAPimyVMai3I/getUpdates "HTTP/1.1 200 OK"
2025-12-21 20:07:06,162 - httpx - INFO - HTTP Request: POST https://api.telegram.org/bot8476521610:AAFKJ_XrFUB5-reI1OjwvQ4vAPimyVMai3I/getUpdates "HTTP/1.1 200 OK"
2025-12-21 20:07:16,365 - httpx - INFO - HTTP Request: POST https://api.telegram.org/bot8476521610:AAFKJ_XrFUB5-reI1OjwvQ4vAPimyVMai3I/getUpdates "HTTP/1.1 200 OK"
2025-12-21 20:07:26,569 - httpx - INFO - HTTP Request: POST https://api.telegram.org/bot8476521610:AAFKJ_XrFUB5-reI1OjwvQ4vAPimyVMai3I/getUpdates "HTTP/1.1 200 OK"
2025-12-21 20:07:36,769 - httpx - INFO - HTTP Request: POST https://api.telegram.org/bot8476521610:AAFKJ_XrFUB5-reI1OjwvQ4vAPimyVMai3I/getUpdates "HTTP/1.1 200 OK"
2025-12-21 20:07:46,968 - httpx - INFO - HTTP Request: POST https://api.telegram.org/bot8476521610:AAFKJ_XrFUB5-reI1OjwvQ4vAPimyVMai3I/getUpdates "HTTP/1.1 200 OK"
2025-12-21 20:07:57,171 - httpx - INFO - HTTP Request: POST https://api.telegram.org/bot8476521610:AAFKJ_XrFUB5-reI1OjwvQ4vAPimyVMai3I/getUpdates "HTTP/1.1 200 OK"
2025-12-21 20:08:07,374 - httpx - INFO - HTTP Request: POST https://api.telegram.org/bot8476521610:AAFKJ_XrFUB5-reI1OjwvQ4vAPimyVMai3I/getUpdates "HTTP/1.1 200 OK"
2025-12-21 20:08:17,578 - httpx - INFO - HTTP Request: POST https://api.telegram.org/bot8476521610:AAFKJ_XrFUB5-reI1OjwvQ4vAPimyVMai3I/getUpdates "HTTP/1.1 200 OK"
2025-12-21 20:08:27,785 - httpx - INFO - HTTP Request: POST https://api.telegram.org/bot8476521610:AAFKJ_XrFUB5-reI1OjwvQ4vAPimyVMai3I/getUpdates "HTTP/1.1 200 OK"
2025-12-21 20:08:38,002 - httpx - INFO - HTTP Request: POST https://api.telegram.org/bot8476521610:AAFKJ_XrFUB5-reI1OjwvQ4vAPimyVMai3I/getUpdates "HTTP/1.1 200 OK"
2025-12-21 20:08:48,205 - httpx - INFO - HTTP Request: POST https://api.telegram.org/bot8476521610:AAFKJ_XrFUB5-reI1OjwvQ4vAPimyVMai3I/getUpdates "HTTP/1.1 200 OK"
2025-12-21 20:08:58,408 - httpx - INFO - HTTP Request: POST https://api.telegram.org/bot8476521610:AAFKJ_XrFUB5-reI1OjwvQ4vAPimyVMai3I/getUpdates "HTTP/1.1 200 OK"
2025-12-21 20:09:08,611 - httpx - INFO - HTTP Request: POST https://api.telegram.org/bot8476521610:AAFKJ_XrFUB5-reI1OjwvQ4vAPimyVMai3I/getUpdates "HTTP/1.1 200 OK"
2025-12-21 20:09:18,814 - httpx - INFO - HTTP Request: POST https://api.telegram.org/bot8476521610:AAFKJ_XrFUB5-reI1OjwvQ4vAPimyVMai3I/getUpdates "HTTP/1.1 200 OK"
2025-12-21 20:09:29,018 - httpx - INFO - HTTP Request: POST https://api.telegram.org/bot8476521610:AAFKJ_XrFUB5-reI1OjwvQ4vAPimyVMai3I/getUpdates "HTTP/1.1 200 OK"
2025-12-21 20:09:39,220 - httpx - INFO - HTTP Request: POST https://api.telegram.org/bot8476521610:AAFKJ_XrFUB5-reI1OjwvQ4vAPimyVMai3I/getUpdates "HTTP/1.1 200 OK"
2025-12-21 20:09:49,424 - httpx - INFO - HTTP Request: POST https://api.telegram.org/bot8476521610:AAFKJ_XrFUB5-reI1OjwvQ4vAPimyVMai3I/getUpdates "HTTP/1.1 200 OK"
2025-12-21 20:09:59,627 - httpx - INFO - HTTP Request: POST https://api.telegram.org/bot8476521610:AAFKJ_XrFUB5-reI1OjwvQ4vAPimyVMai3I/getUpdates "HTTP/1.1 200 OK"
2025-12-21 20:10:09,831 - httpx - INFO - HTTP Request: POST https://api.telegram.org/bot8476521610:AAFKJ_XrFUB5-reI1OjwvQ4vAPimyVMai3I/getUpdates "HTTP/1.1 200 OK"
2025-12-21 20:10:20,036 - httpx - INFO - HTTP Request: POST https://api.telegram.org/bot8476521610:AAFKJ_XrFUB5-reI1OjwvQ4vAPimyVMai3I/getUpdates "HTTP/1.1 200 OK"
2025-12-21 20:10:30,247 - httpx - INFO - HTTP Request: POST https://api.telegram.org/bot8476521610:AAFKJ_XrFUB5-reI1OjwvQ4vAPimyVMai3I/getUpdates "HTTP/1.1 200 OK"
2025-12-21 20:10:40,449 - httpx - INFO - HTTP Request: POST https://api.telegram.org/bot8476521610:AAFKJ_XrFUB5-reI1OjwvQ4vAPimyVMai3I/getUpdates "HTTP/1.1 200 OK"
2025-12-21 20:10:50,650 - httpx - INFO - HTTP Request: POST https://api.telegram.org/bot8476521610:AAFKJ_XrFUB5-reI1OjwvQ4vAPimyVMai3I/getUpdates "HTTP/1.1 200 OK"
2025-12-21 20:11:00,854 - httpx - INFO - HTTP Request: POST https://api.telegram.org/bot8476521610:AAFKJ_XrFUB5-reI1OjwvQ4vAPimyVMai3I/getUpdates "HTTP/1.1 200 OK"
2025-12-21 20:11:11,057 - httpx - INFO - HTTP Request: POST https://api.telegram.org/bot8476521610:AAFKJ_XrFUB5-reI1OjwvQ4vAPimyVMai3I/getUpdates "HTTP/1.1 200 OK"
2025-12-21 20:11:21,259 - httpx - INFO - HTTP Request: POST https://api.telegram.org/bot8476521610:AAFKJ_XrFUB5-reI1OjwvQ4vAPimyVMai3I/getUpdates "HTTP/1.1 200 OK"
2025-12-21 20:11:31,463 - httpx - INFO - HTTP Request: POST https://api.telegram.org/bot8476521610:AAFKJ_XrFUB5-reI1OjwvQ4vAPimyVMai3I/getUpdates "HTTP/1.1 200 OK"
2025-12-21 20:11:41,665 - httpx - INFO - HTTP Request: POST https://api.telegram.org/bot8476521610:AAFKJ_XrFUB5-reI1OjwvQ4vAPimyVMai3I/getUpdates "HTTP/1.1 200 OK"
2025-12-21 20:11:51,870 - httpx - INFO - HTTP Request: POST https://api.telegram.org/bot8476521610:AAFKJ_XrFUB5-reI1OjwvQ4vAPimyVMai3I/getUpdates "HTTP/1.1 200 OK"
2025-12-21 20:12:02,074 - httpx - INFO - HTTP Request: POST https://api.telegram.org/bot8476521610:AAFKJ_XrFUB5-reI1OjwvQ4vAPimyVMai3I/getUpdates "HTTP/1.1 200 OK"
2025-12-21 20:12:12,277 - httpx - INFO - HTTP Request: POST https://api.telegram.org/bot8476521610:AAFKJ_XrFUB5-reI1OjwvQ4vAPimyVMai3I/getUpdates "HTTP/1.1 200 OK"
2025-12-21 20:12:22,481 - httpx - INFO - HTTP Request: POST https://api.telegram.org/bot8476521610:AAFKJ_XrFUB5-reI1OjwvQ4vAPimyVMai3I/getUpdates "HTTP/1.1 200 OK"
2025-12-21 20:12:32,685 - httpx - INFO - HTTP Request: POST https://api.telegram.org/bot8476521610:AAFKJ_XrFUB5-reI1OjwvQ4vAPimyVMai3I/getUpdates "HTTP/1.1 200 OK"
2025-12-21 20:12:42,890 - httpx - INFO - HTTP Request: POST https://api.telegram.org/bot8476521610:AAFKJ_XrFUB5-reI1OjwvQ4vAPimyVMai3I/getUpdates "HTTP/1.1 200 OK"
2025-12-21 20:12:53,095 - httpx - INFO - HTTP Request: POST https://api.telegram.org/bot8476521610:AAFKJ_XrFUB5-reI1OjwvQ4vAPimyVMai3I/getUpdates "HTTP/1.1 200 OK"
2025-12-21 20:13:03,299 - httpx - INFO - HTTP Request: POST https://api.telegram.org/bot8476521610:AAFKJ_XrFUB5-reI1OjwvQ4vAPimyVMai3I/getUpdates "HTTP/1.1 200 OK"
2025-12-21 20:13:13,501 - httpx - INFO - HTTP Request: POST https://api.telegram.org/bot8476521610:AAFKJ_XrFUB5-reI1OjwvQ4vAPimyVMai3I/getUpdates "HTTP/1.1 200 OK"
2025-12-21 20:13:23,705 - httpx - INFO - HTTP Request: POST https://api.telegram.org/bot8476521610:AAFKJ_XrFUB5-reI1OjwvQ4vAPimyVMai3I/getUpdates "HTTP/1.1 200 OK"
2025-12-21 20:13:33,929 - httpx - INFO - HTTP Request: POST https://api.telegram.org/bot8476521610:AAFKJ_XrFUB5-reI1OjwvQ4vAPimyVMai3I/getUpdates "HTTP/1.1 200 OK"
2025-12-21 20:13:44,128 - httpx - INFO - HTTP Request: POST https://api.telegram.org/bot8476521610:AAFKJ_XrFUB5-reI1OjwvQ4vAPimyVMai3I/getUpdates "HTTP/1.1 200 OK"
2025-12-21 20:13:54,333 - httpx - INFO - HTTP Request: POST https://api.telegram.org/bot8476521610:AAFKJ_XrFUB5-reI1OjwvQ4vAPimyVMai3I/getUpdates "HTTP/1.1 200 OK"
2025-12-21 20:14:04,536 - httpx - INFO - HTTP Request: POST https://api.telegram.org/bot8476521610:AAFKJ_XrFUB5-reI1OjwvQ4vAPimyVMai3I/getUpdates "HTTP/1.1 200 OK"
2025-12-21 20:14:14,739 - httpx - INFO - HTTP Request: POST https://api.telegram.org/bot8476521610:AAFKJ_XrFUB5-reI1OjwvQ4vAPimyVMai3I/getUpdates "HTTP/1.1 200 OK"
2025-12-21 20:14:24,940 - httpx - INFO - HTTP Request: POST https://api.telegram.org/bot8476521610:AAFKJ_XrFUB5-reI1OjwvQ4vAPimyVMai3I/getUpdates "HTTP/1.1 200 OK"
2025-12-21 20:14:35,149 - httpx - INFO - HTTP Request: POST https://api.telegram.org/bot8476521610:AAFKJ_XrFUB5-reI1OjwvQ4vAPimyVMai3I/getUpdates "HTTP/1.1 200 OK"
2025-12-21 20:14:45,354 - httpx - INFO - HTTP Request: POST https://api.telegram.org/bot8476521610:AAFKJ_XrFUB5-reI1OjwvQ4vAPimyVMai3I/getUpdates "HTTP/1.1 200 OK"
2025-12-21 20:14:55,564 - httpx - INFO - HTTP Request: POST https://api.telegram.org/bot8476521610:AAFKJ_XrFUB5-reI1OjwvQ4vAPimyVMai3I/getUpdates "HTTP/1.1 200 OK"
2025-12-21 20:15:05,770 - httpx - INFO - HTTP Request: POST https://api.telegram.org/bot8476521610:AAFKJ_XrFUB5-reI1OjwvQ4vAPimyVMai3I/getUpdates "HTTP/1.1 200 OK"
2025-12-21 20:15:15,970 - httpx - INFO - HTTP Request: POST https://api.telegram.org/bot8476521610:AAFKJ_XrFUB5-reI1OjwvQ4vAPimyVMai3I/getUpdates "HTTP/1.1 200 OK"
2025-12-21 20:15:26,171 - httpx - INFO - HTTP Request: POST https://api.telegram.org/bot8476521610:AAFKJ_XrFUB5-reI1OjwvQ4vAPimyVMai3I/getUpdates "HTTP/1.1 200 OK"
2025-12-21 20:15:36,371 - httpx - INFO - HTTP Request: POST https://api.telegram.org/bot8476521610:AAFKJ_XrFUB5-reI1OjwvQ4vAPimyVMai3I/getUpdates "HTTP/1.1 200 OK"
2025-12-21 20:15:46,574 - httpx - INFO - HTTP Request: POST https://api.telegram.org/bot8476521610:AAFKJ_XrFUB5-reI1OjwvQ4vAPimyVMai3I/getUpdates "HTTP/1.1 200 OK"
2025-12-21 20:15:56,776 - httpx - INFO - HTTP Request: POST https://api.telegram.org/bot8476521610:AAFKJ_XrFUB5-reI1OjwvQ4vAPimyVMai3I/getUpdates "HTTP/1.1 200 OK"
2025-12-21 20:16:06,980 - httpx - INFO - HTTP Request: POST https://api.telegram.org/bot8476521610:AAFKJ_XrFUB5-reI1OjwvQ4vAPimyVMai3I/getUpdates "HTTP/1.1 200 OK"
2025-12-21 20:16:17,184 - httpx - INFO - HTTP Request: POST https://api.telegram.org/bot8476521610:AAFKJ_XrFUB5-reI1OjwvQ4vAPimyVMai3I/getUpdates "HTTP/1.1 200 OK"
2025-12-21 20:16:27,397 - httpx - INFO - HTTP Request: POST https://api.telegram.org/bot8476521610:AAFKJ_XrFUB5-reI1OjwvQ4vAPimyVMai3I/getUpdates "HTTP/1.1 200 OK"
2025-12-21 20:16:37,600 - httpx - INFO - HTTP Request: POST https://api.telegram.org/bot8476521610:AAFKJ_XrFUB5-reI1OjwvQ4vAPimyVMai3I/getUpdates "HTTP/1.1 200 OK"
2025-12-21 20:16:47,802 - httpx - INFO - HTTP Request: POST https://api.telegram.org/bot8476521610:AAFKJ_XrFUB5-reI1OjwvQ4vAPimyVMai3I/getUpdates "HTTP/1.1 200 OK"
2025-12-21 20:16:58,004 - httpx - INFO - HTTP Request: POST https://api.telegram.org/bot8476521610:AAFKJ_XrFUB5-reI1OjwvQ4vAPimyVMai3I/getUpdates "HTTP/1.1 200 OK"
2025-12-21 20:17:08,203 - httpx - INFO - HTTP Request: POST https://api.telegram.org/bot8476521610:AAFKJ_XrFUB5-reI1OjwvQ4vAPimyVMai3I/getUpdates "HTTP/1.1 200 OK"
2025-12-21 20:17:18,407 - httpx - INFO - HTTP Request: POST https://api.telegram.org/bot8476521610:AAFKJ_XrFUB5-reI1OjwvQ4vAPimyVMai3I/getUpdates "HTTP/1.1 200 OK"
2025-12-21 20:17:28,613 - httpx - INFO - HTTP Request: POST https://api.telegram.org/bot8476521610:AAFKJ_XrFUB5-reI1OjwvQ4vAPimyVMai3I/getUpdates "HTTP/1.1 200 OK"
2025-12-21 20:17:39,237 - httpx - INFO - HTTP Request: POST https://api.telegram.org/bot8476521610:AAFKJ_XrFUB5-reI1OjwvQ4vAPimyVMai3I/getUpdates "HTTP/1.1 200 OK"
2025-12-21 20:17:49,444 - httpx - INFO - HTTP Request: POST https://api.telegram.org/bot8476521610:AAFKJ_XrFUB5-reI1OjwvQ4vAPimyVMai3I/getUpdates "HTTP/1.1 200 OK"
2025-12-21 20:17:59,688 - httpx - INFO - HTTP Request: POST https://api.telegram.org/bot8476521610:AAFKJ_XrFUB5-reI1OjwvQ4vAPimyVMai3I/getUpdates "HTTP/1.1 200 OK"
2025-12-21 20:18:09,897 - httpx - INFO - HTTP Request: POST https://api.telegram.org/bot8476521610:AAFKJ_XrFUB5-reI1OjwvQ4vAPimyVMai3I/getUpdates "HTTP/1.1 200 OK"
2025-12-21 20:18:20,103 - httpx - INFO - HTTP Request: POST https://api.telegram.org/bot8476521610:AAFKJ_XrFUB5-reI1OjwvQ4vAPimyVMai3I/getUpdates "HTTP/1.1 200 OK"
2025-12-21 20:18:30,313 - httpx - INFO - HTTP Request: POST https://api.telegram.org/bot8476521610:AAFKJ_XrFUB5-reI1OjwvQ4vAPimyVMai3I/getUpdates "HTTP/1.1 200 OK"
2025-12-21 20:18:40,523 - httpx - INFO - HTTP Request: POST https://api.telegram.org/bot8476521610:AAFKJ_XrFUB5-reI1OjwvQ4vAPimyVMai3I/getUpdates "HTTP/1.1 200 OK"
2025-12-21 20:18:50,731 - httpx - INFO - HTTP Request: POST https://api.telegram.org/bot8476521610:AAFKJ_XrFUB5-reI1OjwvQ4vAPimyVMai3I/getUpdates "HTTP/1.1 200 OK"
2025-12-21 20:19:00,938 - httpx - INFO - HTTP Request: POST https://api.telegram.org/bot8476521610:AAFKJ_XrFUB5-reI1OjwvQ4vAPimyVMai3I/getUpdates "HTTP/1.1 200 OK"
2025-12-21 20:19:11,147 - httpx - INFO - HTTP Request: POST https://api.telegram.org/bot8476521610:AAFKJ_XrFUB5-reI1OjwvQ4vAPimyVMai3I/getUpdates "HTTP/1.1 200 OK"
2025-12-21 20:19:21,354 - httpx - INFO - HTTP Request: POST https://api.telegram.org/bot8476521610:AAFKJ_XrFUB5-reI1OjwvQ4vAPimyVMai3I/getUpdates "HTTP/1.1 200 OK"
2025-12-21 20:19:31,561 - httpx - INFO - HTTP Request: POST https://api.telegram.org/bot8476521610:AAFKJ_XrFUB5-reI1OjwvQ4vAPimyVMai3I/getUpdates "HTTP/1.1 200 OK"
2025-12-21 20:19:41,767 - httpx - INFO - HTTP Request: POST https://api.telegram.org/bot8476521610:AAFKJ_XrFUB5-reI1OjwvQ4vAPimyVMai3I/getUpdates "HTTP/1.1 200 OK"
2025-12-21 20:19:51,973 - httpx - INFO - HTTP Request: POST https://api.telegram.org/bot8476521610:AAFKJ_XrFUB5-reI1OjwvQ4vAPimyVMai3I/getUpdates "HTTP/1.1 200 OK"
2025-12-21 20:20:02,176 - httpx - INFO - HTTP Request: POST https://api.telegram.org/bot8476521610:AAFKJ_XrFUB5-reI1OjwvQ4vAPimyVMai3I/getUpdates "HTTP/1.1 200 OK"
2025-12-21 20:20:12,378 - httpx - INFO - HTTP Request: POST https://api.telegram.org/bot8476521610:AAFKJ_XrFUB5-reI1OjwvQ4vAPimyVMai3I/getUpdates "HTTP/1.1 200 OK"
2025-12-21 20:20:22,587 - httpx - INFO - HTTP Request: POST https://api.telegram.org/bot8476521610:AAFKJ_XrFUB5-reI1OjwvQ4vAPimyVMai3I/getUpdates "HTTP/1.1 200 OK"
2025-12-21 20:20:32,794 - httpx - INFO - HTTP Request: POST https://api.telegram.org/bot8476521610:AAFKJ_XrFUB5-reI1OjwvQ4vAPimyVMai3I/getUpdates "HTTP/1.1 200 OK"
2025-12-21 20:20:43,006 - httpx - INFO - HTTP Request: POST https://api.telegram.org/bot8476521610:AAFKJ_XrFUB5-reI1OjwvQ4vAPimyVMai3I/getUpdates "HTTP/1.1 200 OK"
2025-12-21 20:20:53,211 - httpx - INFO - HTTP Request: POST https://api.telegram.org/bot8476521610:AAFKJ_XrFUB5-reI1OjwvQ4vAPimyVMai3I/getUpdates "HTTP/1.1 200 OK"
2025-12-21 20:21:03,418 - httpx - INFO - HTTP Request: POST https://api.telegram.org/bot8476521610:AAFKJ_XrFUB5-reI1OjwvQ4vAPimyVMai3I/getUpdates "HTTP/1.1 200 OK"
2025-12-21 20:21:13,624 - httpx - INFO - HTTP Request: POST https://api.telegram.org/bot8476521610:AAFKJ_XrFUB5-reI1OjwvQ4vAPimyVMai3I/getUpdates "HTTP/1.1 200 OK"
2025-12-21 20:21:23,832 - httpx - INFO - HTTP Request: POST https://api.telegram.org/bot8476521610:AAFKJ_XrFUB5-reI1OjwvQ4vAPimyVMai3I/getUpdates "HTTP/1.1 200 OK"
2025-12-21 20:21:34,040 - httpx - INFO - HTTP Request: POST https://api.telegram.org/bot8476521610:AAFKJ_XrFUB5-reI1OjwvQ4vAPimyVMai3I/getUpdates "HTTP/1.1 200 OK"
2025-12-21 20:21:44,247 - httpx - INFO - HTTP Request: POST https://api.telegram.org/bot8476521610:AAFKJ_XrFUB5-reI1OjwvQ4vAPimyVMai3I/getUpdates "HTTP/1.1 200 OK"
2025-12-21 20:21:54,453 - httpx - INFO - HTTP Request: POST https://api.telegram.org/bot8476521610:AAFKJ_XrFUB5-reI1OjwvQ4vAPimyVMai3I/getUpdates "HTTP/1.1 200 OK"
2025-12-21 20:22:04,661 - httpx - INFO - HTTP Request: POST https://api.telegram.org/bot8476521610:AAFKJ_XrFUB5-reI1OjwvQ4vAPimyVMai3I/getUpdates "HTTP/1.1 200 OK"
2025-12-21 20:22:14,870 - httpx - INFO - HTTP Request: POST https://api.telegram.org/bot8476521610:AAFKJ_XrFUB5-reI1OjwvQ4vAPimyVMai3I/getUpdates "HTTP/1.1 200 OK"
2025-12-21 20:22:25,077 - httpx - INFO - HTTP Request: POST https://api.telegram.org/bot8476521610:AAFKJ_XrFUB5-reI1OjwvQ4vAPimyVMai3I/getUpdates "HTTP/1.1 200 OK"
2025-12-21 20:22:35,284 - httpx - INFO - HTTP Request: POST https://api.telegram.org/bot8476521610:AAFKJ_XrFUB5-reI1OjwvQ4vAPimyVMai3I/getUpdates "HTTP/1.1 200 OK"
2025-12-21 20:22:45,487 - httpx - INFO - HTTP Request: POST https://api.telegram.org/bot8476521610:AAFKJ_XrFUB5-reI1OjwvQ4vAPimyVMai3I/getUpdates "HTTP/1.1 200 OK"
2025-12-21 20:22:55,695 - httpx - INFO - HTTP Request: POST https://api.telegram.org/bot8476521610:AAFKJ_XrFUB5-reI1OjwvQ4vAPimyVMai3I/getUpdates "HTTP/1.1 200 OK"
2025-12-21 20:23:05,903 - httpx - INFO - HTTP Request: POST https://api.telegram.org/bot8476521610:AAFKJ_XrFUB5-reI1OjwvQ4vAPimyVMai3I/getUpdates "HTTP/1.1 200 OK"
2025-12-21 20:23:16,107 - httpx - INFO - HTTP Request: POST https://api.telegram.org/bot8476521610:AAFKJ_XrFUB5-reI1OjwvQ4vAPimyVMai3I/getUpdates "HTTP/1.1 200 OK"
2025-12-21 20:23:26,316 - httpx - INFO - HTTP Request: POST https://api.telegram.org/bot8476521610:AAFKJ_XrFUB5-reI1OjwvQ4vAPimyVMai3I/getUpdates "HTTP/1.1 200 OK"
2025-12-21 20:23:36,530 - httpx - INFO - HTTP Request: POST https://api.telegram.org/bot8476521610:AAFKJ_XrFUB5-reI1OjwvQ4vAPimyVMai3I/getUpdates "HTTP/1.1 200 OK"
2025-12-21 20:23:46,738 - httpx - INFO - HTTP Request: POST https://api.telegram.org/bot8476521610:AAFKJ_XrFUB5-reI1OjwvQ4vAPimyVMai3I/getUpdates "HTTP/1.1 200 OK"
2025-12-21 20:23:56,947 - httpx - INFO - HTTP Request: POST https://api.telegram.org/bot8476521610:AAFKJ_XrFUB5-reI1OjwvQ4vAPimyVMai3I/getUpdates "HTTP/1.1 200 OK"
2025-12-21 20:24:07,152 - httpx - INFO - HTTP Request: POST https://api.telegram.org/bot8476521610:AAFKJ_XrFUB5-reI1OjwvQ4vAPimyVMai3I/getUpdates "HTTP/1.1 200 OK"
2025-12-21 20:24:17,358 - httpx - INFO - HTTP Request: POST https://api.telegram.org/bot8476521610:AAFKJ_XrFUB5-reI1OjwvQ4vAPimyVMai3I/getUpdates "HTTP/1.1 200 OK"
2025-12-21 20:24:27,567 - httpx - INFO - HTTP Request: POST https://api.telegram.org/bot8476521610:AAFKJ_XrFUB5-reI1OjwvQ4vAPimyVMai3I/getUpdates "HTTP/1.1 200 OK"
2025-12-21 20:24:37,774 - httpx - INFO - HTTP Request: POST https://api.telegram.org/bot8476521610:AAFKJ_XrFUB5-reI1OjwvQ4vAPimyVMai3I/getUpdates "HTTP/1.1 200 OK"
2025-12-21 20:24:47,982 - httpx - INFO - HTTP Request: POST https://api.telegram.org/bot8476521610:AAFKJ_XrFUB5-reI1OjwvQ4vAPimyVMai3I/getUpdates "HTTP/1.1 200 OK"
2025-12-21 20:24:58,189 - httpx - INFO - HTTP Request: POST https://api.telegram.org/bot8476521610:AAFKJ_XrFUB5-reI1OjwvQ4vAPimyVMai3I/getUpdates "HTTP/1.1 200 OK"
2025-12-21 20:25:08,397 - httpx - INFO - HTTP Request: POST https://api.telegram.org/bot8476521610:AAFKJ_XrFUB5-reI1OjwvQ4vAPimyVMai3I/getUpdates "HTTP/1.1 200 OK"
2025-12-21 20:25:18,604 - httpx - INFO - HTTP Request: POST https://api.telegram.org/bot8476521610:AAFKJ_XrFUB5-reI1OjwvQ4vAPimyVMai3I/getUpdates "HTTP/1.1 200 OK"
2025-12-21 20:25:28,809 - httpx - INFO - HTTP Request: POST https://api.telegram.org/bot8476521610:AAFKJ_XrFUB5-reI1OjwvQ4vAPimyVMai3I/getUpdates "HTTP/1.1 200 OK"
2025-12-21 20:25:39,018 - httpx - INFO - HTTP Request: POST https://api.telegram.org/bot8476521610:AAFKJ_XrFUB5-reI1OjwvQ4vAPimyVMai3I/getUpdates "HTTP/1.1 200 OK"
2025-12-21 20:25:49,219 - httpx - INFO - HTTP Request: POST https://api.telegram.org/bot8476521610:AAFKJ_XrFUB5-reI1OjwvQ4vAPimyVMai3I/getUpdates "HTTP/1.1 200 OK"
2025-12-21 20:25:59,426 - httpx - INFO - HTTP Request: POST https://api.telegram.org/bot8476521610:AAFKJ_XrFUB5-reI1OjwvQ4vAPimyVMai3I/getUpdates "HTTP/1.1 200 OK"
2025-12-21 20:26:09,634 - httpx - INFO - HTTP Request: POST https://api.telegram.org/bot8476521610:AAFKJ_XrFUB5-reI1OjwvQ4vAPimyVMai3I/getUpdates "HTTP/1.1 200 OK"
2025-12-21 20:26:19,841 - httpx - INFO - HTTP Request: POST https://api.telegram.org/bot8476521610:AAFKJ_XrFUB5-reI1OjwvQ4vAPimyVMai3I/getUpdates "HTTP/1.1 200 OK"
2025-12-21 20:26:30,049 - httpx - INFO - HTTP Request: POST https://api.telegram.org/bot8476521610:AAFKJ_XrFUB5-reI1OjwvQ4vAPimyVMai3I/getUpdates "HTTP/1.1 200 OK"
2025-12-21 20:26:40,256 - httpx - INFO - HTTP Request: POST https://api.telegram.org/bot8476521610:AAFKJ_XrFUB5-reI1OjwvQ4vAPimyVMai3I/getUpdates "HTTP/1.1 200 OK"
2025-12-21 20:26:50,458 - httpx - INFO - HTTP Request: POST https://api.telegram.org/bot8476521610:AAFKJ_XrFUB5-reI1OjwvQ4vAPimyVMai3I/getUpdates "HTTP/1.1 200 OK"
2025-12-21 20:27:00,661 - httpx - INFO - HTTP Request: POST https://api.telegram.org/bot8476521610:AAFKJ_XrFUB5-reI1OjwvQ4vAPimyVMai3I/getUpdates "HTTP/1.1 200 OK"
2025-12-21 20:27:10,868 - httpx - INFO - HTTP Request: POST https://api.telegram.org/bot8476521610:AAFKJ_XrFUB5-reI1OjwvQ4vAPimyVMai3I/getUpdates "HTTP/1.1 200 OK"
2025-12-21 20:27:21,076 - httpx - INFO - HTTP Request: POST https://api.telegram.org/bot8476521610:AAFKJ_XrFUB5-reI1OjwvQ4vAPimyVMai3I/getUpdates "HTTP/1.1 200 OK"
2025-12-21 20:27:31,283 - httpx - INFO - HTTP Request: POST https://api.telegram.org/bot8476521610:AAFKJ_XrFUB5-reI1OjwvQ4vAPimyVMai3I/getUpdates "HTTP/1.1 200 OK"
2025-12-21 20:27:41,490 - httpx - INFO - HTTP Request: POST https://api.telegram.org/bot8476521610:AAFKJ_XrFUB5-reI1OjwvQ4vAPimyVMai3I/getUpdates "HTTP/1.1 200 OK"
2025-12-21 20:27:51,697 - httpx - INFO - HTTP Request: POST https://api.telegram.org/bot8476521610:AAFKJ_XrFUB5-reI1OjwvQ4vAPimyVMai3I/getUpdates "HTTP/1.1 200 OK"
2025-12-21 20:28:01,904 - httpx - INFO - HTTP Request: POST https://api.telegram.org/bot8476521610:AAFKJ_XrFUB5-reI1OjwvQ4vAPimyVMai3I/getUpdates "HTTP/1.1 200 OK"
2025-12-21 20:28:12,112 - httpx - INFO - HTTP Request: POST https://api.telegram.org/bot8476521610:AAFKJ_XrFUB5-reI1OjwvQ4vAPimyVMai3I/getUpdates "HTTP/1.1 200 OK"
2025-12-21 20:28:22,322 - httpx - INFO - HTTP Request: POST https://api.telegram.org/bot8476521610:AAFKJ_XrFUB5-reI1OjwvQ4vAPimyVMai3I/getUpdates "HTTP/1.1 200 OK"
2025-12-21 20:28:32,525 - httpx - INFO - HTTP Request: POST https://api.telegram.org/bot8476521610:AAFKJ_XrFUB5-reI1OjwvQ4vAPimyVMai3I/getUpdates "HTTP/1.1 200 OK"
2025-12-21 20:28:42,738 - httpx - INFO - HTTP Request: POST https://api.telegram.org/bot8476521610:AAFKJ_XrFUB5-reI1OjwvQ4vAPimyVMai3I/getUpdates "HTTP/1.1 200 OK"
2025-12-21 20:28:52,944 - httpx - INFO - HTTP Request: POST https://api.telegram.org/bot8476521610:AAFKJ_XrFUB5-reI1OjwvQ4vAPimyVMai3I/getUpdates "HTTP/1.1 200 OK"
2025-12-21 20:29:03,152 - httpx - INFO - HTTP Request: POST https://api.telegram.org/bot8476521610:AAFKJ_XrFUB5-reI1OjwvQ4vAPimyVMai3I/getUpdates "HTTP/1.1 200 OK"
2025-12-21 20:29:13,360 - httpx - INFO - HTTP Request: POST https://api.telegram.org/bot8476521610:AAFKJ_XrFUB5-reI1OjwvQ4vAPimyVMai3I/getUpdates "HTTP/1.1 200 OK"
2025-12-21 20:29:23,567 - httpx - INFO - HTTP Request: POST https://api.telegram.org/bot8476521610:AAFKJ_XrFUB5-reI1OjwvQ4vAPimyVMai3I/getUpdates "HTTP/1.1 200 OK"
2025-12-21 20:29:33,774 - httpx - INFO - HTTP Request: POST https://api.telegram.org/bot8476521610:AAFKJ_XrFUB5-reI1OjwvQ4vAPimyVMai3I/getUpdates "HTTP/1.1 200 OK"
2025-12-21 20:29:43,980 - httpx - INFO - HTTP Request: POST https://api.telegram.org/bot8476521610:AAFKJ_XrFUB5-reI1OjwvQ4vAPimyVMai3I/getUpdates "HTTP/1.1 200 OK"
2025-12-21 20:29:54,189 - httpx - INFO - HTTP Request: POST https://api.telegram.org/bot8476521610:AAFKJ_XrFUB5-reI1OjwvQ4vAPimyVMai3I/getUpdates "HTTP/1.1 200 OK"
2025-12-21 20:30:04,400 - httpx - INFO - HTTP Request: POST https://api.telegram.org/bot8476521610:AAFKJ_XrFUB5-reI1OjwvQ4vAPimyVMai3I/getUpdates "HTTP/1.1 200 OK"
2025-12-21 20:30:14,607 - httpx - INFO - HTTP Request: POST https://api.telegram.org/bot8476521610:AAFKJ_XrFUB5-reI1OjwvQ4vAPimyVMai3I/getUpdates "HTTP/1.1 200 OK"
2025-12-21 20:30:24,813 - httpx - INFO - HTTP Request: POST https://api.telegram.org/bot8476521610:AAFKJ_XrFUB5-reI1OjwvQ4vAPimyVMai3I/getUpdates "HTTP/1.1 200 OK"
2025-12-21 20:30:35,020 - httpx - INFO - HTTP Request: POST https://api.telegram.org/bot8476521610:AAFKJ_XrFUB5-reI1OjwvQ4vAPimyVMai3I/getUpdates "HTTP/1.1 200 OK"
2025-12-21 20:31:24,707 - root - ERROR - Exception while handling an update:
Traceback (most recent call last):
  File "C:\Users\otavi\.virtualenvs\701-eBRsCayT\lib\site-packages\httpx\_transports\default.py", line 101, in map_httpcore_exceptions
    yield
  File "C:\Users\otavi\.virtualenvs\701-eBRsCayT\lib\site-packages\httpx\_transports\default.py", line 394, in handle_async_request
    resp = await self._pool.handle_async_request(req)
  File "C:\Users\otavi\.virtualenvs\701-eBRsCayT\lib\site-packages\httpcore\_async\connection_pool.py", line 256, in handle_async_request
    raise exc from None
  File "C:\Users\otavi\.virtualenvs\701-eBRsCayT\lib\site-packages\httpcore\_async\connection_pool.py", line 236, in handle_async_request
    response = await connection.handle_async_request(
  File "C:\Users\otavi\.virtualenvs\701-eBRsCayT\lib\site-packages\httpcore\_async\connection.py", line 101, in handle_async_request
    raise exc
  File "C:\Users\otavi\.virtualenvs\701-eBRsCayT\lib\site-packages\httpcore\_async\connection.py", line 78, in handle_async_request
    stream = await self._connect(request)
  File "C:\Users\otavi\.virtualenvs\701-eBRsCayT\lib\site-packages\httpcore\_async\connection.py", line 124, in _connect
    stream = await self._network_backend.connect_tcp(**kwargs)
  File "C:\Users\otavi\.virtualenvs\701-eBRsCayT\lib\site-packages\httpcore\_backends\auto.py", line 31, in connect_tcp
    return await self._backend.connect_tcp(
  File "C:\Users\otavi\.virtualenvs\701-eBRsCayT\lib\site-packages\httpcore\_backends\anyio.py", line 113, in connect_tcp
    with map_exceptions(exc_map):
  File "C:\Users\otavi\AppData\Local\Programs\Python\Python310\lib\contextlib.py", line 153, in __exit__
    self.gen.throw(typ, value, traceback)
  File "C:\Users\otavi\.virtualenvs\701-eBRsCayT\lib\site-packages\httpcore\_exceptions.py", line 14, in map_exceptions
    raise to_exc(exc) from exc
httpcore.ConnectError: [Errno 11001] getaddrinfo failed

The above exception was the direct cause of the following exception:

Traceback (most recent call last):
  File "C:\Users\otavi\.virtualenvs\701-eBRsCayT\lib\site-packages\telegram\request\_httpxrequest.py", line 279, in do_request
    res = await self._client.request(
  File "C:\Users\otavi\.virtualenvs\701-eBRsCayT\lib\site-packages\httpx\_client.py", line 1540, in request
    return await self.send(request, auth=auth, follow_redirects=follow_redirects)
  File "C:\Users\otavi\.virtualenvs\701-eBRsCayT\lib\site-packages\httpx\_client.py", line 1629, in send
    response = await self._send_handling_auth(
  File "C:\Users\otavi\.virtualenvs\701-eBRsCayT\lib\site-packages\httpx\_client.py", line 1657, in _send_handling_auth
    response = await self._send_handling_redirects(
  File "C:\Users\otavi\.virtualenvs\701-eBRsCayT\lib\site-packages\httpx\_client.py", line 1694, in _send_handling_redirects
    response = await self._send_single_request(request)
  File "C:\Users\otavi\.virtualenvs\701-eBRsCayT\lib\site-packages\httpx\_client.py", line 1730, in _send_single_request
    response = await transport.handle_async_request(request)
  File "C:\Users\otavi\.virtualenvs\701-eBRsCayT\lib\site-packages\httpx\_transports\default.py", line 393, in handle_async_request
    with map_httpcore_exceptions():
  File "C:\Users\otavi\AppData\Local\Programs\Python\Python310\lib\contextlib.py", line 153, in __exit__
    self.gen.throw(typ, value, traceback)
  File "C:\Users\otavi\.virtualenvs\701-eBRsCayT\lib\site-packages\httpx\_transports\default.py", line 118, in map_httpcore_exceptions
    raise mapped_exc(message) from exc
httpx.ConnectError: [Errno 11001] getaddrinfo failed

The above exception was the direct cause of the following exception:

Traceback (most recent call last):
  File "C:\Users\otavi\.virtualenvs\701-eBRsCayT\lib\site-packages\telegram\ext\_utils\networkloop.py", line 134, in network_retry_loop
    await do_action()
  File "C:\Users\otavi\.virtualenvs\701-eBRsCayT\lib\site-packages\telegram\ext\_utils\networkloop.py", line 127, in do_action
    action_cb_task.result()
  File "C:\Users\otavi\.virtualenvs\701-eBRsCayT\lib\site-packages\telegram\ext\_updater.py", line 340, in polling_action_cb
    updates = await self.bot.get_updates(
  File "C:\Users\otavi\.virtualenvs\701-eBRsCayT\lib\site-packages\telegram\ext\_extbot.py", line 676, in get_updates
    updates = await super().get_updates(
  File "C:\Users\otavi\.virtualenvs\701-eBRsCayT\lib\site-packages\telegram\_bot.py", line 4780, in get_updates
    await self._post(
  File "C:\Users\otavi\.virtualenvs\701-eBRsCayT\lib\site-packages\telegram\_bot.py", line 703, in _post
    return await self._do_post(
  File "C:\Users\otavi\.virtualenvs\701-eBRsCayT\lib\site-packages\telegram\ext\_extbot.py", line 372, in _do_post
    return await super()._do_post(
  File "C:\Users\otavi\.virtualenvs\701-eBRsCayT\lib\site-packages\telegram\_bot.py", line 732, in _do_post
    result = await request.post(
  File "C:\Users\otavi\.virtualenvs\701-eBRsCayT\lib\site-packages\telegram\request\_baserequest.py", line 198, in post
    result = await self._request_wrapper(
  File "C:\Users\otavi\.virtualenvs\701-eBRsCayT\lib\site-packages\telegram\request\_baserequest.py", line 305, in _request_wrapper
    code, payload = await self.do_request(
  File "C:\Users\otavi\.virtualenvs\701-eBRsCayT\lib\site-packages\telegram\request\_httpxrequest.py", line 303, in do_request
    raise NetworkError(f"httpx.{err.__class__.__name__}: {err}") from err
telegram.error.NetworkError: httpx.ConnectError: [Errno 11001] getaddrinfo failed
2025-12-21 20:31:24,764 - telegram.ext.Application - ERROR - An error was raised and an uncaught error was raised while handling the error with an error_handler.
Traceback (most recent call last):
  File "C:\Users\otavi\.virtualenvs\701-eBRsCayT\lib\site-packages\telegram\ext\_application.py", line 1929, in process_error
    await callback(update, context)
  File "C:\Users\otavi\OneDrive\Documentos\GIT\701\src\bot.py", line 108, in error_handler
    #await context.bot.send_message(chat_id=chat_id, text=message, parse_mode=ParseMode.HTML)
AttributeError: 'NoneType' object has no attribute 'effective_message'
2025-12-21 20:31:25,722 - root - ERROR - Exception while handling an update:
Traceback (most recent call last):
  File "C:\Users\otavi\.virtualenvs\701-eBRsCayT\lib\site-packages\httpx\_transports\default.py", line 101, in map_httpcore_exceptions
    yield
  File "C:\Users\otavi\.virtualenvs\701-eBRsCayT\lib\site-packages\httpx\_transports\default.py", line 394, in handle_async_request
    resp = await self._pool.handle_async_request(req)
  File "C:\Users\otavi\.virtualenvs\701-eBRsCayT\lib\site-packages\httpcore\_async\connection_pool.py", line 256, in handle_async_request
    raise exc from None
  File "C:\Users\otavi\.virtualenvs\701-eBRsCayT\lib\site-packages\httpcore\_async\connection_pool.py", line 236, in handle_async_request
    response = await connection.handle_async_request(
  File "C:\Users\otavi\.virtualenvs\701-eBRsCayT\lib\site-packages\httpcore\_async\connection.py", line 101, in handle_async_request
    raise exc
  File "C:\Users\otavi\.virtualenvs\701-eBRsCayT\lib\site-packages\httpcore\_async\connection.py", line 78, in handle_async_request
    stream = await self._connect(request)
  File "C:\Users\otavi\.virtualenvs\701-eBRsCayT\lib\site-packages\httpcore\_async\connection.py", line 124, in _connect
    stream = await self._network_backend.connect_tcp(**kwargs)
  File "C:\Users\otavi\.virtualenvs\701-eBRsCayT\lib\site-packages\httpcore\_backends\auto.py", line 31, in connect_tcp
    return await self._backend.connect_tcp(
  File "C:\Users\otavi\.virtualenvs\701-eBRsCayT\lib\site-packages\httpcore\_backends\anyio.py", line 113, in connect_tcp
    with map_exceptions(exc_map):
  File "C:\Users\otavi\AppData\Local\Programs\Python\Python310\lib\contextlib.py", line 153, in __exit__
    self.gen.throw(typ, value, traceback)
  File "C:\Users\otavi\.virtualenvs\701-eBRsCayT\lib\site-packages\httpcore\_exceptions.py", line 14, in map_exceptions
    raise to_exc(exc) from exc
httpcore.ConnectError: [Errno 11001] getaddrinfo failed

The above exception was the direct cause of the following exception:

Traceback (most recent call last):
  File "C:\Users\otavi\.virtualenvs\701-eBRsCayT\lib\site-packages\telegram\request\_httpxrequest.py", line 279, in do_request
    res = await self._client.request(
  File "C:\Users\otavi\.virtualenvs\701-eBRsCayT\lib\site-packages\httpx\_client.py", line 1540, in request
    return await self.send(request, auth=auth, follow_redirects=follow_redirects)
  File "C:\Users\otavi\.virtualenvs\701-eBRsCayT\lib\site-packages\httpx\_client.py", line 1629, in send
    response = await self._send_handling_auth(
  File "C:\Users\otavi\.virtualenvs\701-eBRsCayT\lib\site-packages\httpx\_client.py", line 1657, in _send_handling_auth
    response = await self._send_handling_redirects(
  File "C:\Users\otavi\.virtualenvs\701-eBRsCayT\lib\site-packages\httpx\_client.py", line 1694, in _send_handling_redirects
    response = await self._send_single_request(request)
  File "C:\Users\otavi\.virtualenvs\701-eBRsCayT\lib\site-packages\httpx\_client.py", line 1730, in _send_single_request
    response = await transport.handle_async_request(request)
  File "C:\Users\otavi\.virtualenvs\701-eBRsCayT\lib\site-packages\httpx\_transports\default.py", line 393, in handle_async_request
    with map_httpcore_exceptions():
  File "C:\Users\otavi\AppData\Local\Programs\Python\Python310\lib\contextlib.py", line 153, in __exit__
    self.gen.throw(typ, value, traceback)
  File "C:\Users\otavi\.virtualenvs\701-eBRsCayT\lib\site-packages\httpx\_transports\default.py", line 118, in map_httpcore_exceptions
    raise mapped_exc(message) from exc
httpx.ConnectError: [Errno 11001] getaddrinfo failed

The above exception was the direct cause of the following exception:

Traceback (most recent call last):
  File "C:\Users\otavi\.virtualenvs\701-eBRsCayT\lib\site-packages\telegram\ext\_utils\networkloop.py", line 134, in network_retry_loop
    await do_action()
  File "C:\Users\otavi\.virtualenvs\701-eBRsCayT\lib\site-packages\telegram\ext\_utils\networkloop.py", line 127, in do_action
    action_cb_task.result()
  File "C:\Users\otavi\.virtualenvs\701-eBRsCayT\lib\site-packages\telegram\ext\_updater.py", line 340, in polling_action_cb
    updates = await self.bot.get_updates(
  File "C:\Users\otavi\.virtualenvs\701-eBRsCayT\lib\site-packages\telegram\ext\_extbot.py", line 676, in get_updates
    updates = await super().get_updates(
  File "C:\Users\otavi\.virtualenvs\701-eBRsCayT\lib\site-packages\telegram\_bot.py", line 4780, in get_updates
    await self._post(
  File "C:\Users\otavi\.virtualenvs\701-eBRsCayT\lib\site-packages\telegram\_bot.py", line 703, in _post
    return await self._do_post(
  File "C:\Users\otavi\.virtualenvs\701-eBRsCayT\lib\site-packages\telegram\ext\_extbot.py", line 372, in _do_post
    return await super()._do_post(
  File "C:\Users\otavi\.virtualenvs\701-eBRsCayT\lib\site-packages\telegram\_bot.py", line 732, in _do_post
    result = await request.post(
  File "C:\Users\otavi\.virtualenvs\701-eBRsCayT\lib\site-packages\telegram\request\_baserequest.py", line 198, in post
    result = await self._request_wrapper(
  File "C:\Users\otavi\.virtualenvs\701-eBRsCayT\lib\site-packages\telegram\request\_baserequest.py", line 305, in _request_wrapper
    code, payload = await self.do_request(
  File "C:\Users\otavi\.virtualenvs\701-eBRsCayT\lib\site-packages\telegram\request\_httpxrequest.py", line 303, in do_request
    raise NetworkError(f"httpx.{err.__class__.__name__}: {err}") from err
telegram.error.NetworkError: httpx.ConnectError: [Errno 11001] getaddrinfo failed
2025-12-21 20:31:25,975 - telegram.ext.Application - ERROR - An error was raised and an uncaught error was raised while handling the error with an error_handler.
Traceback (most recent call last):
  File "C:\Users\otavi\.virtualenvs\701-eBRsCayT\lib\site-packages\telegram\ext\_application.py", line 1929, in process_error
    await callback(update, context)
  File "C:\Users\otavi\OneDrive\Documentos\GIT\701\src\bot.py", line 108, in error_handler
    #await context.bot.send_message(chat_id=chat_id, text=message, parse_mode=ParseMode.HTML)
AttributeError: 'NoneType' object has no attribute 'effective_message'
2025-12-21 20:31:38,243 - httpx - INFO - HTTP Request: POST https://api.telegram.org/bot8476521610:AAFKJ_XrFUB5-reI1OjwvQ4vAPimyVMai3I/getUpdates "HTTP/1.1 200 OK"
2025-12-21 20:31:48,448 - httpx - INFO - HTTP Request: POST https://api.telegram.org/bot8476521610:AAFKJ_XrFUB5-reI1OjwvQ4vAPimyVMai3I/getUpdates "HTTP/1.1 200 OK"
2025-12-21 20:31:58,650 - httpx - INFO - HTTP Request: POST https://api.telegram.org/bot8476521610:AAFKJ_XrFUB5-reI1OjwvQ4vAPimyVMai3I/getUpdates "HTTP/1.1 200 OK"
2025-12-21 20:32:08,853 - httpx - INFO - HTTP Request: POST https://api.telegram.org/bot8476521610:AAFKJ_XrFUB5-reI1OjwvQ4vAPimyVMai3I/getUpdates "HTTP/1.1 200 OK"
2025-12-21 20:32:19,054 - httpx - INFO - HTTP Request: POST https://api.telegram.org/bot8476521610:AAFKJ_XrFUB5-reI1OjwvQ4vAPimyVMai3I/getUpdates "HTTP/1.1 200 OK"
2025-12-21 20:32:29,257 - httpx - INFO - HTTP Request: POST https://api.telegram.org/bot8476521610:AAFKJ_XrFUB5-reI1OjwvQ4vAPimyVMai3I/getUpdates "HTTP/1.1 200 OK"
2025-12-21 20:32:39,460 - httpx - INFO - HTTP Request: POST https://api.telegram.org/bot8476521610:AAFKJ_XrFUB5-reI1OjwvQ4vAPimyVMai3I/getUpdates "HTTP/1.1 200 OK"
2025-12-21 20:32:49,663 - httpx - INFO - HTTP Request: POST https://api.telegram.org/bot8476521610:AAFKJ_XrFUB5-reI1OjwvQ4vAPimyVMai3I/getUpdates "HTTP/1.1 200 OK"
2025-12-21 20:32:59,866 - httpx - INFO - HTTP Request: POST https://api.telegram.org/bot8476521610:AAFKJ_XrFUB5-reI1OjwvQ4vAPimyVMai3I/getUpdates "HTTP/1.1 200 OK"
2025-12-21 20:33:10,075 - httpx - INFO - HTTP Request: POST https://api.telegram.org/bot8476521610:AAFKJ_XrFUB5-reI1OjwvQ4vAPimyVMai3I/getUpdates "HTTP/1.1 200 OK"
2025-12-21 20:33:20,284 - httpx - INFO - HTTP Request: POST https://api.telegram.org/bot8476521610:AAFKJ_XrFUB5-reI1OjwvQ4vAPimyVMai3I/getUpdates "HTTP/1.1 200 OK"
2025-12-21 20:33:30,493 - httpx - INFO - HTTP Request: POST https://api.telegram.org/bot8476521610:AAFKJ_XrFUB5-reI1OjwvQ4vAPimyVMai3I/getUpdates "HTTP/1.1 200 OK"
2025-12-21 20:33:40,702 - httpx - INFO - HTTP Request: POST https://api.telegram.org/bot8476521610:AAFKJ_XrFUB5-reI1OjwvQ4vAPimyVMai3I/getUpdates "HTTP/1.1 200 OK"
2025-12-21 20:33:50,912 - httpx - INFO - HTTP Request: POST https://api.telegram.org/bot8476521610:AAFKJ_XrFUB5-reI1OjwvQ4vAPimyVMai3I/getUpdates "HTTP/1.1 200 OK"
2025-12-21 20:34:01,119 - httpx - INFO - HTTP Request: POST https://api.telegram.org/bot8476521610:AAFKJ_XrFUB5-reI1OjwvQ4vAPimyVMai3I/getUpdates "HTTP/1.1 200 OK"
2025-12-21 20:34:11,328 - httpx - INFO - HTTP Request: POST https://api.telegram.org/bot8476521610:AAFKJ_XrFUB5-reI1OjwvQ4vAPimyVMai3I/getUpdates "HTTP/1.1 200 OK"
2025-12-21 20:34:21,536 - httpx - INFO - HTTP Request: POST https://api.telegram.org/bot8476521610:AAFKJ_XrFUB5-reI1OjwvQ4vAPimyVMai3I/getUpdates "HTTP/1.1 200 OK"
2025-12-21 20:34:31,746 - httpx - INFO - HTTP Request: POST https://api.telegram.org/bot8476521610:AAFKJ_XrFUB5-reI1OjwvQ4vAPimyVMai3I/getUpdates "HTTP/1.1 200 OK"
2025-12-21 20:34:41,954 - httpx - INFO - HTTP Request: POST https://api.telegram.org/bot8476521610:AAFKJ_XrFUB5-reI1OjwvQ4vAPimyVMai3I/getUpdates "HTTP/1.1 200 OK"
2025-12-21 20:34:52,165 - httpx - INFO - HTTP Request: POST https://api.telegram.org/bot8476521610:AAFKJ_XrFUB5-reI1OjwvQ4vAPimyVMai3I/getUpdates "HTTP/1.1 200 OK"
2025-12-21 20:35:02,374 - httpx - INFO - HTTP Request: POST https://api.telegram.org/bot8476521610:AAFKJ_XrFUB5-reI1OjwvQ4vAPimyVMai3I/getUpdates "HTTP/1.1 200 OK"
2025-12-21 20:35:12,583 - httpx - INFO - HTTP Request: POST https://api.telegram.org/bot8476521610:AAFKJ_XrFUB5-reI1OjwvQ4vAPimyVMai3I/getUpdates "HTTP/1.1 200 OK"
2025-12-21 20:35:22,791 - httpx - INFO - HTTP Request: POST https://api.telegram.org/bot8476521610:AAFKJ_XrFUB5-reI1OjwvQ4vAPimyVMai3I/getUpdates "HTTP/1.1 200 OK"
2025-12-21 20:35:33,001 - httpx - INFO - HTTP Request: POST https://api.telegram.org/bot8476521610:AAFKJ_XrFUB5-reI1OjwvQ4vAPimyVMai3I/getUpdates "HTTP/1.1 200 OK"
2025-12-21 20:35:43,211 - httpx - INFO - HTTP Request: POST https://api.telegram.org/bot8476521610:AAFKJ_XrFUB5-reI1OjwvQ4vAPimyVMai3I/getUpdates "HTTP/1.1 200 OK"
2025-12-21 20:35:53,419 - httpx - INFO - HTTP Request: POST https://api.telegram.org/bot8476521610:AAFKJ_XrFUB5-reI1OjwvQ4vAPimyVMai3I/getUpdates "HTTP/1.1 200 OK"
2025-12-21 20:36:03,627 - httpx - INFO - HTTP Request: POST https://api.telegram.org/bot8476521610:AAFKJ_XrFUB5-reI1OjwvQ4vAPimyVMai3I/getUpdates "HTTP/1.1 200 OK"
2025-12-21 20:36:13,835 - httpx - INFO - HTTP Request: POST https://api.telegram.org/bot8476521610:AAFKJ_XrFUB5-reI1OjwvQ4vAPimyVMai3I/getUpdates "HTTP/1.1 200 OK"
2025-12-21 20:36:24,043 - httpx - INFO - HTTP Request: POST https://api.telegram.org/bot8476521610:AAFKJ_XrFUB5-reI1OjwvQ4vAPimyVMai3I/getUpdates "HTTP/1.1 200 OK"
2025-12-21 20:36:34,253 - httpx - INFO - HTTP Request: POST https://api.telegram.org/bot8476521610:AAFKJ_XrFUB5-reI1OjwvQ4vAPimyVMai3I/getUpdates "HTTP/1.1 200 OK"
2025-12-21 20:36:44,460 - httpx - INFO - HTTP Request: POST https://api.telegram.org/bot8476521610:AAFKJ_XrFUB5-reI1OjwvQ4vAPimyVMai3I/getUpdates "HTTP/1.1 200 OK"
2025-12-21 20:36:54,664 - httpx - INFO - HTTP Request: POST https://api.telegram.org/bot8476521610:AAFKJ_XrFUB5-reI1OjwvQ4vAPimyVMai3I/getUpdates "HTTP/1.1 200 OK"
2025-12-21 20:37:04,868 - httpx - INFO - HTTP Request: POST https://api.telegram.org/bot8476521610:AAFKJ_XrFUB5-reI1OjwvQ4vAPimyVMai3I/getUpdates "HTTP/1.1 200 OK"
2025-12-21 20:37:15,072 - httpx - INFO - HTTP Request: POST https://api.telegram.org/bot8476521610:AAFKJ_XrFUB5-reI1OjwvQ4vAPimyVMai3I/getUpdates "HTTP/1.1 200 OK"
2025-12-21 20:37:25,285 - httpx - INFO - HTTP Request: POST https://api.telegram.org/bot8476521610:AAFKJ_XrFUB5-reI1OjwvQ4vAPimyVMai3I/getUpdates "HTTP/1.1 200 OK"
2025-12-21 20:37:35,493 - httpx - INFO - HTTP Request: POST https://api.telegram.org/bot8476521610:AAFKJ_XrFUB5-reI1OjwvQ4vAPimyVMai3I/getUpdates "HTTP/1.1 200 OK"
2025-12-21 20:37:45,701 - httpx - INFO - HTTP Request: POST https://api.telegram.org/bot8476521610:AAFKJ_XrFUB5-reI1OjwvQ4vAPimyVMai3I/getUpdates "HTTP/1.1 200 OK"
2025-12-21 20:37:55,909 - httpx - INFO - HTTP Request: POST https://api.telegram.org/bot8476521610:AAFKJ_XrFUB5-reI1OjwvQ4vAPimyVMai3I/getUpdates "HTTP/1.1 200 OK"
2025-12-21 20:38:06,115 - httpx - INFO - HTTP Request: POST https://api.telegram.org/bot8476521610:AAFKJ_XrFUB5-reI1OjwvQ4vAPimyVMai3I/getUpdates "HTTP/1.1 200 OK"
2025-12-21 20:38:16,323 - httpx - INFO - HTTP Request: POST https://api.telegram.org/bot8476521610:AAFKJ_XrFUB5-reI1OjwvQ4vAPimyVMai3I/getUpdates "HTTP/1.1 200 OK"
2025-12-21 20:38:26,533 - httpx - INFO - HTTP Request: POST https://api.telegram.org/bot8476521610:AAFKJ_XrFUB5-reI1OjwvQ4vAPimyVMai3I/getUpdates "HTTP/1.1 200 OK"
2025-12-21 20:38:36,741 - httpx - INFO - HTTP Request: POST https://api.telegram.org/bot8476521610:AAFKJ_XrFUB5-reI1OjwvQ4vAPimyVMai3I/getUpdates "HTTP/1.1 200 OK"
2025-12-21 20:38:46,950 - httpx - INFO - HTTP Request: POST https://api.telegram.org/bot8476521610:AAFKJ_XrFUB5-reI1OjwvQ4vAPimyVMai3I/getUpdates "HTTP/1.1 200 OK"
2025-12-21 20:38:57,157 - httpx - INFO - HTTP Request: POST https://api.telegram.org/bot8476521610:AAFKJ_XrFUB5-reI1OjwvQ4vAPimyVMai3I/getUpdates "HTTP/1.1 200 OK"
2025-12-21 20:39:07,365 - httpx - INFO - HTTP Request: POST https://api.telegram.org/bot8476521610:AAFKJ_XrFUB5-reI1OjwvQ4vAPimyVMai3I/getUpdates "HTTP/1.1 200 OK"
2025-12-21 20:39:17,570 - httpx - INFO - HTTP Request: POST https://api.telegram.org/bot8476521610:AAFKJ_XrFUB5-reI1OjwvQ4vAPimyVMai3I/getUpdates "HTTP/1.1 200 OK"
2025-12-21 20:39:27,777 - httpx - INFO - HTTP Request: POST https://api.telegram.org/bot8476521610:AAFKJ_XrFUB5-reI1OjwvQ4vAPimyVMai3I/getUpdates "HTTP/1.1 200 OK"
2025-12-21 20:39:37,985 - httpx - INFO - HTTP Request: POST https://api.telegram.org/bot8476521610:AAFKJ_XrFUB5-reI1OjwvQ4vAPimyVMai3I/getUpdates "HTTP/1.1 200 OK"
2025-12-21 20:39:48,193 - httpx - INFO - HTTP Request: POST https://api.telegram.org/bot8476521610:AAFKJ_XrFUB5-reI1OjwvQ4vAPimyVMai3I/getUpdates "HTTP/1.1 200 OK"
2025-12-21 20:39:58,401 - httpx - INFO - HTTP Request: POST https://api.telegram.org/bot8476521610:AAFKJ_XrFUB5-reI1OjwvQ4vAPimyVMai3I/getUpdates "HTTP/1.1 200 OK"
2025-12-21 20:40:08,609 - httpx - INFO - HTTP Request: POST https://api.telegram.org/bot8476521610:AAFKJ_XrFUB5-reI1OjwvQ4vAPimyVMai3I/getUpdates "HTTP/1.1 200 OK"
2025-12-21 20:40:18,817 - httpx - INFO - HTTP Request: POST https://api.telegram.org/bot8476521610:AAFKJ_XrFUB5-reI1OjwvQ4vAPimyVMai3I/getUpdates "HTTP/1.1 200 OK"
2025-12-21 20:40:29,023 - httpx - INFO - HTTP Request: POST https://api.telegram.org/bot8476521610:AAFKJ_XrFUB5-reI1OjwvQ4vAPimyVMai3I/getUpdates "HTTP/1.1 200 OK"
2025-12-21 20:40:39,234 - httpx - INFO - HTTP Request: POST https://api.telegram.org/bot8476521610:AAFKJ_XrFUB5-reI1OjwvQ4vAPimyVMai3I/getUpdates "HTTP/1.1 200 OK"
2025-12-21 20:40:49,442 - httpx - INFO - HTTP Request: POST https://api.telegram.org/bot8476521610:AAFKJ_XrFUB5-reI1OjwvQ4vAPimyVMai3I/getUpdates "HTTP/1.1 200 OK"
2025-12-21 20:40:59,649 - httpx - INFO - HTTP Request: POST https://api.telegram.org/bot8476521610:AAFKJ_XrFUB5-reI1OjwvQ4vAPimyVMai3I/getUpdates "HTTP/1.1 200 OK"
2025-12-21 20:41:09,853 - httpx - INFO - HTTP Request: POST https://api.telegram.org/bot8476521610:AAFKJ_XrFUB5-reI1OjwvQ4vAPimyVMai3I/getUpdates "HTTP/1.1 200 OK"
2025-12-21 20:41:20,062 - httpx - INFO - HTTP Request: POST https://api.telegram.org/bot8476521610:AAFKJ_XrFUB5-reI1OjwvQ4vAPimyVMai3I/getUpdates "HTTP/1.1 200 OK"
2025-12-21 20:41:30,271 - httpx - INFO - HTTP Request: POST https://api.telegram.org/bot8476521610:AAFKJ_XrFUB5-reI1OjwvQ4vAPimyVMai3I/getUpdates "HTTP/1.1 200 OK"
2025-12-21 20:41:40,480 - httpx - INFO - HTTP Request: POST https://api.telegram.org/bot8476521610:AAFKJ_XrFUB5-reI1OjwvQ4vAPimyVMai3I/getUpdates "HTTP/1.1 200 OK"
2025-12-21 20:41:50,691 - httpx - INFO - HTTP Request: POST https://api.telegram.org/bot8476521610:AAFKJ_XrFUB5-reI1OjwvQ4vAPimyVMai3I/getUpdates "HTTP/1.1 200 OK"
2025-12-21 20:42:00,898 - httpx - INFO - HTTP Request: POST https://api.telegram.org/bot8476521610:AAFKJ_XrFUB5-reI1OjwvQ4vAPimyVMai3I/getUpdates "HTTP/1.1 200 OK"
2025-12-21 20:42:11,107 - httpx - INFO - HTTP Request: POST https://api.telegram.org/bot8476521610:AAFKJ_XrFUB5-reI1OjwvQ4vAPimyVMai3I/getUpdates "HTTP/1.1 200 OK"
2025-12-21 20:42:21,316 - httpx - INFO - HTTP Request: POST https://api.telegram.org/bot8476521610:AAFKJ_XrFUB5-reI1OjwvQ4vAPimyVMai3I/getUpdates "HTTP/1.1 200 OK"
2025-12-21 20:42:31,523 - httpx - INFO - HTTP Request: POST https://api.telegram.org/bot8476521610:AAFKJ_XrFUB5-reI1OjwvQ4vAPimyVMai3I/getUpdates "HTTP/1.1 200 OK"
2025-12-21 20:42:41,733 - httpx - INFO - HTTP Request: POST https://api.telegram.org/bot8476521610:AAFKJ_XrFUB5-reI1OjwvQ4vAPimyVMai3I/getUpdates "HTTP/1.1 200 OK"
2025-12-21 20:42:51,941 - httpx - INFO - HTTP Request: POST https://api.telegram.org/bot8476521610:AAFKJ_XrFUB5-reI1OjwvQ4vAPimyVMai3I/getUpdates "HTTP/1.1 200 OK"
2025-12-21 20:43:02,143 - httpx - INFO - HTTP Request: POST https://api.telegram.org/bot8476521610:AAFKJ_XrFUB5-reI1OjwvQ4vAPimyVMai3I/getUpdates "HTTP/1.1 200 OK"
2025-12-21 20:43:12,347 - httpx - INFO - HTTP Request: POST https://api.telegram.org/bot8476521610:AAFKJ_XrFUB5-reI1OjwvQ4vAPimyVMai3I/getUpdates "HTTP/1.1 200 OK"
2025-12-21 20:43:22,556 - httpx - INFO - HTTP Request: POST https://api.telegram.org/bot8476521610:AAFKJ_XrFUB5-reI1OjwvQ4vAPimyVMai3I/getUpdates "HTTP/1.1 200 OK"
2025-12-21 20:43:32,763 - httpx - INFO - HTTP Request: POST https://api.telegram.org/bot8476521610:AAFKJ_XrFUB5-reI1OjwvQ4vAPimyVMai3I/getUpdates "HTTP/1.1 200 OK"
2025-12-21 20:43:42,973 - httpx - INFO - HTTP Request: POST https://api.telegram.org/bot8476521610:AAFKJ_XrFUB5-reI1OjwvQ4vAPimyVMai3I/getUpdates "HTTP/1.1 200 OK"
2025-12-21 20:43:53,184 - httpx - INFO - HTTP Request: POST https://api.telegram.org/bot8476521610:AAFKJ_XrFUB5-reI1OjwvQ4vAPimyVMai3I/getUpdates "HTTP/1.1 200 OK"
2025-12-21 20:44:03,393 - httpx - INFO - HTTP Request: POST https://api.telegram.org/bot8476521610:AAFKJ_XrFUB5-reI1OjwvQ4vAPimyVMai3I/getUpdates "HTTP/1.1 200 OK"
2025-12-21 20:44:13,602 - httpx - INFO - HTTP Request: POST https://api.telegram.org/bot8476521610:AAFKJ_XrFUB5-reI1OjwvQ4vAPimyVMai3I/getUpdates "HTTP/1.1 200 OK"
2025-12-21 20:44:23,810 - httpx - INFO - HTTP Request: POST https://api.telegram.org/bot8476521610:AAFKJ_XrFUB5-reI1OjwvQ4vAPimyVMai3I/getUpdates "HTTP/1.1 200 OK"
2025-12-21 20:44:34,018 - httpx - INFO - HTTP Request: POST https://api.telegram.org/bot8476521610:AAFKJ_XrFUB5-reI1OjwvQ4vAPimyVMai3I/getUpdates "HTTP/1.1 200 OK"
2025-12-21 20:44:44,223 - httpx - INFO - HTTP Request: POST https://api.telegram.org/bot8476521610:AAFKJ_XrFUB5-reI1OjwvQ4vAPimyVMai3I/getUpdates "HTTP/1.1 200 OK"
2025-12-21 20:44:54,433 - httpx - INFO - HTTP Request: POST https://api.telegram.org/bot8476521610:AAFKJ_XrFUB5-reI1OjwvQ4vAPimyVMai3I/getUpdates "HTTP/1.1 200 OK"
2025-12-21 20:45:04,641 - httpx - INFO - HTTP Request: POST https://api.telegram.org/bot8476521610:AAFKJ_XrFUB5-reI1OjwvQ4vAPimyVMai3I/getUpdates "HTTP/1.1 200 OK"
2025-12-21 20:45:14,848 - httpx - INFO - HTTP Request: POST https://api.telegram.org/bot8476521610:AAFKJ_XrFUB5-reI1OjwvQ4vAPimyVMai3I/getUpdates "HTTP/1.1 200 OK"
2025-12-21 20:45:25,054 - httpx - INFO - HTTP Request: POST https://api.telegram.org/bot8476521610:AAFKJ_XrFUB5-reI1OjwvQ4vAPimyVMai3I/getUpdates "HTTP/1.1 200 OK"
2025-12-21 20:45:35,266 - httpx - INFO - HTTP Request: POST https://api.telegram.org/bot8476521610:AAFKJ_XrFUB5-reI1OjwvQ4vAPimyVMai3I/getUpdates "HTTP/1.1 200 OK"
2025-12-21 20:45:45,474 - httpx - INFO - HTTP Request: POST https://api.telegram.org/bot8476521610:AAFKJ_XrFUB5-reI1OjwvQ4vAPimyVMai3I/getUpdates "HTTP/1.1 200 OK"
2025-12-21 20:45:55,683 - httpx - INFO - HTTP Request: POST https://api.telegram.org/bot8476521610:AAFKJ_XrFUB5-reI1OjwvQ4vAPimyVMai3I/getUpdates "HTTP/1.1 200 OK"
2025-12-21 20:46:05,892 - httpx - INFO - HTTP Request: POST https://api.telegram.org/bot8476521610:AAFKJ_XrFUB5-reI1OjwvQ4vAPimyVMai3I/getUpdates "HTTP/1.1 200 OK"
2025-12-21 20:46:16,099 - httpx - INFO - HTTP Request: POST https://api.telegram.org/bot8476521610:AAFKJ_XrFUB5-reI1OjwvQ4vAPimyVMai3I/getUpdates "HTTP/1.1 200 OK"
2025-12-21 20:46:26,312 - httpx - INFO - HTTP Request: POST https://api.telegram.org/bot8476521610:AAFKJ_XrFUB5-reI1OjwvQ4vAPimyVMai3I/getUpdates "HTTP/1.1 200 OK"
2025-12-21 20:46:36,521 - httpx - INFO - HTTP Request: POST https://api.telegram.org/bot8476521610:AAFKJ_XrFUB5-reI1OjwvQ4vAPimyVMai3I/getUpdates "HTTP/1.1 200 OK"
2025-12-21 20:46:46,729 - httpx - INFO - HTTP Request: POST https://api.telegram.org/bot8476521610:AAFKJ_XrFUB5-reI1OjwvQ4vAPimyVMai3I/getUpdates "HTTP/1.1 200 OK"
2025-12-21 20:46:56,937 - httpx - INFO - HTTP Request: POST https://api.telegram.org/bot8476521610:AAFKJ_XrFUB5-reI1OjwvQ4vAPimyVMai3I/getUpdates "HTTP/1.1 200 OK"
2025-12-21 20:47:07,146 - httpx - INFO - HTTP Request: POST https://api.telegram.org/bot8476521610:AAFKJ_XrFUB5-reI1OjwvQ4vAPimyVMai3I/getUpdates "HTTP/1.1 200 OK"
2025-12-21 20:47:17,352 - httpx - INFO - HTTP Request: POST https://api.telegram.org/bot8476521610:AAFKJ_XrFUB5-reI1OjwvQ4vAPimyVMai3I/getUpdates "HTTP/1.1 200 OK"
2025-12-21 20:47:27,557 - httpx - INFO - HTTP Request: POST https://api.telegram.org/bot8476521610:AAFKJ_XrFUB5-reI1OjwvQ4vAPimyVMai3I/getUpdates "HTTP/1.1 200 OK"
2025-12-21 20:47:37,766 - httpx - INFO - HTTP Request: POST https://api.telegram.org/bot8476521610:AAFKJ_XrFUB5-reI1OjwvQ4vAPimyVMai3I/getUpdates "HTTP/1.1 200 OK"
2025-12-21 20:47:47,974 - httpx - INFO - HTTP Request: POST https://api.telegram.org/bot8476521610:AAFKJ_XrFUB5-reI1OjwvQ4vAPimyVMai3I/getUpdates "HTTP/1.1 200 OK"
2025-12-21 20:47:58,183 - httpx - INFO - HTTP Request: POST https://api.telegram.org/bot8476521610:AAFKJ_XrFUB5-reI1OjwvQ4vAPimyVMai3I/getUpdates "HTTP/1.1 200 OK"
2025-12-21 20:48:08,394 - httpx - INFO - HTTP Request: POST https://api.telegram.org/bot8476521610:AAFKJ_XrFUB5-reI1OjwvQ4vAPimyVMai3I/getUpdates "HTTP/1.1 200 OK"
2025-12-21 20:48:18,601 - httpx - INFO - HTTP Request: POST https://api.telegram.org/bot8476521610:AAFKJ_XrFUB5-reI1OjwvQ4vAPimyVMai3I/getUpdates "HTTP/1.1 200 OK"
2025-12-21 20:48:28,811 - httpx - INFO - HTTP Request: POST https://api.telegram.org/bot8476521610:AAFKJ_XrFUB5-reI1OjwvQ4vAPimyVMai3I/getUpdates "HTTP/1.1 200 OK"
2025-12-21 20:48:39,416 - httpx - INFO - HTTP Request: POST https://api.telegram.org/bot8476521610:AAFKJ_XrFUB5-reI1OjwvQ4vAPimyVMai3I/getUpdates "HTTP/1.1 200 OK"
2025-12-21 20:48:49,619 - httpx - INFO - HTTP Request: POST https://api.telegram.org/bot8476521610:AAFKJ_XrFUB5-reI1OjwvQ4vAPimyVMai3I/getUpdates "HTTP/1.1 200 OK"
2025-12-21 20:48:59,822 - httpx - INFO - HTTP Request: POST https://api.telegram.org/bot8476521610:AAFKJ_XrFUB5-reI1OjwvQ4vAPimyVMai3I/getUpdates "HTTP/1.1 200 OK"
2025-12-21 20:49:10,025 - httpx - INFO - HTTP Request: POST https://api.telegram.org/bot8476521610:AAFKJ_XrFUB5-reI1OjwvQ4vAPimyVMai3I/getUpdates "HTTP/1.1 200 OK"
2025-12-21 20:49:20,228 - httpx - INFO - HTTP Request: POST https://api.telegram.org/bot8476521610:AAFKJ_XrFUB5-reI1OjwvQ4vAPimyVMai3I/getUpdates "HTTP/1.1 200 OK"
2025-12-21 20:49:30,433 - httpx - INFO - HTTP Request: POST https://api.telegram.org/bot8476521610:AAFKJ_XrFUB5-reI1OjwvQ4vAPimyVMai3I/getUpdates "HTTP/1.1 200 OK"
2025-12-21 20:49:40,631 - httpx - INFO - HTTP Request: POST https://api.telegram.org/bot8476521610:AAFKJ_XrFUB5-reI1OjwvQ4vAPimyVMai3I/getUpdates "HTTP/1.1 200 OK"
2025-12-21 20:49:50,834 - httpx - INFO - HTTP Request: POST https://api.telegram.org/bot8476521610:AAFKJ_XrFUB5-reI1OjwvQ4vAPimyVMai3I/getUpdates "HTTP/1.1 200 OK"
2025-12-21 20:50:01,035 - httpx - INFO - HTTP Request: POST https://api.telegram.org/bot8476521610:AAFKJ_XrFUB5-reI1OjwvQ4vAPimyVMai3I/getUpdates "HTTP/1.1 200 OK"
2025-12-21 20:50:11,238 - httpx - INFO - HTTP Request: POST https://api.telegram.org/bot8476521610:AAFKJ_XrFUB5-reI1OjwvQ4vAPimyVMai3I/getUpdates "HTTP/1.1 200 OK"
2025-12-21 20:50:21,436 - httpx - INFO - HTTP Request: POST https://api.telegram.org/bot8476521610:AAFKJ_XrFUB5-reI1OjwvQ4vAPimyVMai3I/getUpdates "HTTP/1.1 200 OK"
2025-12-21 20:50:31,638 - httpx - INFO - HTTP Request: POST https://api.telegram.org/bot8476521610:AAFKJ_XrFUB5-reI1OjwvQ4vAPimyVMai3I/getUpdates "HTTP/1.1 200 OK"
2025-12-21 20:50:41,840 - httpx - INFO - HTTP Request: POST https://api.telegram.org/bot8476521610:AAFKJ_XrFUB5-reI1OjwvQ4vAPimyVMai3I/getUpdates "HTTP/1.1 200 OK"
2025-12-21 20:50:52,042 - httpx - INFO - HTTP Request: POST https://api.telegram.org/bot8476521610:AAFKJ_XrFUB5-reI1OjwvQ4vAPimyVMai3I/getUpdates "HTTP/1.1 200 OK"
2025-12-21 20:51:02,246 - httpx - INFO - HTTP Request: POST https://api.telegram.org/bot8476521610:AAFKJ_XrFUB5-reI1OjwvQ4vAPimyVMai3I/getUpdates "HTTP/1.1 200 OK"
2025-12-21 20:51:12,448 - httpx - INFO - HTTP Request: POST https://api.telegram.org/bot8476521610:AAFKJ_XrFUB5-reI1OjwvQ4vAPimyVMai3I/getUpdates "HTTP/1.1 200 OK"
2025-12-21 20:51:22,651 - httpx - INFO - HTTP Request: POST https://api.telegram.org/bot8476521610:AAFKJ_XrFUB5-reI1OjwvQ4vAPimyVMai3I/getUpdates "HTTP/1.1 200 OK"
2025-12-21 20:51:32,853 - httpx - INFO - HTTP Request: POST https://api.telegram.org/bot8476521610:AAFKJ_XrFUB5-reI1OjwvQ4vAPimyVMai3I/getUpdates "HTTP/1.1 200 OK"
2025-12-21 20:51:43,055 - httpx - INFO - HTTP Request: POST https://api.telegram.org/bot8476521610:AAFKJ_XrFUB5-reI1OjwvQ4vAPimyVMai3I/getUpdates "HTTP/1.1 200 OK"
2025-12-21 20:51:53,265 - httpx - INFO - HTTP Request: POST https://api.telegram.org/bot8476521610:AAFKJ_XrFUB5-reI1OjwvQ4vAPimyVMai3I/getUpdates "HTTP/1.1 200 OK"
2025-12-21 20:52:03,467 - httpx - INFO - HTTP Request: POST https://api.telegram.org/bot8476521610:AAFKJ_XrFUB5-reI1OjwvQ4vAPimyVMai3I/getUpdates "HTTP/1.1 200 OK"
2025-12-21 20:52:13,670 - httpx - INFO - HTTP Request: POST https://api.telegram.org/bot8476521610:AAFKJ_XrFUB5-reI1OjwvQ4vAPimyVMai3I/getUpdates "HTTP/1.1 200 OK"
2025-12-21 20:52:23,873 - httpx - INFO - HTTP Request: POST https://api.telegram.org/bot8476521610:AAFKJ_XrFUB5-reI1OjwvQ4vAPimyVMai3I/getUpdates "HTTP/1.1 200 OK"
2025-12-21 20:52:34,076 - httpx - INFO - HTTP Request: POST https://api.telegram.org/bot8476521610:AAFKJ_XrFUB5-reI1OjwvQ4vAPimyVMai3I/getUpdates "HTTP/1.1 200 OK"
2025-12-21 20:52:44,278 - httpx - INFO - HTTP Request: POST https://api.telegram.org/bot8476521610:AAFKJ_XrFUB5-reI1OjwvQ4vAPimyVMai3I/getUpdates "HTTP/1.1 200 OK"
2025-12-21 20:52:54,480 - httpx - INFO - HTTP Request: POST https://api.telegram.org/bot8476521610:AAFKJ_XrFUB5-reI1OjwvQ4vAPimyVMai3I/getUpdates "HTTP/1.1 200 OK"
2025-12-21 20:53:04,682 - httpx - INFO - HTTP Request: POST https://api.telegram.org/bot8476521610:AAFKJ_XrFUB5-reI1OjwvQ4vAPimyVMai3I/getUpdates "HTTP/1.1 200 OK"
2025-12-21 20:53:14,881 - httpx - INFO - HTTP Request: POST https://api.telegram.org/bot8476521610:AAFKJ_XrFUB5-reI1OjwvQ4vAPimyVMai3I/getUpdates "HTTP/1.1 200 OK"
2025-12-21 20:53:25,083 - httpx - INFO - HTTP Request: POST https://api.telegram.org/bot8476521610:AAFKJ_XrFUB5-reI1OjwvQ4vAPimyVMai3I/getUpdates "HTTP/1.1 200 OK"
2025-12-21 20:53:35,285 - httpx - INFO - HTTP Request: POST https://api.telegram.org/bot8476521610:AAFKJ_XrFUB5-reI1OjwvQ4vAPimyVMai3I/getUpdates "HTTP/1.1 200 OK"
2025-12-21 20:53:45,488 - httpx - INFO - HTTP Request: POST https://api.telegram.org/bot8476521610:AAFKJ_XrFUB5-reI1OjwvQ4vAPimyVMai3I/getUpdates "HTTP/1.1 200 OK"
2025-12-21 20:53:55,690 - httpx - INFO - HTTP Request: POST https://api.telegram.org/bot8476521610:AAFKJ_XrFUB5-reI1OjwvQ4vAPimyVMai3I/getUpdates "HTTP/1.1 200 OK"
2025-12-21 20:54:05,894 - httpx - INFO - HTTP Request: POST https://api.telegram.org/bot8476521610:AAFKJ_XrFUB5-reI1OjwvQ4vAPimyVMai3I/getUpdates "HTTP/1.1 200 OK"
2025-12-21 20:54:16,095 - httpx - INFO - HTTP Request: POST https://api.telegram.org/bot8476521610:AAFKJ_XrFUB5-reI1OjwvQ4vAPimyVMai3I/getUpdates "HTTP/1.1 200 OK"
2025-12-21 20:54:26,293 - httpx - INFO - HTTP Request: POST https://api.telegram.org/bot8476521610:AAFKJ_XrFUB5-reI1OjwvQ4vAPimyVMai3I/getUpdates "HTTP/1.1 200 OK"
2025-12-21 20:54:36,497 - httpx - INFO - HTTP Request: POST https://api.telegram.org/bot8476521610:AAFKJ_XrFUB5-reI1OjwvQ4vAPimyVMai3I/getUpdates "HTTP/1.1 200 OK"
2025-12-21 20:54:46,699 - httpx - INFO - HTTP Request: POST https://api.telegram.org/bot8476521610:AAFKJ_XrFUB5-reI1OjwvQ4vAPimyVMai3I/getUpdates "HTTP/1.1 200 OK"
2025-12-21 20:54:56,898 - httpx - INFO - HTTP Request: POST https://api.telegram.org/bot8476521610:AAFKJ_XrFUB5-reI1OjwvQ4vAPimyVMai3I/getUpdates "HTTP/1.1 200 OK"
2025-12-21 20:55:07,099 - httpx - INFO - HTTP Request: POST https://api.telegram.org/bot8476521610:AAFKJ_XrFUB5-reI1OjwvQ4vAPimyVMai3I/getUpdates "HTTP/1.1 200 OK"
2025-12-21 20:55:17,302 - httpx - INFO - HTTP Request: POST https://api.telegram.org/bot8476521610:AAFKJ_XrFUB5-reI1OjwvQ4vAPimyVMai3I/getUpdates "HTTP/1.1 200 OK"
2025-12-21 20:55:27,504 - httpx - INFO - HTTP Request: POST https://api.telegram.org/bot8476521610:AAFKJ_XrFUB5-reI1OjwvQ4vAPimyVMai3I/getUpdates "HTTP/1.1 200 OK"
2025-12-21 20:55:37,701 - httpx - INFO - HTTP Request: POST https://api.telegram.org/bot8476521610:AAFKJ_XrFUB5-reI1OjwvQ4vAPimyVMai3I/getUpdates "HTTP/1.1 200 OK"
2025-12-21 20:55:47,903 - httpx - INFO - HTTP Request: POST https://api.telegram.org/bot8476521610:AAFKJ_XrFUB5-reI1OjwvQ4vAPimyVMai3I/getUpdates "HTTP/1.1 200 OK"
2025-12-21 20:55:58,105 - httpx - INFO - HTTP Request: POST https://api.telegram.org/bot8476521610:AAFKJ_XrFUB5-reI1OjwvQ4vAPimyVMai3I/getUpdates "HTTP/1.1 200 OK"
2025-12-21 20:56:08,309 - httpx - INFO - HTTP Request: POST https://api.telegram.org/bot8476521610:AAFKJ_XrFUB5-reI1OjwvQ4vAPimyVMai3I/getUpdates "HTTP/1.1 200 OK"
2025-12-21 20:56:18,511 - httpx - INFO - HTTP Request: POST https://api.telegram.org/bot8476521610:AAFKJ_XrFUB5-reI1OjwvQ4vAPimyVMai3I/getUpdates "HTTP/1.1 200 OK"
2025-12-21 20:56:28,714 - httpx - INFO - HTTP Request: POST https://api.telegram.org/bot8476521610:AAFKJ_XrFUB5-reI1OjwvQ4vAPimyVMai3I/getUpdates "HTTP/1.1 200 OK"
2025-12-21 20:56:38,916 - httpx - INFO - HTTP Request: POST https://api.telegram.org/bot8476521610:AAFKJ_XrFUB5-reI1OjwvQ4vAPimyVMai3I/getUpdates "HTTP/1.1 200 OK"
2025-12-21 20:56:49,119 - httpx - INFO - HTTP Request: POST https://api.telegram.org/bot8476521610:AAFKJ_XrFUB5-reI1OjwvQ4vAPimyVMai3I/getUpdates "HTTP/1.1 200 OK"
2025-12-21 20:56:59,322 - httpx - INFO - HTTP Request: POST https://api.telegram.org/bot8476521610:AAFKJ_XrFUB5-reI1OjwvQ4vAPimyVMai3I/getUpdates "HTTP/1.1 200 OK"
2025-12-21 20:57:09,524 - httpx - INFO - HTTP Request: POST https://api.telegram.org/bot8476521610:AAFKJ_XrFUB5-reI1OjwvQ4vAPimyVMai3I/getUpdates "HTTP/1.1 200 OK"
2025-12-21 20:57:19,727 - httpx - INFO - HTTP Request: POST https://api.telegram.org/bot8476521610:AAFKJ_XrFUB5-reI1OjwvQ4vAPimyVMai3I/getUpdates "HTTP/1.1 200 OK"
2025-12-21 20:57:29,930 - httpx - INFO - HTTP Request: POST https://api.telegram.org/bot8476521610:AAFKJ_XrFUB5-reI1OjwvQ4vAPimyVMai3I/getUpdates "HTTP/1.1 200 OK"
2025-12-21 20:57:40,134 - httpx - INFO - HTTP Request: POST https://api.telegram.org/bot8476521610:AAFKJ_XrFUB5-reI1OjwvQ4vAPimyVMai3I/getUpdates "HTTP/1.1 200 OK"
2025-12-21 20:57:50,336 - httpx - INFO - HTTP Request: POST https://api.telegram.org/bot8476521610:AAFKJ_XrFUB5-reI1OjwvQ4vAPimyVMai3I/getUpdates "HTTP/1.1 200 OK"
2025-12-21 20:58:00,538 - httpx - INFO - HTTP Request: POST https://api.telegram.org/bot8476521610:AAFKJ_XrFUB5-reI1OjwvQ4vAPimyVMai3I/getUpdates "HTTP/1.1 200 OK"
2025-12-21 20:58:10,741 - httpx - INFO - HTTP Request: POST https://api.telegram.org/bot8476521610:AAFKJ_XrFUB5-reI1OjwvQ4vAPimyVMai3I/getUpdates "HTTP/1.1 200 OK"
2025-12-21 20:58:20,945 - httpx - INFO - HTTP Request: POST https://api.telegram.org/bot8476521610:AAFKJ_XrFUB5-reI1OjwvQ4vAPimyVMai3I/getUpdates "HTTP/1.1 200 OK"
2025-12-21 20:58:31,147 - httpx - INFO - HTTP Request: POST https://api.telegram.org/bot8476521610:AAFKJ_XrFUB5-reI1OjwvQ4vAPimyVMai3I/getUpdates "HTTP/1.1 200 OK"
2025-12-21 20:58:41,345 - httpx - INFO - HTTP Request: POST https://api.telegram.org/bot8476521610:AAFKJ_XrFUB5-reI1OjwvQ4vAPimyVMai3I/getUpdates "HTTP/1.1 200 OK"
2025-12-21 20:58:51,548 - httpx - INFO - HTTP Request: POST https://api.telegram.org/bot8476521610:AAFKJ_XrFUB5-reI1OjwvQ4vAPimyVMai3I/getUpdates "HTTP/1.1 200 OK"
2025-12-21 20:59:01,750 - httpx - INFO - HTTP Request: POST https://api.telegram.org/bot8476521610:AAFKJ_XrFUB5-reI1OjwvQ4vAPimyVMai3I/getUpdates "HTTP/1.1 200 OK"
2025-12-21 20:59:11,954 - httpx - INFO - HTTP Request: POST https://api.telegram.org/bot8476521610:AAFKJ_XrFUB5-reI1OjwvQ4vAPimyVMai3I/getUpdates "HTTP/1.1 200 OK"
2025-12-21 20:59:22,156 - httpx - INFO - HTTP Request: POST https://api.telegram.org/bot8476521610:AAFKJ_XrFUB5-reI1OjwvQ4vAPimyVMai3I/getUpdates "HTTP/1.1 200 OK"
2025-12-21 20:59:32,360 - httpx - INFO - HTTP Request: POST https://api.telegram.org/bot8476521610:AAFKJ_XrFUB5-reI1OjwvQ4vAPimyVMai3I/getUpdates "HTTP/1.1 200 OK"
2025-12-21 20:59:42,561 - httpx - INFO - HTTP Request: POST https://api.telegram.org/bot8476521610:AAFKJ_XrFUB5-reI1OjwvQ4vAPimyVMai3I/getUpdates "HTTP/1.1 200 OK"
2025-12-21 20:59:52,761 - httpx - INFO - HTTP Request: POST https://api.telegram.org/bot8476521610:AAFKJ_XrFUB5-reI1OjwvQ4vAPimyVMai3I/getUpdates "HTTP/1.1 200 OK"
2025-12-21 21:00:02,964 - httpx - INFO - HTTP Request: POST https://api.telegram.org/bot8476521610:AAFKJ_XrFUB5-reI1OjwvQ4vAPimyVMai3I/getUpdates "HTTP/1.1 200 OK"
2025-12-21 21:00:13,166 - httpx - INFO - HTTP Request: POST https://api.telegram.org/bot8476521610:AAFKJ_XrFUB5-reI1OjwvQ4vAPimyVMai3I/getUpdates "HTTP/1.1 200 OK"
2025-12-21 21:00:23,373 - httpx - INFO - HTTP Request: POST https://api.telegram.org/bot8476521610:AAFKJ_XrFUB5-reI1OjwvQ4vAPimyVMai3I/getUpdates "HTTP/1.1 200 OK"
2025-12-21 21:00:33,576 - httpx - INFO - HTTP Request: POST https://api.telegram.org/bot8476521610:AAFKJ_XrFUB5-reI1OjwvQ4vAPimyVMai3I/getUpdates "HTTP/1.1 200 OK"
2025-12-21 21:00:43,779 - httpx - INFO - HTTP Request: POST https://api.telegram.org/bot8476521610:AAFKJ_XrFUB5-reI1OjwvQ4vAPimyVMai3I/getUpdates "HTTP/1.1 200 OK"
2025-12-21 21:00:53,981 - httpx - INFO - HTTP Request: POST https://api.telegram.org/bot8476521610:AAFKJ_XrFUB5-reI1OjwvQ4vAPimyVMai3I/getUpdates "HTTP/1.1 200 OK"
2025-12-21 21:01:04,184 - httpx - INFO - HTTP Request: POST https://api.telegram.org/bot8476521610:AAFKJ_XrFUB5-reI1OjwvQ4vAPimyVMai3I/getUpdates "HTTP/1.1 200 OK"
2025-12-21 21:01:14,387 - httpx - INFO - HTTP Request: POST https://api.telegram.org/bot8476521610:AAFKJ_XrFUB5-reI1OjwvQ4vAPimyVMai3I/getUpdates "HTTP/1.1 200 OK"
2025-12-21 21:01:24,584 - httpx - INFO - HTTP Request: POST https://api.telegram.org/bot8476521610:AAFKJ_XrFUB5-reI1OjwvQ4vAPimyVMai3I/getUpdates "HTTP/1.1 200 OK"
2025-12-21 21:01:34,786 - httpx - INFO - HTTP Request: POST https://api.telegram.org/bot8476521610:AAFKJ_XrFUB5-reI1OjwvQ4vAPimyVMai3I/getUpdates "HTTP/1.1 200 OK"
2025-12-21 21:01:44,996 - httpx - INFO - HTTP Request: POST https://api.telegram.org/bot8476521610:AAFKJ_XrFUB5-reI1OjwvQ4vAPimyVMai3I/getUpdates "HTTP/1.1 200 OK"
2025-12-21 21:02:44,750 - httpx - INFO - HTTP Request: POST https://api.telegram.org/bot8476521610:AAFKJ_XrFUB5-reI1OjwvQ4vAPimyVMai3I/getUpdates "HTTP/1.1 200 OK"
2025-12-21 21:02:54,965 - httpx - INFO - HTTP Request: POST https://api.telegram.org/bot8476521610:AAFKJ_XrFUB5-reI1OjwvQ4vAPimyVMai3I/getUpdates "HTTP/1.1 200 OK"
2025-12-21 21:03:05,167 - httpx - INFO - HTTP Request: POST https://api.telegram.org/bot8476521610:AAFKJ_XrFUB5-reI1OjwvQ4vAPimyVMai3I/getUpdates "HTTP/1.1 200 OK"
2025-12-21 21:03:15,368 - httpx - INFO - HTTP Request: POST https://api.telegram.org/bot8476521610:AAFKJ_XrFUB5-reI1OjwvQ4vAPimyVMai3I/getUpdates "HTTP/1.1 200 OK"
2025-12-21 21:03:25,569 - httpx - INFO - HTTP Request: POST https://api.telegram.org/bot8476521610:AAFKJ_XrFUB5-reI1OjwvQ4vAPimyVMai3I/getUpdates "HTTP/1.1 200 OK"
2025-12-21 21:03:35,770 - httpx - INFO - HTTP Request: POST https://api.telegram.org/bot8476521610:AAFKJ_XrFUB5-reI1OjwvQ4vAPimyVMai3I/getUpdates "HTTP/1.1 200 OK"
2025-12-21 21:03:45,972 - httpx - INFO - HTTP Request: POST https://api.telegram.org/bot8476521610:AAFKJ_XrFUB5-reI1OjwvQ4vAPimyVMai3I/getUpdates "HTTP/1.1 200 OK"
2025-12-21 21:03:56,175 - httpx - INFO - HTTP Request: POST https://api.telegram.org/bot8476521610:AAFKJ_XrFUB5-reI1OjwvQ4vAPimyVMai3I/getUpdates "HTTP/1.1 200 OK"
2025-12-21 21:04:06,377 - httpx - INFO - HTTP Request: POST https://api.telegram.org/bot8476521610:AAFKJ_XrFUB5-reI1OjwvQ4vAPimyVMai3I/getUpdates "HTTP/1.1 200 OK"
2025-12-21 21:04:16,584 - httpx - INFO - HTTP Request: POST https://api.telegram.org/bot8476521610:AAFKJ_XrFUB5-reI1OjwvQ4vAPimyVMai3I/getUpdates "HTTP/1.1 200 OK"
2025-12-21 21:04:26,791 - httpx - INFO - HTTP Request: POST https://api.telegram.org/bot8476521610:AAFKJ_XrFUB5-reI1OjwvQ4vAPimyVMai3I/getUpdates "HTTP/1.1 200 OK"
2025-12-21 21:04:36,997 - httpx - INFO - HTTP Request: POST https://api.telegram.org/bot8476521610:AAFKJ_XrFUB5-reI1OjwvQ4vAPimyVMai3I/getUpdates "HTTP/1.1 200 OK"
2025-12-21 21:04:47,204 - httpx - INFO - HTTP Request: POST https://api.telegram.org/bot8476521610:AAFKJ_XrFUB5-reI1OjwvQ4vAPimyVMai3I/getUpdates "HTTP/1.1 200 OK"
2025-12-21 21:04:57,411 - httpx - INFO - HTTP Request: POST https://api.telegram.org/bot8476521610:AAFKJ_XrFUB5-reI1OjwvQ4vAPimyVMai3I/getUpdates "HTTP/1.1 200 OK"
2025-12-21 21:05:07,618 - httpx - INFO - HTTP Request: POST https://api.telegram.org/bot8476521610:AAFKJ_XrFUB5-reI1OjwvQ4vAPimyVMai3I/getUpdates "HTTP/1.1 200 OK"
2025-12-21 21:05:17,825 - httpx - INFO - HTTP Request: POST https://api.telegram.org/bot8476521610:AAFKJ_XrFUB5-reI1OjwvQ4vAPimyVMai3I/getUpdates "HTTP/1.1 200 OK"
2025-12-21 21:05:28,032 - httpx - INFO - HTTP Request: POST https://api.telegram.org/bot8476521610:AAFKJ_XrFUB5-reI1OjwvQ4vAPimyVMai3I/getUpdates "HTTP/1.1 200 OK"
2025-12-21 21:05:38,242 - httpx - INFO - HTTP Request: POST https://api.telegram.org/bot8476521610:AAFKJ_XrFUB5-reI1OjwvQ4vAPimyVMai3I/getUpdates "HTTP/1.1 200 OK"
2025-12-21 21:05:48,448 - httpx - INFO - HTTP Request: POST https://api.telegram.org/bot8476521610:AAFKJ_XrFUB5-reI1OjwvQ4vAPimyVMai3I/getUpdates "HTTP/1.1 200 OK"
2025-12-21 21:05:58,655 - httpx - INFO - HTTP Request: POST https://api.telegram.org/bot8476521610:AAFKJ_XrFUB5-reI1OjwvQ4vAPimyVMai3I/getUpdates "HTTP/1.1 200 OK"
2025-12-21 21:06:08,861 - httpx - INFO - HTTP Request: POST https://api.telegram.org/bot8476521610:AAFKJ_XrFUB5-reI1OjwvQ4vAPimyVMai3I/getUpdates "HTTP/1.1 200 OK"
2025-12-21 21:06:19,071 - httpx - INFO - HTTP Request: POST https://api.telegram.org/bot8476521610:AAFKJ_XrFUB5-reI1OjwvQ4vAPimyVMai3I/getUpdates "HTTP/1.1 200 OK"
2025-12-21 21:06:29,277 - httpx - INFO - HTTP Request: POST https://api.telegram.org/bot8476521610:AAFKJ_XrFUB5-reI1OjwvQ4vAPimyVMai3I/getUpdates "HTTP/1.1 200 OK"
2025-12-21 21:06:39,484 - httpx - INFO - HTTP Request: POST https://api.telegram.org/bot8476521610:AAFKJ_XrFUB5-reI1OjwvQ4vAPimyVMai3I/getUpdates "HTTP/1.1 200 OK"
2025-12-21 21:06:49,691 - httpx - INFO - HTTP Request: POST https://api.telegram.org/bot8476521610:AAFKJ_XrFUB5-reI1OjwvQ4vAPimyVMai3I/getUpdates "HTTP/1.1 200 OK"
2025-12-21 21:06:59,897 - httpx - INFO - HTTP Request: POST https://api.telegram.org/bot8476521610:AAFKJ_XrFUB5-reI1OjwvQ4vAPimyVMai3I/getUpdates "HTTP/1.1 200 OK"
2025-12-21 21:07:10,105 - httpx - INFO - HTTP Request: POST https://api.telegram.org/bot8476521610:AAFKJ_XrFUB5-reI1OjwvQ4vAPimyVMai3I/getUpdates "HTTP/1.1 200 OK"
2025-12-21 21:07:20,313 - httpx - INFO - HTTP Request: POST https://api.telegram.org/bot8476521610:AAFKJ_XrFUB5-reI1OjwvQ4vAPimyVMai3I/getUpdates "HTTP/1.1 200 OK"
2025-12-21 21:07:30,520 - httpx - INFO - HTTP Request: POST https://api.telegram.org/bot8476521610:AAFKJ_XrFUB5-reI1OjwvQ4vAPimyVMai3I/getUpdates "HTTP/1.1 200 OK"
2025-12-21 21:07:40,728 - httpx - INFO - HTTP Request: POST https://api.telegram.org/bot8476521610:AAFKJ_XrFUB5-reI1OjwvQ4vAPimyVMai3I/getUpdates "HTTP/1.1 200 OK"
2025-12-21 21:07:50,937 - httpx - INFO - HTTP Request: POST https://api.telegram.org/bot8476521610:AAFKJ_XrFUB5-reI1OjwvQ4vAPimyVMai3I/getUpdates "HTTP/1.1 200 OK"
2025-12-21 21:08:01,140 - httpx - INFO - HTTP Request: POST https://api.telegram.org/bot8476521610:AAFKJ_XrFUB5-reI1OjwvQ4vAPimyVMai3I/getUpdates "HTTP/1.1 200 OK"
2025-12-21 21:08:11,346 - httpx - INFO - HTTP Request: POST https://api.telegram.org/bot8476521610:AAFKJ_XrFUB5-reI1OjwvQ4vAPimyVMai3I/getUpdates "HTTP/1.1 200 OK"
2025-12-21 21:08:21,555 - httpx - INFO - HTTP Request: POST https://api.telegram.org/bot8476521610:AAFKJ_XrFUB5-reI1OjwvQ4vAPimyVMai3I/getUpdates "HTTP/1.1 200 OK"
2025-12-21 21:08:31,761 - httpx - INFO - HTTP Request: POST https://api.telegram.org/bot8476521610:AAFKJ_XrFUB5-reI1OjwvQ4vAPimyVMai3I/getUpdates "HTTP/1.1 200 OK"
2025-12-21 21:08:41,970 - httpx - INFO - HTTP Request: POST https://api.telegram.org/bot8476521610:AAFKJ_XrFUB5-reI1OjwvQ4vAPimyVMai3I/getUpdates "HTTP/1.1 200 OK"
2025-12-21 21:08:52,179 - httpx - INFO - HTTP Request: POST https://api.telegram.org/bot8476521610:AAFKJ_XrFUB5-reI1OjwvQ4vAPimyVMai3I/getUpdates "HTTP/1.1 200 OK"
2025-12-21 21:09:02,387 - httpx - INFO - HTTP Request: POST https://api.telegram.org/bot8476521610:AAFKJ_XrFUB5-reI1OjwvQ4vAPimyVMai3I/getUpdates "HTTP/1.1 200 OK"
2025-12-21 21:09:12,592 - httpx - INFO - HTTP Request: POST https://api.telegram.org/bot8476521610:AAFKJ_XrFUB5-reI1OjwvQ4vAPimyVMai3I/getUpdates "HTTP/1.1 200 OK"
2025-12-21 21:09:22,799 - httpx - INFO - HTTP Request: POST https://api.telegram.org/bot8476521610:AAFKJ_XrFUB5-reI1OjwvQ4vAPimyVMai3I/getUpdates "HTTP/1.1 200 OK"
2025-12-21 21:09:33,001 - httpx - INFO - HTTP Request: POST https://api.telegram.org/bot8476521610:AAFKJ_XrFUB5-reI1OjwvQ4vAPimyVMai3I/getUpdates "HTTP/1.1 200 OK"
2025-12-21 21:09:43,209 - httpx - INFO - HTTP Request: POST https://api.telegram.org/bot8476521610:AAFKJ_XrFUB5-reI1OjwvQ4vAPimyVMai3I/getUpdates "HTTP/1.1 200 OK"
2025-12-21 21:09:53,415 - httpx - INFO - HTTP Request: POST https://api.telegram.org/bot8476521610:AAFKJ_XrFUB5-reI1OjwvQ4vAPimyVMai3I/getUpdates "HTTP/1.1 200 OK"
2025-12-21 21:10:03,621 - httpx - INFO - HTTP Request: POST https://api.telegram.org/bot8476521610:AAFKJ_XrFUB5-reI1OjwvQ4vAPimyVMai3I/getUpdates "HTTP/1.1 200 OK"
2025-12-21 21:10:13,828 - httpx - INFO - HTTP Request: POST https://api.telegram.org/bot8476521610:AAFKJ_XrFUB5-reI1OjwvQ4vAPimyVMai3I/getUpdates "HTTP/1.1 200 OK"
2025-12-21 21:10:24,037 - httpx - INFO - HTTP Request: POST https://api.telegram.org/bot8476521610:AAFKJ_XrFUB5-reI1OjwvQ4vAPimyVMai3I/getUpdates "HTTP/1.1 200 OK"
2025-12-21 21:10:34,243 - httpx - INFO - HTTP Request: POST https://api.telegram.org/bot8476521610:AAFKJ_XrFUB5-reI1OjwvQ4vAPimyVMai3I/getUpdates "HTTP/1.1 200 OK"
2025-12-21 21:10:44,450 - httpx - INFO - HTTP Request: POST https://api.telegram.org/bot8476521610:AAFKJ_XrFUB5-reI1OjwvQ4vAPimyVMai3I/getUpdates "HTTP/1.1 200 OK"
2025-12-21 21:10:54,670 - httpx - INFO - HTTP Request: POST https://api.telegram.org/bot8476521610:AAFKJ_XrFUB5-reI1OjwvQ4vAPimyVMai3I/getUpdates "HTTP/1.1 200 OK"
2025-12-21 21:11:04,883 - httpx - INFO - HTTP Request: POST https://api.telegram.org/bot8476521610:AAFKJ_XrFUB5-reI1OjwvQ4vAPimyVMai3I/getUpdates "HTTP/1.1 200 OK"
2025-12-21 21:11:15,090 - httpx - INFO - HTTP Request: POST https://api.telegram.org/bot8476521610:AAFKJ_XrFUB5-reI1OjwvQ4vAPimyVMai3I/getUpdates "HTTP/1.1 200 OK"
2025-12-21 21:11:25,297 - httpx - INFO - HTTP Request: POST https://api.telegram.org/bot8476521610:AAFKJ_XrFUB5-reI1OjwvQ4vAPimyVMai3I/getUpdates "HTTP/1.1 200 OK"
2025-12-21 21:11:35,504 - httpx - INFO - HTTP Request: POST https://api.telegram.org/bot8476521610:AAFKJ_XrFUB5-reI1OjwvQ4vAPimyVMai3I/getUpdates "HTTP/1.1 200 OK"
2025-12-21 21:11:45,711 - httpx - INFO - HTTP Request: POST https://api.telegram.org/bot8476521610:AAFKJ_XrFUB5-reI1OjwvQ4vAPimyVMai3I/getUpdates "HTTP/1.1 200 OK"
2025-12-21 21:11:55,917 - httpx - INFO - HTTP Request: POST https://api.telegram.org/bot8476521610:AAFKJ_XrFUB5-reI1OjwvQ4vAPimyVMai3I/getUpdates "HTTP/1.1 200 OK"
2025-12-21 21:12:06,124 - httpx - INFO - HTTP Request: POST https://api.telegram.org/bot8476521610:AAFKJ_XrFUB5-reI1OjwvQ4vAPimyVMai3I/getUpdates "HTTP/1.1 200 OK"
2025-12-21 21:12:16,331 - httpx - INFO - HTTP Request: POST https://api.telegram.org/bot8476521610:AAFKJ_XrFUB5-reI1OjwvQ4vAPimyVMai3I/getUpdates "HTTP/1.1 200 OK"
2025-12-21 21:12:26,538 - httpx - INFO - HTTP Request: POST https://api.telegram.org/bot8476521610:AAFKJ_XrFUB5-reI1OjwvQ4vAPimyVMai3I/getUpdates "HTTP/1.1 200 OK"
2025-12-21 21:12:36,744 - httpx - INFO - HTTP Request: POST https://api.telegram.org/bot8476521610:AAFKJ_XrFUB5-reI1OjwvQ4vAPimyVMai3I/getUpdates "HTTP/1.1 200 OK"
2025-12-21 21:12:46,951 - httpx - INFO - HTTP Request: POST https://api.telegram.org/bot8476521610:AAFKJ_XrFUB5-reI1OjwvQ4vAPimyVMai3I/getUpdates "HTTP/1.1 200 OK"
2025-12-21 21:12:57,161 - httpx - INFO - HTTP Request: POST https://api.telegram.org/bot8476521610:AAFKJ_XrFUB5-reI1OjwvQ4vAPimyVMai3I/getUpdates "HTTP/1.1 200 OK"
2025-12-21 21:13:07,370 - httpx - INFO - HTTP Request: POST https://api.telegram.org/bot8476521610:AAFKJ_XrFUB5-reI1OjwvQ4vAPimyVMai3I/getUpdates "HTTP/1.1 200 OK"
2025-12-21 21:13:17,576 - httpx - INFO - HTTP Request: POST https://api.telegram.org/bot8476521610:AAFKJ_XrFUB5-reI1OjwvQ4vAPimyVMai3I/getUpdates "HTTP/1.1 200 OK"
2025-12-21 21:13:27,783 - httpx - INFO - HTTP Request: POST https://api.telegram.org/bot8476521610:AAFKJ_XrFUB5-reI1OjwvQ4vAPimyVMai3I/getUpdates "HTTP/1.1 200 OK"
2025-12-21 21:13:37,991 - httpx - INFO - HTTP Request: POST https://api.telegram.org/bot8476521610:AAFKJ_XrFUB5-reI1OjwvQ4vAPimyVMai3I/getUpdates "HTTP/1.1 200 OK"
2025-12-21 21:13:48,200 - httpx - INFO - HTTP Request: POST https://api.telegram.org/bot8476521610:AAFKJ_XrFUB5-reI1OjwvQ4vAPimyVMai3I/getUpdates "HTTP/1.1 200 OK"
2025-12-21 21:13:58,406 - httpx - INFO - HTTP Request: POST https://api.telegram.org/bot8476521610:AAFKJ_XrFUB5-reI1OjwvQ4vAPimyVMai3I/getUpdates "HTTP/1.1 200 OK"
2025-12-21 21:14:08,613 - httpx - INFO - HTTP Request: POST https://api.telegram.org/bot8476521610:AAFKJ_XrFUB5-reI1OjwvQ4vAPimyVMai3I/getUpdates "HTTP/1.1 200 OK"
2025-12-21 21:14:18,819 - httpx - INFO - HTTP Request: POST https://api.telegram.org/bot8476521610:AAFKJ_XrFUB5-reI1OjwvQ4vAPimyVMai3I/getUpdates "HTTP/1.1 200 OK"
2025-12-21 21:14:29,026 - httpx - INFO - HTTP Request: POST https://api.telegram.org/bot8476521610:AAFKJ_XrFUB5-reI1OjwvQ4vAPimyVMai3I/getUpdates "HTTP/1.1 200 OK"
2025-12-21 21:14:39,233 - httpx - INFO - HTTP Request: POST https://api.telegram.org/bot8476521610:AAFKJ_XrFUB5-reI1OjwvQ4vAPimyVMai3I/getUpdates "HTTP/1.1 200 OK"
2025-12-21 21:14:49,440 - httpx - INFO - HTTP Request: POST https://api.telegram.org/bot8476521610:AAFKJ_XrFUB5-reI1OjwvQ4vAPimyVMai3I/getUpdates "HTTP/1.1 200 OK"
2025-12-21 21:14:59,649 - httpx - INFO - HTTP Request: POST https://api.telegram.org/bot8476521610:AAFKJ_XrFUB5-reI1OjwvQ4vAPimyVMai3I/getUpdates "HTTP/1.1 200 OK"
2025-12-21 21:15:09,859 - httpx - INFO - HTTP Request: POST https://api.telegram.org/bot8476521610:AAFKJ_XrFUB5-reI1OjwvQ4vAPimyVMai3I/getUpdates "HTTP/1.1 200 OK"
2025-12-21 21:15:20,065 - httpx - INFO - HTTP Request: POST https://api.telegram.org/bot8476521610:AAFKJ_XrFUB5-reI1OjwvQ4vAPimyVMai3I/getUpdates "HTTP/1.1 200 OK"
2025-12-21 21:15:30,275 - httpx - INFO - HTTP Request: POST https://api.telegram.org/bot8476521610:AAFKJ_XrFUB5-reI1OjwvQ4vAPimyVMai3I/getUpdates "HTTP/1.1 200 OK"
2025-12-21 21:15:40,484 - httpx - INFO - HTTP Request: POST https://api.telegram.org/bot8476521610:AAFKJ_XrFUB5-reI1OjwvQ4vAPimyVMai3I/getUpdates "HTTP/1.1 200 OK"
2025-12-21 21:15:50,691 - httpx - INFO - HTTP Request: POST https://api.telegram.org/bot8476521610:AAFKJ_XrFUB5-reI1OjwvQ4vAPimyVMai3I/getUpdates "HTTP/1.1 200 OK"
2025-12-21 21:16:00,895 - httpx - INFO - HTTP Request: POST https://api.telegram.org/bot8476521610:AAFKJ_XrFUB5-reI1OjwvQ4vAPimyVMai3I/getUpdates "HTTP/1.1 200 OK"
2025-12-21 21:16:11,102 - httpx - INFO - HTTP Request: POST https://api.telegram.org/bot8476521610:AAFKJ_XrFUB5-reI1OjwvQ4vAPimyVMai3I/getUpdates "HTTP/1.1 200 OK"
2025-12-21 21:16:21,308 - httpx - INFO - HTTP Request: POST https://api.telegram.org/bot8476521610:AAFKJ_XrFUB5-reI1OjwvQ4vAPimyVMai3I/getUpdates "HTTP/1.1 200 OK"
2025-12-21 21:16:31,518 - httpx - INFO - HTTP Request: POST https://api.telegram.org/bot8476521610:AAFKJ_XrFUB5-reI1OjwvQ4vAPimyVMai3I/getUpdates "HTTP/1.1 200 OK"
2025-12-21 21:16:41,725 - httpx - INFO - HTTP Request: POST https://api.telegram.org/bot8476521610:AAFKJ_XrFUB5-reI1OjwvQ4vAPimyVMai3I/getUpdates "HTTP/1.1 200 OK"
2025-12-21 21:16:51,934 - httpx - INFO - HTTP Request: POST https://api.telegram.org/bot8476521610:AAFKJ_XrFUB5-reI1OjwvQ4vAPimyVMai3I/getUpdates "HTTP/1.1 200 OK"
2025-12-21 21:17:02,142 - httpx - INFO - HTTP Request: POST https://api.telegram.org/bot8476521610:AAFKJ_XrFUB5-reI1OjwvQ4vAPimyVMai3I/getUpdates "HTTP/1.1 200 OK"
2025-12-21 21:17:12,361 - httpx - INFO - HTTP Request: POST https://api.telegram.org/bot8476521610:AAFKJ_XrFUB5-reI1OjwvQ4vAPimyVMai3I/getUpdates "HTTP/1.1 200 OK"
2025-12-21 21:17:22,567 - httpx - INFO - HTTP Request: POST https://api.telegram.org/bot8476521610:AAFKJ_XrFUB5-reI1OjwvQ4vAPimyVMai3I/getUpdates "HTTP/1.1 200 OK"
2025-12-21 21:17:32,776 - httpx - INFO - HTTP Request: POST https://api.telegram.org/bot8476521610:AAFKJ_XrFUB5-reI1OjwvQ4vAPimyVMai3I/getUpdates "HTTP/1.1 200 OK"
2025-12-21 21:17:42,981 - httpx - INFO - HTTP Request: POST https://api.telegram.org/bot8476521610:AAFKJ_XrFUB5-reI1OjwvQ4vAPimyVMai3I/getUpdates "HTTP/1.1 200 OK"
2025-12-21 21:17:53,184 - httpx - INFO - HTTP Request: POST https://api.telegram.org/bot8476521610:AAFKJ_XrFUB5-reI1OjwvQ4vAPimyVMai3I/getUpdates "HTTP/1.1 200 OK"
2025-12-21 21:18:03,392 - httpx - INFO - HTTP Request: POST https://api.telegram.org/bot8476521610:AAFKJ_XrFUB5-reI1OjwvQ4vAPimyVMai3I/getUpdates "HTTP/1.1 200 OK"
2025-12-21 21:18:13,598 - httpx - INFO - HTTP Request: POST https://api.telegram.org/bot8476521610:AAFKJ_XrFUB5-reI1OjwvQ4vAPimyVMai3I/getUpdates "HTTP/1.1 200 OK"
2025-12-21 21:18:23,804 - httpx - INFO - HTTP Request: POST https://api.telegram.org/bot8476521610:AAFKJ_XrFUB5-reI1OjwvQ4vAPimyVMai3I/getUpdates "HTTP/1.1 200 OK"
2025-12-21 21:18:34,014 - httpx - INFO - HTTP Request: POST https://api.telegram.org/bot8476521610:AAFKJ_XrFUB5-reI1OjwvQ4vAPimyVMai3I/getUpdates "HTTP/1.1 200 OK"
2025-12-21 21:18:44,222 - httpx - INFO - HTTP Request: POST https://api.telegram.org/bot8476521610:AAFKJ_XrFUB5-reI1OjwvQ4vAPimyVMai3I/getUpdates "HTTP/1.1 200 OK"
2025-12-21 21:18:54,430 - httpx - INFO - HTTP Request: POST https://api.telegram.org/bot8476521610:AAFKJ_XrFUB5-reI1OjwvQ4vAPimyVMai3I/getUpdates "HTTP/1.1 200 OK"
2025-12-21 21:19:04,637 - httpx - INFO - HTTP Request: POST https://api.telegram.org/bot8476521610:AAFKJ_XrFUB5-reI1OjwvQ4vAPimyVMai3I/getUpdates "HTTP/1.1 200 OK"
2025-12-21 21:19:14,844 - httpx - INFO - HTTP Request: POST https://api.telegram.org/bot8476521610:AAFKJ_XrFUB5-reI1OjwvQ4vAPimyVMai3I/getUpdates "HTTP/1.1 200 OK"
2025-12-21 21:19:25,050 - httpx - INFO - HTTP Request: POST https://api.telegram.org/bot8476521610:AAFKJ_XrFUB5-reI1OjwvQ4vAPimyVMai3I/getUpdates "HTTP/1.1 200 OK"
2025-12-21 21:19:35,260 - httpx - INFO - HTTP Request: POST https://api.telegram.org/bot8476521610:AAFKJ_XrFUB5-reI1OjwvQ4vAPimyVMai3I/getUpdates "HTTP/1.1 200 OK"
2025-12-21 21:19:45,880 - httpx - INFO - HTTP Request: POST https://api.telegram.org/bot8476521610:AAFKJ_XrFUB5-reI1OjwvQ4vAPimyVMai3I/getUpdates "HTTP/1.1 200 OK"
2025-12-21 21:19:56,087 - httpx - INFO - HTTP Request: POST https://api.telegram.org/bot8476521610:AAFKJ_XrFUB5-reI1OjwvQ4vAPimyVMai3I/getUpdates "HTTP/1.1 200 OK"
2025-12-21 21:20:06,294 - httpx - INFO - HTTP Request: POST https://api.telegram.org/bot8476521610:AAFKJ_XrFUB5-reI1OjwvQ4vAPimyVMai3I/getUpdates "HTTP/1.1 200 OK"
2025-12-21 21:20:16,502 - httpx - INFO - HTTP Request: POST https://api.telegram.org/bot8476521610:AAFKJ_XrFUB5-reI1OjwvQ4vAPimyVMai3I/getUpdates "HTTP/1.1 200 OK"
2025-12-21 21:20:26,712 - httpx - INFO - HTTP Request: POST https://api.telegram.org/bot8476521610:AAFKJ_XrFUB5-reI1OjwvQ4vAPimyVMai3I/getUpdates "HTTP/1.1 200 OK"
2025-12-21 21:20:36,922 - httpx - INFO - HTTP Request: POST https://api.telegram.org/bot8476521610:AAFKJ_XrFUB5-reI1OjwvQ4vAPimyVMai3I/getUpdates "HTTP/1.1 200 OK"
2025-12-21 21:20:47,131 - httpx - INFO - HTTP Request: POST https://api.telegram.org/bot8476521610:AAFKJ_XrFUB5-reI1OjwvQ4vAPimyVMai3I/getUpdates "HTTP/1.1 200 OK"
2025-12-21 21:20:57,341 - httpx - INFO - HTTP Request: POST https://api.telegram.org/bot8476521610:AAFKJ_XrFUB5-reI1OjwvQ4vAPimyVMai3I/getUpdates "HTTP/1.1 200 OK"
2025-12-21 21:21:07,550 - httpx - INFO - HTTP Request: POST https://api.telegram.org/bot8476521610:AAFKJ_XrFUB5-reI1OjwvQ4vAPimyVMai3I/getUpdates "HTTP/1.1 200 OK"
2025-12-21 21:21:17,756 - httpx - INFO - HTTP Request: POST https://api.telegram.org/bot8476521610:AAFKJ_XrFUB5-reI1OjwvQ4vAPimyVMai3I/getUpdates "HTTP/1.1 200 OK"
2025-12-21 21:21:27,963 - httpx - INFO - HTTP Request: POST https://api.telegram.org/bot8476521610:AAFKJ_XrFUB5-reI1OjwvQ4vAPimyVMai3I/getUpdates "HTTP/1.1 200 OK"
2025-12-21 21:21:38,174 - httpx - INFO - HTTP Request: POST https://api.telegram.org/bot8476521610:AAFKJ_XrFUB5-reI1OjwvQ4vAPimyVMai3I/getUpdates "HTTP/1.1 200 OK"
2025-12-21 21:21:48,381 - httpx - INFO - HTTP Request: POST https://api.telegram.org/bot8476521610:AAFKJ_XrFUB5-reI1OjwvQ4vAPimyVMai3I/getUpdates "HTTP/1.1 200 OK"
2025-12-21 21:21:58,591 - httpx - INFO - HTTP Request: POST https://api.telegram.org/bot8476521610:AAFKJ_XrFUB5-reI1OjwvQ4vAPimyVMai3I/getUpdates "HTTP/1.1 200 OK"
2025-12-21 21:22:08,799 - httpx - INFO - HTTP Request: POST https://api.telegram.org/bot8476521610:AAFKJ_XrFUB5-reI1OjwvQ4vAPimyVMai3I/getUpdates "HTTP/1.1 200 OK"
2025-12-21 21:22:19,007 - httpx - INFO - HTTP Request: POST https://api.telegram.org/bot8476521610:AAFKJ_XrFUB5-reI1OjwvQ4vAPimyVMai3I/getUpdates "HTTP/1.1 200 OK"
2025-12-21 21:22:29,211 - httpx - INFO - HTTP Request: POST https://api.telegram.org/bot8476521610:AAFKJ_XrFUB5-reI1OjwvQ4vAPimyVMai3I/getUpdates "HTTP/1.1 200 OK"
2025-12-21 21:22:39,419 - httpx - INFO - HTTP Request: POST https://api.telegram.org/bot8476521610:AAFKJ_XrFUB5-reI1OjwvQ4vAPimyVMai3I/getUpdates "HTTP/1.1 200 OK"
2025-12-21 21:22:49,627 - httpx - INFO - HTTP Request: POST https://api.telegram.org/bot8476521610:AAFKJ_XrFUB5-reI1OjwvQ4vAPimyVMai3I/getUpdates "HTTP/1.1 200 OK"
2025-12-21 21:22:59,836 - httpx - INFO - HTTP Request: POST https://api.telegram.org/bot8476521610:AAFKJ_XrFUB5-reI1OjwvQ4vAPimyVMai3I/getUpdates "HTTP/1.1 200 OK"
2025-12-21 21:23:10,046 - httpx - INFO - HTTP Request: POST https://api.telegram.org/bot8476521610:AAFKJ_XrFUB5-reI1OjwvQ4vAPimyVMai3I/getUpdates "HTTP/1.1 200 OK"
2025-12-21 21:23:20,253 - httpx - INFO - HTTP Request: POST https://api.telegram.org/bot8476521610:AAFKJ_XrFUB5-reI1OjwvQ4vAPimyVMai3I/getUpdates "HTTP/1.1 200 OK"
2025-12-21 21:23:30,461 - httpx - INFO - HTTP Request: POST https://api.telegram.org/bot8476521610:AAFKJ_XrFUB5-reI1OjwvQ4vAPimyVMai3I/getUpdates "HTTP/1.1 200 OK"
2025-12-21 21:23:40,667 - httpx - INFO - HTTP Request: POST https://api.telegram.org/bot8476521610:AAFKJ_XrFUB5-reI1OjwvQ4vAPimyVMai3I/getUpdates "HTTP/1.1 200 OK"
2025-12-21 21:23:50,877 - httpx - INFO - HTTP Request: POST https://api.telegram.org/bot8476521610:AAFKJ_XrFUB5-reI1OjwvQ4vAPimyVMai3I/getUpdates "HTTP/1.1 200 OK"
2025-12-21 21:24:01,086 - httpx - INFO - HTTP Request: POST https://api.telegram.org/bot8476521610:AAFKJ_XrFUB5-reI1OjwvQ4vAPimyVMai3I/getUpdates "HTTP/1.1 200 OK"
2025-12-21 21:24:11,296 - httpx - INFO - HTTP Request: POST https://api.telegram.org/bot8476521610:AAFKJ_XrFUB5-reI1OjwvQ4vAPimyVMai3I/getUpdates "HTTP/1.1 200 OK"
2025-12-21 21:24:21,508 - httpx - INFO - HTTP Request: POST https://api.telegram.org/bot8476521610:AAFKJ_XrFUB5-reI1OjwvQ4vAPimyVMai3I/getUpdates "HTTP/1.1 200 OK"
2025-12-21 21:24:31,718 - httpx - INFO - HTTP Request: POST https://api.telegram.org/bot8476521610:AAFKJ_XrFUB5-reI1OjwvQ4vAPimyVMai3I/getUpdates "HTTP/1.1 200 OK"
2025-12-21 21:24:41,926 - httpx - INFO - HTTP Request: POST https://api.telegram.org/bot8476521610:AAFKJ_XrFUB5-reI1OjwvQ4vAPimyVMai3I/getUpdates "HTTP/1.1 200 OK"
2025-12-21 21:24:52,134 - httpx - INFO - HTTP Request: POST https://api.telegram.org/bot8476521610:AAFKJ_XrFUB5-reI1OjwvQ4vAPimyVMai3I/getUpdates "HTTP/1.1 200 OK"
2025-12-21 21:25:02,341 - httpx - INFO - HTTP Request: POST https://api.telegram.org/bot8476521610:AAFKJ_XrFUB5-reI1OjwvQ4vAPimyVMai3I/getUpdates "HTTP/1.1 200 OK"
2025-12-21 21:25:12,545 - httpx - INFO - HTTP Request: POST https://api.telegram.org/bot8476521610:AAFKJ_XrFUB5-reI1OjwvQ4vAPimyVMai3I/getUpdates "HTTP/1.1 200 OK"
2025-12-21 21:25:22,753 - httpx - INFO - HTTP Request: POST https://api.telegram.org/bot8476521610:AAFKJ_XrFUB5-reI1OjwvQ4vAPimyVMai3I/getUpdates "HTTP/1.1 200 OK"
2025-12-21 21:25:32,960 - httpx - INFO - HTTP Request: POST https://api.telegram.org/bot8476521610:AAFKJ_XrFUB5-reI1OjwvQ4vAPimyVMai3I/getUpdates "HTTP/1.1 200 OK"
2025-12-21 21:25:43,165 - httpx - INFO - HTTP Request: POST https://api.telegram.org/bot8476521610:AAFKJ_XrFUB5-reI1OjwvQ4vAPimyVMai3I/getUpdates "HTTP/1.1 200 OK"
2025-12-21 21:25:53,371 - httpx - INFO - HTTP Request: POST https://api.telegram.org/bot8476521610:AAFKJ_XrFUB5-reI1OjwvQ4vAPimyVMai3I/getUpdates "HTTP/1.1 200 OK"
2025-12-21 21:26:03,575 - httpx - INFO - HTTP Request: POST https://api.telegram.org/bot8476521610:AAFKJ_XrFUB5-reI1OjwvQ4vAPimyVMai3I/getUpdates "HTTP/1.1 200 OK"
2025-12-21 21:26:13,786 - httpx - INFO - HTTP Request: POST https://api.telegram.org/bot8476521610:AAFKJ_XrFUB5-reI1OjwvQ4vAPimyVMai3I/getUpdates "HTTP/1.1 200 OK"
2025-12-21 21:26:23,994 - httpx - INFO - HTTP Request: POST https://api.telegram.org/bot8476521610:AAFKJ_XrFUB5-reI1OjwvQ4vAPimyVMai3I/getUpdates "HTTP/1.1 200 OK"
2025-12-21 21:26:34,203 - httpx - INFO - HTTP Request: POST https://api.telegram.org/bot8476521610:AAFKJ_XrFUB5-reI1OjwvQ4vAPimyVMai3I/getUpdates "HTTP/1.1 200 OK"
2025-12-21 21:26:44,411 - httpx - INFO - HTTP Request: POST https://api.telegram.org/bot8476521610:AAFKJ_XrFUB5-reI1OjwvQ4vAPimyVMai3I/getUpdates "HTTP/1.1 200 OK"
2025-12-21 21:26:54,616 - httpx - INFO - HTTP Request: POST https://api.telegram.org/bot8476521610:AAFKJ_XrFUB5-reI1OjwvQ4vAPimyVMai3I/getUpdates "HTTP/1.1 200 OK"
2025-12-21 21:27:04,825 - httpx - INFO - HTTP Request: POST https://api.telegram.org/bot8476521610:AAFKJ_XrFUB5-reI1OjwvQ4vAPimyVMai3I/getUpdates "HTTP/1.1 200 OK"
2025-12-21 21:27:15,033 - httpx - INFO - HTTP Request: POST https://api.telegram.org/bot8476521610:AAFKJ_XrFUB5-reI1OjwvQ4vAPimyVMai3I/getUpdates "HTTP/1.1 200 OK"
2025-12-21 21:27:25,243 - httpx - INFO - HTTP Request: POST https://api.telegram.org/bot8476521610:AAFKJ_XrFUB5-reI1OjwvQ4vAPimyVMai3I/getUpdates "HTTP/1.1 200 OK"
2025-12-21 21:27:35,449 - httpx - INFO - HTTP Request: POST https://api.telegram.org/bot8476521610:AAFKJ_XrFUB5-reI1OjwvQ4vAPimyVMai3I/getUpdates "HTTP/1.1 200 OK"
2025-12-21 21:27:45,659 - httpx - INFO - HTTP Request: POST https://api.telegram.org/bot8476521610:AAFKJ_XrFUB5-reI1OjwvQ4vAPimyVMai3I/getUpdates "HTTP/1.1 200 OK"
2025-12-21 21:27:55,868 - httpx - INFO - HTTP Request: POST https://api.telegram.org/bot8476521610:AAFKJ_XrFUB5-reI1OjwvQ4vAPimyVMai3I/getUpdates "HTTP/1.1 200 OK"
2025-12-21 21:28:06,076 - httpx - INFO - HTTP Request: POST https://api.telegram.org/bot8476521610:AAFKJ_XrFUB5-reI1OjwvQ4vAPimyVMai3I/getUpdates "HTTP/1.1 200 OK"
2025-12-21 21:28:16,289 - httpx - INFO - HTTP Request: POST https://api.telegram.org/bot8476521610:AAFKJ_XrFUB5-reI1OjwvQ4vAPimyVMai3I/getUpdates "HTTP/1.1 200 OK"
2025-12-21 21:28:26,498 - httpx - INFO - HTTP Request: POST https://api.telegram.org/bot8476521610:AAFKJ_XrFUB5-reI1OjwvQ4vAPimyVMai3I/getUpdates "HTTP/1.1 200 OK"
2025-12-21 21:28:36,704 - httpx - INFO - HTTP Request: POST https://api.telegram.org/bot8476521610:AAFKJ_XrFUB5-reI1OjwvQ4vAPimyVMai3I/getUpdates "HTTP/1.1 200 OK"
2025-12-21 21:28:46,907 - httpx - INFO - HTTP Request: POST https://api.telegram.org/bot8476521610:AAFKJ_XrFUB5-reI1OjwvQ4vAPimyVMai3I/getUpdates "HTTP/1.1 200 OK"
2025-12-21 21:28:57,114 - httpx - INFO - HTTP Request: POST https://api.telegram.org/bot8476521610:AAFKJ_XrFUB5-reI1OjwvQ4vAPimyVMai3I/getUpdates "HTTP/1.1 200 OK"
2025-12-21 21:29:07,319 - httpx - INFO - HTTP Request: POST https://api.telegram.org/bot8476521610:AAFKJ_XrFUB5-reI1OjwvQ4vAPimyVMai3I/getUpdates "HTTP/1.1 200 OK"
2025-12-21 21:29:17,525 - httpx - INFO - HTTP Request: POST https://api.telegram.org/bot8476521610:AAFKJ_XrFUB5-reI1OjwvQ4vAPimyVMai3I/getUpdates "HTTP/1.1 200 OK"
2025-12-21 21:29:27,731 - httpx - INFO - HTTP Request: POST https://api.telegram.org/bot8476521610:AAFKJ_XrFUB5-reI1OjwvQ4vAPimyVMai3I/getUpdates "HTTP/1.1 200 OK"
2025-12-21 21:29:37,934 - httpx - INFO - HTTP Request: POST https://api.telegram.org/bot8476521610:AAFKJ_XrFUB5-reI1OjwvQ4vAPimyVMai3I/getUpdates "HTTP/1.1 200 OK"
2025-12-21 21:29:48,141 - httpx - INFO - HTTP Request: POST https://api.telegram.org/bot8476521610:AAFKJ_XrFUB5-reI1OjwvQ4vAPimyVMai3I/getUpdates "HTTP/1.1 200 OK"
2025-12-21 21:29:58,348 - httpx - INFO - HTTP Request: POST https://api.telegram.org/bot8476521610:AAFKJ_XrFUB5-reI1OjwvQ4vAPimyVMai3I/getUpdates "HTTP/1.1 200 OK"
2025-12-21 21:30:08,551 - httpx - INFO - HTTP Request: POST https://api.telegram.org/bot8476521610:AAFKJ_XrFUB5-reI1OjwvQ4vAPimyVMai3I/getUpdates "HTTP/1.1 200 OK"
2025-12-21 21:30:18,762 - httpx - INFO - HTTP Request: POST https://api.telegram.org/bot8476521610:AAFKJ_XrFUB5-reI1OjwvQ4vAPimyVMai3I/getUpdates "HTTP/1.1 200 OK"
2025-12-21 21:30:28,984 - httpx - INFO - HTTP Request: POST https://api.telegram.org/bot8476521610:AAFKJ_XrFUB5-reI1OjwvQ4vAPimyVMai3I/getUpdates "HTTP/1.1 200 OK"
2025-12-21 21:30:39,191 - httpx - INFO - HTTP Request: POST https://api.telegram.org/bot8476521610:AAFKJ_XrFUB5-reI1OjwvQ4vAPimyVMai3I/getUpdates "HTTP/1.1 200 OK"
2025-12-21 21:30:49,399 - httpx - INFO - HTTP Request: POST https://api.telegram.org/bot8476521610:AAFKJ_XrFUB5-reI1OjwvQ4vAPimyVMai3I/getUpdates "HTTP/1.1 200 OK"
2025-12-21 21:30:59,606 - httpx - INFO - HTTP Request: POST https://api.telegram.org/bot8476521610:AAFKJ_XrFUB5-reI1OjwvQ4vAPimyVMai3I/getUpdates "HTTP/1.1 200 OK"
2025-12-21 21:31:09,813 - httpx - INFO - HTTP Request: POST https://api.telegram.org/bot8476521610:AAFKJ_XrFUB5-reI1OjwvQ4vAPimyVMai3I/getUpdates "HTTP/1.1 200 OK"
2025-12-21 21:31:20,020 - httpx - INFO - HTTP Request: POST https://api.telegram.org/bot8476521610:AAFKJ_XrFUB5-reI1OjwvQ4vAPimyVMai3I/getUpdates "HTTP/1.1 200 OK"
2025-12-21 21:31:30,228 - httpx - INFO - HTTP Request: POST https://api.telegram.org/bot8476521610:AAFKJ_XrFUB5-reI1OjwvQ4vAPimyVMai3I/getUpdates "HTTP/1.1 200 OK"
2025-12-21 21:31:40,436 - httpx - INFO - HTTP Request: POST https://api.telegram.org/bot8476521610:AAFKJ_XrFUB5-reI1OjwvQ4vAPimyVMai3I/getUpdates "HTTP/1.1 200 OK"
2025-12-21 21:31:50,643 - httpx - INFO - HTTP Request: POST https://api.telegram.org/bot8476521610:AAFKJ_XrFUB5-reI1OjwvQ4vAPimyVMai3I/getUpdates "HTTP/1.1 200 OK"
2025-12-21 21:32:00,852 - httpx - INFO - HTTP Request: POST https://api.telegram.org/bot8476521610:AAFKJ_XrFUB5-reI1OjwvQ4vAPimyVMai3I/getUpdates "HTTP/1.1 200 OK"
2025-12-21 21:32:11,059 - httpx - INFO - HTTP Request: POST https://api.telegram.org/bot8476521610:AAFKJ_XrFUB5-reI1OjwvQ4vAPimyVMai3I/getUpdates "HTTP/1.1 200 OK"
2025-12-21 21:32:21,262 - httpx - INFO - HTTP Request: POST https://api.telegram.org/bot8476521610:AAFKJ_XrFUB5-reI1OjwvQ4vAPimyVMai3I/getUpdates "HTTP/1.1 200 OK"
2025-12-21 21:32:31,469 - httpx - INFO - HTTP Request: POST https://api.telegram.org/bot8476521610:AAFKJ_XrFUB5-reI1OjwvQ4vAPimyVMai3I/getUpdates "HTTP/1.1 200 OK"
2025-12-21 21:32:41,674 - httpx - INFO - HTTP Request: POST https://api.telegram.org/bot8476521610:AAFKJ_XrFUB5-reI1OjwvQ4vAPimyVMai3I/getUpdates "HTTP/1.1 200 OK"
2025-12-21 21:32:51,884 - httpx - INFO - HTTP Request: POST https://api.telegram.org/bot8476521610:AAFKJ_XrFUB5-reI1OjwvQ4vAPimyVMai3I/getUpdates "HTTP/1.1 200 OK"
2025-12-21 21:33:52,511 - httpx - INFO - HTTP Request: POST https://api.telegram.org/bot8476521610:AAFKJ_XrFUB5-reI1OjwvQ4vAPimyVMai3I/getUpdates "HTTP/1.1 200 OK"
2025-12-21 21:34:02,709 - httpx - INFO - HTTP Request: POST https://api.telegram.org/bot8476521610:AAFKJ_XrFUB5-reI1OjwvQ4vAPimyVMai3I/getUpdates "HTTP/1.1 200 OK"
2025-12-21 21:34:12,905 - httpx - INFO - HTTP Request: POST https://api.telegram.org/bot8476521610:AAFKJ_XrFUB5-reI1OjwvQ4vAPimyVMai3I/getUpdates "HTTP/1.1 200 OK"
2025-12-21 21:34:23,103 - httpx - INFO - HTTP Request: POST https://api.telegram.org/bot8476521610:AAFKJ_XrFUB5-reI1OjwvQ4vAPimyVMai3I/getUpdates "HTTP/1.1 200 OK"
2025-12-21 21:34:33,299 - httpx - INFO - HTTP Request: POST https://api.telegram.org/bot8476521610:AAFKJ_XrFUB5-reI1OjwvQ4vAPimyVMai3I/getUpdates "HTTP/1.1 200 OK"
2025-12-21 21:34:43,497 - httpx - INFO - HTTP Request: POST https://api.telegram.org/bot8476521610:AAFKJ_XrFUB5-reI1OjwvQ4vAPimyVMai3I/getUpdates "HTTP/1.1 200 OK"
2025-12-21 21:34:53,694 - httpx - INFO - HTTP Request: POST https://api.telegram.org/bot8476521610:AAFKJ_XrFUB5-reI1OjwvQ4vAPimyVMai3I/getUpdates "HTTP/1.1 200 OK"
2025-12-21 21:35:03,894 - httpx - INFO - HTTP Request: POST https://api.telegram.org/bot8476521610:AAFKJ_XrFUB5-reI1OjwvQ4vAPimyVMai3I/getUpdates "HTTP/1.1 200 OK"
2025-12-21 21:35:14,096 - httpx - INFO - HTTP Request: POST https://api.telegram.org/bot8476521610:AAFKJ_XrFUB5-reI1OjwvQ4vAPimyVMai3I/getUpdates "HTTP/1.1 200 OK"
2025-12-21 21:35:24,300 - httpx - INFO - HTTP Request: POST https://api.telegram.org/bot8476521610:AAFKJ_XrFUB5-reI1OjwvQ4vAPimyVMai3I/getUpdates "HTTP/1.1 200 OK"
2025-12-21 21:35:34,502 - httpx - INFO - HTTP Request: POST https://api.telegram.org/bot8476521610:AAFKJ_XrFUB5-reI1OjwvQ4vAPimyVMai3I/getUpdates "HTTP/1.1 200 OK"
2025-12-21 21:35:44,708 - httpx - INFO - HTTP Request: POST https://api.telegram.org/bot8476521610:AAFKJ_XrFUB5-reI1OjwvQ4vAPimyVMai3I/getUpdates "HTTP/1.1 200 OK"
2025-12-21 21:35:54,913 - httpx - INFO - HTTP Request: POST https://api.telegram.org/bot8476521610:AAFKJ_XrFUB5-reI1OjwvQ4vAPimyVMai3I/getUpdates "HTTP/1.1 200 OK"
2025-12-21 21:36:05,116 - httpx - INFO - HTTP Request: POST https://api.telegram.org/bot8476521610:AAFKJ_XrFUB5-reI1OjwvQ4vAPimyVMai3I/getUpdates "HTTP/1.1 200 OK"
2025-12-21 21:36:15,318 - httpx - INFO - HTTP Request: POST https://api.telegram.org/bot8476521610:AAFKJ_XrFUB5-reI1OjwvQ4vAPimyVMai3I/getUpdates "HTTP/1.1 200 OK"
2025-12-21 21:36:25,522 - httpx - INFO - HTTP Request: POST https://api.telegram.org/bot8476521610:AAFKJ_XrFUB5-reI1OjwvQ4vAPimyVMai3I/getUpdates "HTTP/1.1 200 OK"
2025-12-21 21:36:35,725 - httpx - INFO - HTTP Request: POST https://api.telegram.org/bot8476521610:AAFKJ_XrFUB5-reI1OjwvQ4vAPimyVMai3I/getUpdates "HTTP/1.1 200 OK"
2025-12-21 21:36:45,929 - httpx - INFO - HTTP Request: POST https://api.telegram.org/bot8476521610:AAFKJ_XrFUB5-reI1OjwvQ4vAPimyVMai3I/getUpdates "HTTP/1.1 200 OK"
2025-12-21 21:36:56,132 - httpx - INFO - HTTP Request: POST https://api.telegram.org/bot8476521610:AAFKJ_XrFUB5-reI1OjwvQ4vAPimyVMai3I/getUpdates "HTTP/1.1 200 OK"
2025-12-21 21:37:06,331 - httpx - INFO - HTTP Request: POST https://api.telegram.org/bot8476521610:AAFKJ_XrFUB5-reI1OjwvQ4vAPimyVMai3I/getUpdates "HTTP/1.1 200 OK"
2025-12-21 21:37:16,534 - httpx - INFO - HTTP Request: POST https://api.telegram.org/bot8476521610:AAFKJ_XrFUB5-reI1OjwvQ4vAPimyVMai3I/getUpdates "HTTP/1.1 200 OK"
2025-12-21 21:37:26,737 - httpx - INFO - HTTP Request: POST https://api.telegram.org/bot8476521610:AAFKJ_XrFUB5-reI1OjwvQ4vAPimyVMai3I/getUpdates "HTTP/1.1 200 OK"
2025-12-21 21:37:36,940 - httpx - INFO - HTTP Request: POST https://api.telegram.org/bot8476521610:AAFKJ_XrFUB5-reI1OjwvQ4vAPimyVMai3I/getUpdates "HTTP/1.1 200 OK"
2025-12-21 21:37:47,145 - httpx - INFO - HTTP Request: POST https://api.telegram.org/bot8476521610:AAFKJ_XrFUB5-reI1OjwvQ4vAPimyVMai3I/getUpdates "HTTP/1.1 200 OK"
2025-12-21 21:37:57,348 - httpx - INFO - HTTP Request: POST https://api.telegram.org/bot8476521610:AAFKJ_XrFUB5-reI1OjwvQ4vAPimyVMai3I/getUpdates "HTTP/1.1 200 OK"
2025-12-21 21:38:07,552 - httpx - INFO - HTTP Request: POST https://api.telegram.org/bot8476521610:AAFKJ_XrFUB5-reI1OjwvQ4vAPimyVMai3I/getUpdates "HTTP/1.1 200 OK"
2025-12-21 21:38:17,755 - httpx - INFO - HTTP Request: POST https://api.telegram.org/bot8476521610:AAFKJ_XrFUB5-reI1OjwvQ4vAPimyVMai3I/getUpdates "HTTP/1.1 200 OK"
2025-12-21 21:38:27,959 - httpx - INFO - HTTP Request: POST https://api.telegram.org/bot8476521610:AAFKJ_XrFUB5-reI1OjwvQ4vAPimyVMai3I/getUpdates "HTTP/1.1 200 OK"
2025-12-21 21:38:38,162 - httpx - INFO - HTTP Request: POST https://api.telegram.org/bot8476521610:AAFKJ_XrFUB5-reI1OjwvQ4vAPimyVMai3I/getUpdates "HTTP/1.1 200 OK"
2025-12-21 21:38:48,365 - httpx - INFO - HTTP Request: POST https://api.telegram.org/bot8476521610:AAFKJ_XrFUB5-reI1OjwvQ4vAPimyVMai3I/getUpdates "HTTP/1.1 200 OK"
2025-12-21 21:38:58,569 - httpx - INFO - HTTP Request: POST https://api.telegram.org/bot8476521610:AAFKJ_XrFUB5-reI1OjwvQ4vAPimyVMai3I/getUpdates "HTTP/1.1 200 OK"
2025-12-21 21:39:08,771 - httpx - INFO - HTTP Request: POST https://api.telegram.org/bot8476521610:AAFKJ_XrFUB5-reI1OjwvQ4vAPimyVMai3I/getUpdates "HTTP/1.1 200 OK"
2025-12-21 21:39:18,974 - httpx - INFO - HTTP Request: POST https://api.telegram.org/bot8476521610:AAFKJ_XrFUB5-reI1OjwvQ4vAPimyVMai3I/getUpdates "HTTP/1.1 200 OK"
2025-12-21 21:39:29,177 - httpx - INFO - HTTP Request: POST https://api.telegram.org/bot8476521610:AAFKJ_XrFUB5-reI1OjwvQ4vAPimyVMai3I/getUpdates "HTTP/1.1 200 OK"
2025-12-21 21:39:39,378 - httpx - INFO - HTTP Request: POST https://api.telegram.org/bot8476521610:AAFKJ_XrFUB5-reI1OjwvQ4vAPimyVMai3I/getUpdates "HTTP/1.1 200 OK"
2025-12-21 21:39:49,578 - httpx - INFO - HTTP Request: POST https://api.telegram.org/bot8476521610:AAFKJ_XrFUB5-reI1OjwvQ4vAPimyVMai3I/getUpdates "HTTP/1.1 200 OK"
2025-12-21 21:39:59,780 - httpx - INFO - HTTP Request: POST https://api.telegram.org/bot8476521610:AAFKJ_XrFUB5-reI1OjwvQ4vAPimyVMai3I/getUpdates "HTTP/1.1 200 OK"
2025-12-21 21:40:09,978 - httpx - INFO - HTTP Request: POST https://api.telegram.org/bot8476521610:AAFKJ_XrFUB5-reI1OjwvQ4vAPimyVMai3I/getUpdates "HTTP/1.1 200 OK"
2025-12-21 21:40:20,182 - httpx - INFO - HTTP Request: POST https://api.telegram.org/bot8476521610:AAFKJ_XrFUB5-reI1OjwvQ4vAPimyVMai3I/getUpdates "HTTP/1.1 200 OK"
2025-12-21 21:40:30,385 - httpx - INFO - HTTP Request: POST https://api.telegram.org/bot8476521610:AAFKJ_XrFUB5-reI1OjwvQ4vAPimyVMai3I/getUpdates "HTTP/1.1 200 OK"
2025-12-21 21:40:40,588 - httpx - INFO - HTTP Request: POST https://api.telegram.org/bot8476521610:AAFKJ_XrFUB5-reI1OjwvQ4vAPimyVMai3I/getUpdates "HTTP/1.1 200 OK"
2025-12-21 21:40:50,791 - httpx - INFO - HTTP Request: POST https://api.telegram.org/bot8476521610:AAFKJ_XrFUB5-reI1OjwvQ4vAPimyVMai3I/getUpdates "HTTP/1.1 200 OK"
2025-12-21 21:41:00,993 - httpx - INFO - HTTP Request: POST https://api.telegram.org/bot8476521610:AAFKJ_XrFUB5-reI1OjwvQ4vAPimyVMai3I/getUpdates "HTTP/1.1 200 OK"
2025-12-21 21:41:11,195 - httpx - INFO - HTTP Request: POST https://api.telegram.org/bot8476521610:AAFKJ_XrFUB5-reI1OjwvQ4vAPimyVMai3I/getUpdates "HTTP/1.1 200 OK"
2025-12-21 21:41:21,399 - httpx - INFO - HTTP Request: POST https://api.telegram.org/bot8476521610:AAFKJ_XrFUB5-reI1OjwvQ4vAPimyVMai3I/getUpdates "HTTP/1.1 200 OK"
2025-12-21 21:41:31,601 - httpx - INFO - HTTP Request: POST https://api.telegram.org/bot8476521610:AAFKJ_XrFUB5-reI1OjwvQ4vAPimyVMai3I/getUpdates "HTTP/1.1 200 OK"
2025-12-21 21:41:41,798 - httpx - INFO - HTTP Request: POST https://api.telegram.org/bot8476521610:AAFKJ_XrFUB5-reI1OjwvQ4vAPimyVMai3I/getUpdates "HTTP/1.1 200 OK"
2025-12-21 21:41:52,002 - httpx - INFO - HTTP Request: POST https://api.telegram.org/bot8476521610:AAFKJ_XrFUB5-reI1OjwvQ4vAPimyVMai3I/getUpdates "HTTP/1.1 200 OK"
2025-12-21 21:42:02,207 - httpx - INFO - HTTP Request: POST https://api.telegram.org/bot8476521610:AAFKJ_XrFUB5-reI1OjwvQ4vAPimyVMai3I/getUpdates "HTTP/1.1 200 OK"
2025-12-21 21:42:12,410 - httpx - INFO - HTTP Request: POST https://api.telegram.org/bot8476521610:AAFKJ_XrFUB5-reI1OjwvQ4vAPimyVMai3I/getUpdates "HTTP/1.1 200 OK"
2025-12-21 21:42:22,615 - httpx - INFO - HTTP Request: POST https://api.telegram.org/bot8476521610:AAFKJ_XrFUB5-reI1OjwvQ4vAPimyVMai3I/getUpdates "HTTP/1.1 200 OK"
2025-12-21 21:42:32,816 - httpx - INFO - HTTP Request: POST https://api.telegram.org/bot8476521610:AAFKJ_XrFUB5-reI1OjwvQ4vAPimyVMai3I/getUpdates "HTTP/1.1 200 OK"
2025-12-21 21:42:43,021 - httpx - INFO - HTTP Request: POST https://api.telegram.org/bot8476521610:AAFKJ_XrFUB5-reI1OjwvQ4vAPimyVMai3I/getUpdates "HTTP/1.1 200 OK"
2025-12-21 21:42:53,224 - httpx - INFO - HTTP Request: POST https://api.telegram.org/bot8476521610:AAFKJ_XrFUB5-reI1OjwvQ4vAPimyVMai3I/getUpdates "HTTP/1.1 200 OK"
2025-12-21 21:43:03,426 - httpx - INFO - HTTP Request: POST https://api.telegram.org/bot8476521610:AAFKJ_XrFUB5-reI1OjwvQ4vAPimyVMai3I/getUpdates "HTTP/1.1 200 OK"
2025-12-21 21:43:13,629 - httpx - INFO - HTTP Request: POST https://api.telegram.org/bot8476521610:AAFKJ_XrFUB5-reI1OjwvQ4vAPimyVMai3I/getUpdates "HTTP/1.1 200 OK"
2025-12-21 21:43:23,831 - httpx - INFO - HTTP Request: POST https://api.telegram.org/bot8476521610:AAFKJ_XrFUB5-reI1OjwvQ4vAPimyVMai3I/getUpdates "HTTP/1.1 200 OK"
2025-12-21 21:43:34,035 - httpx - INFO - HTTP Request: POST https://api.telegram.org/bot8476521610:AAFKJ_XrFUB5-reI1OjwvQ4vAPimyVMai3I/getUpdates "HTTP/1.1 200 OK"
2025-12-21 21:43:44,241 - httpx - INFO - HTTP Request: POST https://api.telegram.org/bot8476521610:AAFKJ_XrFUB5-reI1OjwvQ4vAPimyVMai3I/getUpdates "HTTP/1.1 200 OK"
2025-12-21 21:43:54,445 - httpx - INFO - HTTP Request: POST https://api.telegram.org/bot8476521610:AAFKJ_XrFUB5-reI1OjwvQ4vAPimyVMai3I/getUpdates "HTTP/1.1 200 OK"
2025-12-21 21:44:04,649 - httpx - INFO - HTTP Request: POST https://api.telegram.org/bot8476521610:AAFKJ_XrFUB5-reI1OjwvQ4vAPimyVMai3I/getUpdates "HTTP/1.1 200 OK"
2025-12-21 21:44:14,851 - httpx - INFO - HTTP Request: POST https://api.telegram.org/bot8476521610:AAFKJ_XrFUB5-reI1OjwvQ4vAPimyVMai3I/getUpdates "HTTP/1.1 200 OK"
2025-12-21 21:44:25,053 - httpx - INFO - HTTP Request: POST https://api.telegram.org/bot8476521610:AAFKJ_XrFUB5-reI1OjwvQ4vAPimyVMai3I/getUpdates "HTTP/1.1 200 OK"
2025-12-21 21:44:35,257 - httpx - INFO - HTTP Request: POST https://api.telegram.org/bot8476521610:AAFKJ_XrFUB5-reI1OjwvQ4vAPimyVMai3I/getUpdates "HTTP/1.1 200 OK"
2025-12-21 21:44:45,460 - httpx - INFO - HTTP Request: POST https://api.telegram.org/bot8476521610:AAFKJ_XrFUB5-reI1OjwvQ4vAPimyVMai3I/getUpdates "HTTP/1.1 200 OK"
2025-12-21 21:44:55,661 - httpx - INFO - HTTP Request: POST https://api.telegram.org/bot8476521610:AAFKJ_XrFUB5-reI1OjwvQ4vAPimyVMai3I/getUpdates "HTTP/1.1 200 OK"
2025-12-21 21:45:05,863 - httpx - INFO - HTTP Request: POST https://api.telegram.org/bot8476521610:AAFKJ_XrFUB5-reI1OjwvQ4vAPimyVMai3I/getUpdates "HTTP/1.1 200 OK"
2025-12-21 21:45:16,064 - httpx - INFO - HTTP Request: POST https://api.telegram.org/bot8476521610:AAFKJ_XrFUB5-reI1OjwvQ4vAPimyVMai3I/getUpdates "HTTP/1.1 200 OK"
2025-12-21 21:45:26,288 - httpx - INFO - HTTP Request: POST https://api.telegram.org/bot8476521610:AAFKJ_XrFUB5-reI1OjwvQ4vAPimyVMai3I/getUpdates "HTTP/1.1 200 OK"
2025-12-21 21:45:36,490 - httpx - INFO - HTTP Request: POST https://api.telegram.org/bot8476521610:AAFKJ_XrFUB5-reI1OjwvQ4vAPimyVMai3I/getUpdates "HTTP/1.1 200 OK"
2025-12-21 21:45:46,694 - httpx - INFO - HTTP Request: POST https://api.telegram.org/bot8476521610:AAFKJ_XrFUB5-reI1OjwvQ4vAPimyVMai3I/getUpdates "HTTP/1.1 200 OK"
2025-12-21 21:45:56,898 - httpx - INFO - HTTP Request: POST https://api.telegram.org/bot8476521610:AAFKJ_XrFUB5-reI1OjwvQ4vAPimyVMai3I/getUpdates "HTTP/1.1 200 OK"
2025-12-21 21:46:07,102 - httpx - INFO - HTTP Request: POST https://api.telegram.org/bot8476521610:AAFKJ_XrFUB5-reI1OjwvQ4vAPimyVMai3I/getUpdates "HTTP/1.1 200 OK"
2025-12-21 21:46:17,305 - httpx - INFO - HTTP Request: POST https://api.telegram.org/bot8476521610:AAFKJ_XrFUB5-reI1OjwvQ4vAPimyVMai3I/getUpdates "HTTP/1.1 200 OK"
2025-12-21 21:46:27,510 - httpx - INFO - HTTP Request: POST https://api.telegram.org/bot8476521610:AAFKJ_XrFUB5-reI1OjwvQ4vAPimyVMai3I/getUpdates "HTTP/1.1 200 OK"
2025-12-21 21:46:37,713 - httpx - INFO - HTTP Request: POST https://api.telegram.org/bot8476521610:AAFKJ_XrFUB5-reI1OjwvQ4vAPimyVMai3I/getUpdates "HTTP/1.1 200 OK"
2025-12-21 21:46:47,916 - httpx - INFO - HTTP Request: POST https://api.telegram.org/bot8476521610:AAFKJ_XrFUB5-reI1OjwvQ4vAPimyVMai3I/getUpdates "HTTP/1.1 200 OK"
2025-12-21 21:46:58,115 - httpx - INFO - HTTP Request: POST https://api.telegram.org/bot8476521610:AAFKJ_XrFUB5-reI1OjwvQ4vAPimyVMai3I/getUpdates "HTTP/1.1 200 OK"
2025-12-21 21:47:08,319 - httpx - INFO - HTTP Request: POST https://api.telegram.org/bot8476521610:AAFKJ_XrFUB5-reI1OjwvQ4vAPimyVMai3I/getUpdates "HTTP/1.1 200 OK"
2025-12-21 21:47:18,522 - httpx - INFO - HTTP Request: POST https://api.telegram.org/bot8476521610:AAFKJ_XrFUB5-reI1OjwvQ4vAPimyVMai3I/getUpdates "HTTP/1.1 200 OK"
2025-12-21 21:47:28,724 - httpx - INFO - HTTP Request: POST https://api.telegram.org/bot8476521610:AAFKJ_XrFUB5-reI1OjwvQ4vAPimyVMai3I/getUpdates "HTTP/1.1 200 OK"
2025-12-21 21:47:38,925 - httpx - INFO - HTTP Request: POST https://api.telegram.org/bot8476521610:AAFKJ_XrFUB5-reI1OjwvQ4vAPimyVMai3I/getUpdates "HTTP/1.1 200 OK"
2025-12-21 21:47:49,124 - httpx - INFO - HTTP Request: POST https://api.telegram.org/bot8476521610:AAFKJ_XrFUB5-reI1OjwvQ4vAPimyVMai3I/getUpdates "HTTP/1.1 200 OK"
2025-12-21 21:47:59,326 - httpx - INFO - HTTP Request: POST https://api.telegram.org/bot8476521610:AAFKJ_XrFUB5-reI1OjwvQ4vAPimyVMai3I/getUpdates "HTTP/1.1 200 OK"
2025-12-21 21:48:09,530 - httpx - INFO - HTTP Request: POST https://api.telegram.org/bot8476521610:AAFKJ_XrFUB5-reI1OjwvQ4vAPimyVMai3I/getUpdates "HTTP/1.1 200 OK"
2025-12-21 21:48:19,733 - httpx - INFO - HTTP Request: POST https://api.telegram.org/bot8476521610:AAFKJ_XrFUB5-reI1OjwvQ4vAPimyVMai3I/getUpdates "HTTP/1.1 200 OK"
2025-12-21 21:48:29,936 - httpx - INFO - HTTP Request: POST https://api.telegram.org/bot8476521610:AAFKJ_XrFUB5-reI1OjwvQ4vAPimyVMai3I/getUpdates "HTTP/1.1 200 OK"
2025-12-21 21:48:40,134 - httpx - INFO - HTTP Request: POST https://api.telegram.org/bot8476521610:AAFKJ_XrFUB5-reI1OjwvQ4vAPimyVMai3I/getUpdates "HTTP/1.1 200 OK"
2025-12-21 21:48:50,334 - httpx - INFO - HTTP Request: POST https://api.telegram.org/bot8476521610:AAFKJ_XrFUB5-reI1OjwvQ4vAPimyVMai3I/getUpdates "HTTP/1.1 200 OK"
2025-12-21 21:49:00,538 - httpx - INFO - HTTP Request: POST https://api.telegram.org/bot8476521610:AAFKJ_XrFUB5-reI1OjwvQ4vAPimyVMai3I/getUpdates "HTTP/1.1 200 OK"
2025-12-21 21:49:10,743 - httpx - INFO - HTTP Request: POST https://api.telegram.org/bot8476521610:AAFKJ_XrFUB5-reI1OjwvQ4vAPimyVMai3I/getUpdates "HTTP/1.1 200 OK"
2025-12-21 21:49:20,946 - httpx - INFO - HTTP Request: POST https://api.telegram.org/bot8476521610:AAFKJ_XrFUB5-reI1OjwvQ4vAPimyVMai3I/getUpdates "HTTP/1.1 200 OK"
2025-12-21 21:49:31,149 - httpx - INFO - HTTP Request: POST https://api.telegram.org/bot8476521610:AAFKJ_XrFUB5-reI1OjwvQ4vAPimyVMai3I/getUpdates "HTTP/1.1 200 OK"
2025-12-21 21:49:41,351 - httpx - INFO - HTTP Request: POST https://api.telegram.org/bot8476521610:AAFKJ_XrFUB5-reI1OjwvQ4vAPimyVMai3I/getUpdates "HTTP/1.1 200 OK"
2025-12-21 21:49:51,554 - httpx - INFO - HTTP Request: POST https://api.telegram.org/bot8476521610:AAFKJ_XrFUB5-reI1OjwvQ4vAPimyVMai3I/getUpdates "HTTP/1.1 200 OK"
2025-12-21 21:50:01,756 - httpx - INFO - HTTP Request: POST https://api.telegram.org/bot8476521610:AAFKJ_XrFUB5-reI1OjwvQ4vAPimyVMai3I/getUpdates "HTTP/1.1 200 OK"
2025-12-21 21:50:11,959 - httpx - INFO - HTTP Request: POST https://api.telegram.org/bot8476521610:AAFKJ_XrFUB5-reI1OjwvQ4vAPimyVMai3I/getUpdates "HTTP/1.1 200 OK"
2025-12-21 21:50:22,168 - httpx - INFO - HTTP Request: POST https://api.telegram.org/bot8476521610:AAFKJ_XrFUB5-reI1OjwvQ4vAPimyVMai3I/getUpdates "HTTP/1.1 200 OK"
2025-12-21 21:50:32,371 - httpx - INFO - HTTP Request: POST https://api.telegram.org/bot8476521610:AAFKJ_XrFUB5-reI1OjwvQ4vAPimyVMai3I/getUpdates "HTTP/1.1 200 OK"
2025-12-21 21:50:42,575 - httpx - INFO - HTTP Request: POST https://api.telegram.org/bot8476521610:AAFKJ_XrFUB5-reI1OjwvQ4vAPimyVMai3I/getUpdates "HTTP/1.1 200 OK"
2025-12-21 21:50:53,195 - httpx - INFO - HTTP Request: POST https://api.telegram.org/bot8476521610:AAFKJ_XrFUB5-reI1OjwvQ4vAPimyVMai3I/getUpdates "HTTP/1.1 200 OK"
2025-12-21 21:51:03,402 - httpx - INFO - HTTP Request: POST https://api.telegram.org/bot8476521610:AAFKJ_XrFUB5-reI1OjwvQ4vAPimyVMai3I/getUpdates "HTTP/1.1 200 OK"
2025-12-21 21:51:13,610 - httpx - INFO - HTTP Request: POST https://api.telegram.org/bot8476521610:AAFKJ_XrFUB5-reI1OjwvQ4vAPimyVMai3I/getUpdates "HTTP/1.1 200 OK"
2025-12-21 21:51:23,813 - httpx - INFO - HTTP Request: POST https://api.telegram.org/bot8476521610:AAFKJ_XrFUB5-reI1OjwvQ4vAPimyVMai3I/getUpdates "HTTP/1.1 200 OK"
2025-12-21 21:51:34,020 - httpx - INFO - HTTP Request: POST https://api.telegram.org/bot8476521610:AAFKJ_XrFUB5-reI1OjwvQ4vAPimyVMai3I/getUpdates "HTTP/1.1 200 OK"
2025-12-21 21:51:44,227 - httpx - INFO - HTTP Request: POST https://api.telegram.org/bot8476521610:AAFKJ_XrFUB5-reI1OjwvQ4vAPimyVMai3I/getUpdates "HTTP/1.1 200 OK"
2025-12-21 21:51:54,438 - httpx - INFO - HTTP Request: POST https://api.telegram.org/bot8476521610:AAFKJ_XrFUB5-reI1OjwvQ4vAPimyVMai3I/getUpdates "HTTP/1.1 200 OK"
2025-12-21 21:52:04,645 - httpx - INFO - HTTP Request: POST https://api.telegram.org/bot8476521610:AAFKJ_XrFUB5-reI1OjwvQ4vAPimyVMai3I/getUpdates "HTTP/1.1 200 OK"
2025-12-21 21:52:14,851 - httpx - INFO - HTTP Request: POST https://api.telegram.org/bot8476521610:AAFKJ_XrFUB5-reI1OjwvQ4vAPimyVMai3I/getUpdates "HTTP/1.1 200 OK"
2025-12-21 21:52:25,058 - httpx - INFO - HTTP Request: POST https://api.telegram.org/bot8476521610:AAFKJ_XrFUB5-reI1OjwvQ4vAPimyVMai3I/getUpdates "HTTP/1.1 200 OK"
2025-12-21 21:52:35,267 - httpx - INFO - HTTP Request: POST https://api.telegram.org/bot8476521610:AAFKJ_XrFUB5-reI1OjwvQ4vAPimyVMai3I/getUpdates "HTTP/1.1 200 OK"
2025-12-21 21:52:45,474 - httpx - INFO - HTTP Request: POST https://api.telegram.org/bot8476521610:AAFKJ_XrFUB5-reI1OjwvQ4vAPimyVMai3I/getUpdates "HTTP/1.1 200 OK"
2025-12-21 21:52:55,681 - httpx - INFO - HTTP Request: POST https://api.telegram.org/bot8476521610:AAFKJ_XrFUB5-reI1OjwvQ4vAPimyVMai3I/getUpdates "HTTP/1.1 200 OK"
2025-12-21 21:53:05,886 - httpx - INFO - HTTP Request: POST https://api.telegram.org/bot8476521610:AAFKJ_XrFUB5-reI1OjwvQ4vAPimyVMai3I/getUpdates "HTTP/1.1 200 OK"
2025-12-21 21:53:16,089 - httpx - INFO - HTTP Request: POST https://api.telegram.org/bot8476521610:AAFKJ_XrFUB5-reI1OjwvQ4vAPimyVMai3I/getUpdates "HTTP/1.1 200 OK"
2025-12-21 21:53:26,297 - httpx - INFO - HTTP Request: POST https://api.telegram.org/bot8476521610:AAFKJ_XrFUB5-reI1OjwvQ4vAPimyVMai3I/getUpdates "HTTP/1.1 200 OK"
2025-12-21 21:53:36,503 - httpx - INFO - HTTP Request: POST https://api.telegram.org/bot8476521610:AAFKJ_XrFUB5-reI1OjwvQ4vAPimyVMai3I/getUpdates "HTTP/1.1 200 OK"
2025-12-21 21:53:46,712 - httpx - INFO - HTTP Request: POST https://api.telegram.org/bot8476521610:AAFKJ_XrFUB5-reI1OjwvQ4vAPimyVMai3I/getUpdates "HTTP/1.1 200 OK"
2025-12-21 21:53:56,919 - httpx - INFO - HTTP Request: POST https://api.telegram.org/bot8476521610:AAFKJ_XrFUB5-reI1OjwvQ4vAPimyVMai3I/getUpdates "HTTP/1.1 200 OK"
2025-12-21 21:54:07,125 - httpx - INFO - HTTP Request: POST https://api.telegram.org/bot8476521610:AAFKJ_XrFUB5-reI1OjwvQ4vAPimyVMai3I/getUpdates "HTTP/1.1 200 OK"
2025-12-21 21:54:17,334 - httpx - INFO - HTTP Request: POST https://api.telegram.org/bot8476521610:AAFKJ_XrFUB5-reI1OjwvQ4vAPimyVMai3I/getUpdates "HTTP/1.1 200 OK"
2025-12-21 21:54:27,545 - httpx - INFO - HTTP Request: POST https://api.telegram.org/bot8476521610:AAFKJ_XrFUB5-reI1OjwvQ4vAPimyVMai3I/getUpdates "HTTP/1.1 200 OK"
2025-12-21 21:54:37,751 - httpx - INFO - HTTP Request: POST https://api.telegram.org/bot8476521610:AAFKJ_XrFUB5-reI1OjwvQ4vAPimyVMai3I/getUpdates "HTTP/1.1 200 OK"
2025-12-21 21:54:47,957 - httpx - INFO - HTTP Request: POST https://api.telegram.org/bot8476521610:AAFKJ_XrFUB5-reI1OjwvQ4vAPimyVMai3I/getUpdates "HTTP/1.1 200 OK"
2025-12-21 21:54:58,162 - httpx - INFO - HTTP Request: POST https://api.telegram.org/bot8476521610:AAFKJ_XrFUB5-reI1OjwvQ4vAPimyVMai3I/getUpdates "HTTP/1.1 200 OK"
2025-12-21 21:55:08,369 - httpx - INFO - HTTP Request: POST https://api.telegram.org/bot8476521610:AAFKJ_XrFUB5-reI1OjwvQ4vAPimyVMai3I/getUpdates "HTTP/1.1 200 OK"
2025-12-21 21:55:18,575 - httpx - INFO - HTTP Request: POST https://api.telegram.org/bot8476521610:AAFKJ_XrFUB5-reI1OjwvQ4vAPimyVMai3I/getUpdates "HTTP/1.1 200 OK"
2025-12-21 21:55:28,782 - httpx - INFO - HTTP Request: POST https://api.telegram.org/bot8476521610:AAFKJ_XrFUB5-reI1OjwvQ4vAPimyVMai3I/getUpdates "HTTP/1.1 200 OK"
2025-12-21 21:55:38,989 - httpx - INFO - HTTP Request: POST https://api.telegram.org/bot8476521610:AAFKJ_XrFUB5-reI1OjwvQ4vAPimyVMai3I/getUpdates "HTTP/1.1 200 OK"
2025-12-21 21:55:49,196 - httpx - INFO - HTTP Request: POST https://api.telegram.org/bot8476521610:AAFKJ_XrFUB5-reI1OjwvQ4vAPimyVMai3I/getUpdates "HTTP/1.1 200 OK"
2025-12-21 21:55:59,403 - httpx - INFO - HTTP Request: POST https://api.telegram.org/bot8476521610:AAFKJ_XrFUB5-reI1OjwvQ4vAPimyVMai3I/getUpdates "HTTP/1.1 200 OK"
2025-12-21 21:56:09,609 - httpx - INFO - HTTP Request: POST https://api.telegram.org/bot8476521610:AAFKJ_XrFUB5-reI1OjwvQ4vAPimyVMai3I/getUpdates "HTTP/1.1 200 OK"
2025-12-21 21:56:19,817 - httpx - INFO - HTTP Request: POST https://api.telegram.org/bot8476521610:AAFKJ_XrFUB5-reI1OjwvQ4vAPimyVMai3I/getUpdates "HTTP/1.1 200 OK"
2025-12-21 21:56:30,025 - httpx - INFO - HTTP Request: POST https://api.telegram.org/bot8476521610:AAFKJ_XrFUB5-reI1OjwvQ4vAPimyVMai3I/getUpdates "HTTP/1.1 200 OK"
2025-12-21 21:56:40,231 - httpx - INFO - HTTP Request: POST https://api.telegram.org/bot8476521610:AAFKJ_XrFUB5-reI1OjwvQ4vAPimyVMai3I/getUpdates "HTTP/1.1 200 OK"
2025-12-21 21:56:50,438 - httpx - INFO - HTTP Request: POST https://api.telegram.org/bot8476521610:AAFKJ_XrFUB5-reI1OjwvQ4vAPimyVMai3I/getUpdates "HTTP/1.1 200 OK"
2025-12-21 21:57:00,648 - httpx - INFO - HTTP Request: POST https://api.telegram.org/bot8476521610:AAFKJ_XrFUB5-reI1OjwvQ4vAPimyVMai3I/getUpdates "HTTP/1.1 200 OK"
2025-12-21 21:57:10,858 - httpx - INFO - HTTP Request: POST https://api.telegram.org/bot8476521610:AAFKJ_XrFUB5-reI1OjwvQ4vAPimyVMai3I/getUpdates "HTTP/1.1 200 OK"
2025-12-21 21:57:21,065 - httpx - INFO - HTTP Request: POST https://api.telegram.org/bot8476521610:AAFKJ_XrFUB5-reI1OjwvQ4vAPimyVMai3I/getUpdates "HTTP/1.1 200 OK"
2025-12-21 21:57:31,273 - httpx - INFO - HTTP Request: POST https://api.telegram.org/bot8476521610:AAFKJ_XrFUB5-reI1OjwvQ4vAPimyVMai3I/getUpdates "HTTP/1.1 200 OK"
2025-12-21 21:57:41,480 - httpx - INFO - HTTP Request: POST https://api.telegram.org/bot8476521610:AAFKJ_XrFUB5-reI1OjwvQ4vAPimyVMai3I/getUpdates "HTTP/1.1 200 OK"
2025-12-21 21:57:51,686 - httpx - INFO - HTTP Request: POST https://api.telegram.org/bot8476521610:AAFKJ_XrFUB5-reI1OjwvQ4vAPimyVMai3I/getUpdates "HTTP/1.1 200 OK"
2025-12-21 21:58:01,889 - httpx - INFO - HTTP Request: POST https://api.telegram.org/bot8476521610:AAFKJ_XrFUB5-reI1OjwvQ4vAPimyVMai3I/getUpdates "HTTP/1.1 200 OK"
2025-12-21 21:58:12,102 - httpx - INFO - HTTP Request: POST https://api.telegram.org/bot8476521610:AAFKJ_XrFUB5-reI1OjwvQ4vAPimyVMai3I/getUpdates "HTTP/1.1 200 OK"
2025-12-21 21:58:22,309 - httpx - INFO - HTTP Request: POST https://api.telegram.org/bot8476521610:AAFKJ_XrFUB5-reI1OjwvQ4vAPimyVMai3I/getUpdates "HTTP/1.1 200 OK"
2025-12-21 21:58:32,516 - httpx - INFO - HTTP Request: POST https://api.telegram.org/bot8476521610:AAFKJ_XrFUB5-reI1OjwvQ4vAPimyVMai3I/getUpdates "HTTP/1.1 200 OK"
2025-12-21 21:58:42,723 - httpx - INFO - HTTP Request: POST https://api.telegram.org/bot8476521610:AAFKJ_XrFUB5-reI1OjwvQ4vAPimyVMai3I/getUpdates "HTTP/1.1 200 OK"
2025-12-21 21:58:52,932 - httpx - INFO - HTTP Request: POST https://api.telegram.org/bot8476521610:AAFKJ_XrFUB5-reI1OjwvQ4vAPimyVMai3I/getUpdates "HTTP/1.1 200 OK"
2025-12-21 21:59:03,135 - httpx - INFO - HTTP Request: POST https://api.telegram.org/bot8476521610:AAFKJ_XrFUB5-reI1OjwvQ4vAPimyVMai3I/getUpdates "HTTP/1.1 200 OK"
2025-12-21 21:59:13,345 - httpx - INFO - HTTP Request: POST https://api.telegram.org/bot8476521610:AAFKJ_XrFUB5-reI1OjwvQ4vAPimyVMai3I/getUpdates "HTTP/1.1 200 OK"
2025-12-21 21:59:23,551 - httpx - INFO - HTTP Request: POST https://api.telegram.org/bot8476521610:AAFKJ_XrFUB5-reI1OjwvQ4vAPimyVMai3I/getUpdates "HTTP/1.1 200 OK"
2025-12-21 21:59:33,759 - httpx - INFO - HTTP Request: POST https://api.telegram.org/bot8476521610:AAFKJ_XrFUB5-reI1OjwvQ4vAPimyVMai3I/getUpdates "HTTP/1.1 200 OK"
2025-12-21 21:59:43,968 - httpx - INFO - HTTP Request: POST https://api.telegram.org/bot8476521610:AAFKJ_XrFUB5-reI1OjwvQ4vAPimyVMai3I/getUpdates "HTTP/1.1 200 OK"
2025-12-21 21:59:54,176 - httpx - INFO - HTTP Request: POST https://api.telegram.org/bot8476521610:AAFKJ_XrFUB5-reI1OjwvQ4vAPimyVMai3I/getUpdates "HTTP/1.1 200 OK"
2025-12-21 22:00:04,384 - httpx - INFO - HTTP Request: POST https://api.telegram.org/bot8476521610:AAFKJ_XrFUB5-reI1OjwvQ4vAPimyVMai3I/getUpdates "HTTP/1.1 200 OK"
2025-12-21 22:00:14,592 - httpx - INFO - HTTP Request: POST https://api.telegram.org/bot8476521610:AAFKJ_XrFUB5-reI1OjwvQ4vAPimyVMai3I/getUpdates "HTTP/1.1 200 OK"
2025-12-21 22:00:24,799 - httpx - INFO - HTTP Request: POST https://api.telegram.org/bot8476521610:AAFKJ_XrFUB5-reI1OjwvQ4vAPimyVMai3I/getUpdates "HTTP/1.1 200 OK"
2025-12-21 22:00:35,008 - httpx - INFO - HTTP Request: POST https://api.telegram.org/bot8476521610:AAFKJ_XrFUB5-reI1OjwvQ4vAPimyVMai3I/getUpdates "HTTP/1.1 200 OK"
2025-12-21 22:00:45,213 - httpx - INFO - HTTP Request: POST https://api.telegram.org/bot8476521610:AAFKJ_XrFUB5-reI1OjwvQ4vAPimyVMai3I/getUpdates "HTTP/1.1 200 OK"
2025-12-21 22:00:55,422 - httpx - INFO - HTTP Request: POST https://api.telegram.org/bot8476521610:AAFKJ_XrFUB5-reI1OjwvQ4vAPimyVMai3I/getUpdates "HTTP/1.1 200 OK"
2025-12-21 22:01:05,637 - httpx - INFO - HTTP Request: POST https://api.telegram.org/bot8476521610:AAFKJ_XrFUB5-reI1OjwvQ4vAPimyVMai3I/getUpdates "HTTP/1.1 200 OK"
2025-12-21 22:01:15,844 - httpx - INFO - HTTP Request: POST https://api.telegram.org/bot8476521610:AAFKJ_XrFUB5-reI1OjwvQ4vAPimyVMai3I/getUpdates "HTTP/1.1 200 OK"
2025-12-21 22:01:26,050 - httpx - INFO - HTTP Request: POST https://api.telegram.org/bot8476521610:AAFKJ_XrFUB5-reI1OjwvQ4vAPimyVMai3I/getUpdates "HTTP/1.1 200 OK"
2025-12-21 22:01:36,269 - httpx - INFO - HTTP Request: POST https://api.telegram.org/bot8476521610:AAFKJ_XrFUB5-reI1OjwvQ4vAPimyVMai3I/getUpdates "HTTP/1.1 200 OK"
2025-12-21 22:01:46,476 - httpx - INFO - HTTP Request: POST https://api.telegram.org/bot8476521610:AAFKJ_XrFUB5-reI1OjwvQ4vAPimyVMai3I/getUpdates "HTTP/1.1 200 OK"
2025-12-21 22:01:56,684 - httpx - INFO - HTTP Request: POST https://api.telegram.org/bot8476521610:AAFKJ_XrFUB5-reI1OjwvQ4vAPimyVMai3I/getUpdates "HTTP/1.1 200 OK"
2025-12-21 22:02:06,894 - httpx - INFO - HTTP Request: POST https://api.telegram.org/bot8476521610:AAFKJ_XrFUB5-reI1OjwvQ4vAPimyVMai3I/getUpdates "HTTP/1.1 200 OK"
2025-12-21 22:02:17,103 - httpx - INFO - HTTP Request: POST https://api.telegram.org/bot8476521610:AAFKJ_XrFUB5-reI1OjwvQ4vAPimyVMai3I/getUpdates "HTTP/1.1 200 OK"
2025-12-21 22:02:27,311 - httpx - INFO - HTTP Request: POST https://api.telegram.org/bot8476521610:AAFKJ_XrFUB5-reI1OjwvQ4vAPimyVMai3I/getUpdates "HTTP/1.1 200 OK"
2025-12-21 22:02:37,519 - httpx - INFO - HTTP Request: POST https://api.telegram.org/bot8476521610:AAFKJ_XrFUB5-reI1OjwvQ4vAPimyVMai3I/getUpdates "HTTP/1.1 200 OK"
2025-12-21 22:02:47,727 - httpx - INFO - HTTP Request: POST https://api.telegram.org/bot8476521610:AAFKJ_XrFUB5-reI1OjwvQ4vAPimyVMai3I/getUpdates "HTTP/1.1 200 OK"
2025-12-21 22:02:57,933 - httpx - INFO - HTTP Request: POST https://api.telegram.org/bot8476521610:AAFKJ_XrFUB5-reI1OjwvQ4vAPimyVMai3I/getUpdates "HTTP/1.1 200 OK"
2025-12-21 22:03:08,139 - httpx - INFO - HTTP Request: POST https://api.telegram.org/bot8476521610:AAFKJ_XrFUB5-reI1OjwvQ4vAPimyVMai3I/getUpdates "HTTP/1.1 200 OK"
2025-12-21 22:03:18,350 - httpx - INFO - HTTP Request: POST https://api.telegram.org/bot8476521610:AAFKJ_XrFUB5-reI1OjwvQ4vAPimyVMai3I/getUpdates "HTTP/1.1 200 OK"
2025-12-21 22:03:28,558 - httpx - INFO - HTTP Request: POST https://api.telegram.org/bot8476521610:AAFKJ_XrFUB5-reI1OjwvQ4vAPimyVMai3I/getUpdates "HTTP/1.1 200 OK"
2025-12-21 22:03:38,767 - httpx - INFO - HTTP Request: POST https://api.telegram.org/bot8476521610:AAFKJ_XrFUB5-reI1OjwvQ4vAPimyVMai3I/getUpdates "HTTP/1.1 200 OK"
2025-12-21 22:03:48,974 - httpx - INFO - HTTP Request: POST https://api.telegram.org/bot8476521610:AAFKJ_XrFUB5-reI1OjwvQ4vAPimyVMai3I/getUpdates "HTTP/1.1 200 OK"
2025-12-21 22:04:50,761 - httpx - INFO - HTTP Request: POST https://api.telegram.org/bot8476521610:AAFKJ_XrFUB5-reI1OjwvQ4vAPimyVMai3I/getUpdates "HTTP/1.1 200 OK"
2025-12-21 22:05:00,974 - httpx - INFO - HTTP Request: POST https://api.telegram.org/bot8476521610:AAFKJ_XrFUB5-reI1OjwvQ4vAPimyVMai3I/getUpdates "HTTP/1.1 200 OK"
2025-12-21 22:05:11,173 - httpx - INFO - HTTP Request: POST https://api.telegram.org/bot8476521610:AAFKJ_XrFUB5-reI1OjwvQ4vAPimyVMai3I/getUpdates "HTTP/1.1 200 OK"
2025-12-21 22:05:21,373 - httpx - INFO - HTTP Request: POST https://api.telegram.org/bot8476521610:AAFKJ_XrFUB5-reI1OjwvQ4vAPimyVMai3I/getUpdates "HTTP/1.1 200 OK"
2025-12-21 22:05:31,573 - httpx - INFO - HTTP Request: POST https://api.telegram.org/bot8476521610:AAFKJ_XrFUB5-reI1OjwvQ4vAPimyVMai3I/getUpdates "HTTP/1.1 200 OK"
2025-12-21 22:05:41,776 - httpx - INFO - HTTP Request: POST https://api.telegram.org/bot8476521610:AAFKJ_XrFUB5-reI1OjwvQ4vAPimyVMai3I/getUpdates "HTTP/1.1 200 OK"
2025-12-21 22:05:51,977 - httpx - INFO - HTTP Request: POST https://api.telegram.org/bot8476521610:AAFKJ_XrFUB5-reI1OjwvQ4vAPimyVMai3I/getUpdates "HTTP/1.1 200 OK"
2025-12-21 22:06:02,176 - httpx - INFO - HTTP Request: POST https://api.telegram.org/bot8476521610:AAFKJ_XrFUB5-reI1OjwvQ4vAPimyVMai3I/getUpdates "HTTP/1.1 200 OK"
2025-12-21 22:06:12,378 - httpx - INFO - HTTP Request: POST https://api.telegram.org/bot8476521610:AAFKJ_XrFUB5-reI1OjwvQ4vAPimyVMai3I/getUpdates "HTTP/1.1 200 OK"
2025-12-21 22:06:22,583 - httpx - INFO - HTTP Request: POST https://api.telegram.org/bot8476521610:AAFKJ_XrFUB5-reI1OjwvQ4vAPimyVMai3I/getUpdates "HTTP/1.1 200 OK"
2025-12-21 22:06:32,789 - httpx - INFO - HTTP Request: POST https://api.telegram.org/bot8476521610:AAFKJ_XrFUB5-reI1OjwvQ4vAPimyVMai3I/getUpdates "HTTP/1.1 200 OK"
2025-12-21 22:06:43,003 - httpx - INFO - HTTP Request: POST https://api.telegram.org/bot8476521610:AAFKJ_XrFUB5-reI1OjwvQ4vAPimyVMai3I/getUpdates "HTTP/1.1 200 OK"
2025-12-21 22:06:53,209 - httpx - INFO - HTTP Request: POST https://api.telegram.org/bot8476521610:AAFKJ_XrFUB5-reI1OjwvQ4vAPimyVMai3I/getUpdates "HTTP/1.1 200 OK"
2025-12-21 22:07:03,415 - httpx - INFO - HTTP Request: POST https://api.telegram.org/bot8476521610:AAFKJ_XrFUB5-reI1OjwvQ4vAPimyVMai3I/getUpdates "HTTP/1.1 200 OK"
2025-12-21 22:07:13,622 - httpx - INFO - HTTP Request: POST https://api.telegram.org/bot8476521610:AAFKJ_XrFUB5-reI1OjwvQ4vAPimyVMai3I/getUpdates "HTTP/1.1 200 OK"
2025-12-21 22:07:23,828 - httpx - INFO - HTTP Request: POST https://api.telegram.org/bot8476521610:AAFKJ_XrFUB5-reI1OjwvQ4vAPimyVMai3I/getUpdates "HTTP/1.1 200 OK"
2025-12-21 22:07:34,033 - httpx - INFO - HTTP Request: POST https://api.telegram.org/bot8476521610:AAFKJ_XrFUB5-reI1OjwvQ4vAPimyVMai3I/getUpdates "HTTP/1.1 200 OK"
2025-12-21 22:07:44,239 - httpx - INFO - HTTP Request: POST https://api.telegram.org/bot8476521610:AAFKJ_XrFUB5-reI1OjwvQ4vAPimyVMai3I/getUpdates "HTTP/1.1 200 OK"
2025-12-21 22:07:54,445 - httpx - INFO - HTTP Request: POST https://api.telegram.org/bot8476521610:AAFKJ_XrFUB5-reI1OjwvQ4vAPimyVMai3I/getUpdates "HTTP/1.1 200 OK"
2025-12-21 22:08:04,650 - httpx - INFO - HTTP Request: POST https://api.telegram.org/bot8476521610:AAFKJ_XrFUB5-reI1OjwvQ4vAPimyVMai3I/getUpdates "HTTP/1.1 200 OK"
2025-12-21 22:08:14,857 - httpx - INFO - HTTP Request: POST https://api.telegram.org/bot8476521610:AAFKJ_XrFUB5-reI1OjwvQ4vAPimyVMai3I/getUpdates "HTTP/1.1 200 OK"
2025-12-21 22:08:25,065 - httpx - INFO - HTTP Request: POST https://api.telegram.org/bot8476521610:AAFKJ_XrFUB5-reI1OjwvQ4vAPimyVMai3I/getUpdates "HTTP/1.1 200 OK"
2025-12-21 22:08:35,270 - httpx - INFO - HTTP Request: POST https://api.telegram.org/bot8476521610:AAFKJ_XrFUB5-reI1OjwvQ4vAPimyVMai3I/getUpdates "HTTP/1.1 200 OK"
2025-12-21 22:08:45,476 - httpx - INFO - HTTP Request: POST https://api.telegram.org/bot8476521610:AAFKJ_XrFUB5-reI1OjwvQ4vAPimyVMai3I/getUpdates "HTTP/1.1 200 OK"
2025-12-21 22:08:55,678 - httpx - INFO - HTTP Request: POST https://api.telegram.org/bot8476521610:AAFKJ_XrFUB5-reI1OjwvQ4vAPimyVMai3I/getUpdates "HTTP/1.1 200 OK"
2025-12-21 22:09:05,884 - httpx - INFO - HTTP Request: POST https://api.telegram.org/bot8476521610:AAFKJ_XrFUB5-reI1OjwvQ4vAPimyVMai3I/getUpdates "HTTP/1.1 200 OK"
2025-12-21 22:09:16,087 - httpx - INFO - HTTP Request: POST https://api.telegram.org/bot8476521610:AAFKJ_XrFUB5-reI1OjwvQ4vAPimyVMai3I/getUpdates "HTTP/1.1 200 OK"
2025-12-21 22:09:26,294 - httpx - INFO - HTTP Request: POST https://api.telegram.org/bot8476521610:AAFKJ_XrFUB5-reI1OjwvQ4vAPimyVMai3I/getUpdates "HTTP/1.1 200 OK"
2025-12-21 22:09:36,501 - httpx - INFO - HTTP Request: POST https://api.telegram.org/bot8476521610:AAFKJ_XrFUB5-reI1OjwvQ4vAPimyVMai3I/getUpdates "HTTP/1.1 200 OK"
2025-12-21 22:09:46,706 - httpx - INFO - HTTP Request: POST https://api.telegram.org/bot8476521610:AAFKJ_XrFUB5-reI1OjwvQ4vAPimyVMai3I/getUpdates "HTTP/1.1 200 OK"
2025-12-21 22:09:56,913 - httpx - INFO - HTTP Request: POST https://api.telegram.org/bot8476521610:AAFKJ_XrFUB5-reI1OjwvQ4vAPimyVMai3I/getUpdates "HTTP/1.1 200 OK"
2025-12-21 22:10:07,120 - httpx - INFO - HTTP Request: POST https://api.telegram.org/bot8476521610:AAFKJ_XrFUB5-reI1OjwvQ4vAPimyVMai3I/getUpdates "HTTP/1.1 200 OK"
2025-12-21 22:10:17,325 - httpx - INFO - HTTP Request: POST https://api.telegram.org/bot8476521610:AAFKJ_XrFUB5-reI1OjwvQ4vAPimyVMai3I/getUpdates "HTTP/1.1 200 OK"
2025-12-21 22:10:27,531 - httpx - INFO - HTTP Request: POST https://api.telegram.org/bot8476521610:AAFKJ_XrFUB5-reI1OjwvQ4vAPimyVMai3I/getUpdates "HTTP/1.1 200 OK"
2025-12-21 22:10:37,736 - httpx - INFO - HTTP Request: POST https://api.telegram.org/bot8476521610:AAFKJ_XrFUB5-reI1OjwvQ4vAPimyVMai3I/getUpdates "HTTP/1.1 200 OK"
2025-12-21 22:10:47,942 - httpx - INFO - HTTP Request: POST https://api.telegram.org/bot8476521610:AAFKJ_XrFUB5-reI1OjwvQ4vAPimyVMai3I/getUpdates "HTTP/1.1 200 OK"
2025-12-21 22:10:58,146 - httpx - INFO - HTTP Request: POST https://api.telegram.org/bot8476521610:AAFKJ_XrFUB5-reI1OjwvQ4vAPimyVMai3I/getUpdates "HTTP/1.1 200 OK"
2025-12-21 22:11:08,352 - httpx - INFO - HTTP Request: POST https://api.telegram.org/bot8476521610:AAFKJ_XrFUB5-reI1OjwvQ4vAPimyVMai3I/getUpdates "HTTP/1.1 200 OK"
2025-12-21 22:11:18,558 - httpx - INFO - HTTP Request: POST https://api.telegram.org/bot8476521610:AAFKJ_XrFUB5-reI1OjwvQ4vAPimyVMai3I/getUpdates "HTTP/1.1 200 OK"
2025-12-21 22:11:28,763 - httpx - INFO - HTTP Request: POST https://api.telegram.org/bot8476521610:AAFKJ_XrFUB5-reI1OjwvQ4vAPimyVMai3I/getUpdates "HTTP/1.1 200 OK"
2025-12-21 22:11:38,969 - httpx - INFO - HTTP Request: POST https://api.telegram.org/bot8476521610:AAFKJ_XrFUB5-reI1OjwvQ4vAPimyVMai3I/getUpdates "HTTP/1.1 200 OK"
2025-12-21 22:11:49,175 - httpx - INFO - HTTP Request: POST https://api.telegram.org/bot8476521610:AAFKJ_XrFUB5-reI1OjwvQ4vAPimyVMai3I/getUpdates "HTTP/1.1 200 OK"
2025-12-21 22:11:59,381 - httpx - INFO - HTTP Request: POST https://api.telegram.org/bot8476521610:AAFKJ_XrFUB5-reI1OjwvQ4vAPimyVMai3I/getUpdates "HTTP/1.1 200 OK"
2025-12-21 22:12:09,588 - httpx - INFO - HTTP Request: POST https://api.telegram.org/bot8476521610:AAFKJ_XrFUB5-reI1OjwvQ4vAPimyVMai3I/getUpdates "HTTP/1.1 200 OK"
2025-12-21 22:12:19,793 - httpx - INFO - HTTP Request: POST https://api.telegram.org/bot8476521610:AAFKJ_XrFUB5-reI1OjwvQ4vAPimyVMai3I/getUpdates "HTTP/1.1 200 OK"
2025-12-21 22:12:29,999 - httpx - INFO - HTTP Request: POST https://api.telegram.org/bot8476521610:AAFKJ_XrFUB5-reI1OjwvQ4vAPimyVMai3I/getUpdates "HTTP/1.1 200 OK"
2025-12-21 22:12:40,205 - httpx - INFO - HTTP Request: POST https://api.telegram.org/bot8476521610:AAFKJ_XrFUB5-reI1OjwvQ4vAPimyVMai3I/getUpdates "HTTP/1.1 200 OK"
2025-12-21 22:12:50,414 - httpx - INFO - HTTP Request: POST https://api.telegram.org/bot8476521610:AAFKJ_XrFUB5-reI1OjwvQ4vAPimyVMai3I/getUpdates "HTTP/1.1 200 OK"
2025-12-21 22:13:00,620 - httpx - INFO - HTTP Request: POST https://api.telegram.org/bot8476521610:AAFKJ_XrFUB5-reI1OjwvQ4vAPimyVMai3I/getUpdates "HTTP/1.1 200 OK"
2025-12-21 22:13:10,826 - httpx - INFO - HTTP Request: POST https://api.telegram.org/bot8476521610:AAFKJ_XrFUB5-reI1OjwvQ4vAPimyVMai3I/getUpdates "HTTP/1.1 200 OK"
2025-12-21 22:13:21,032 - httpx - INFO - HTTP Request: POST https://api.telegram.org/bot8476521610:AAFKJ_XrFUB5-reI1OjwvQ4vAPimyVMai3I/getUpdates "HTTP/1.1 200 OK"
2025-12-21 22:13:31,239 - httpx - INFO - HTTP Request: POST https://api.telegram.org/bot8476521610:AAFKJ_XrFUB5-reI1OjwvQ4vAPimyVMai3I/getUpdates "HTTP/1.1 200 OK"
2025-12-21 22:13:41,448 - httpx - INFO - HTTP Request: POST https://api.telegram.org/bot8476521610:AAFKJ_XrFUB5-reI1OjwvQ4vAPimyVMai3I/getUpdates "HTTP/1.1 200 OK"
2025-12-21 22:13:51,654 - httpx - INFO - HTTP Request: POST https://api.telegram.org/bot8476521610:AAFKJ_XrFUB5-reI1OjwvQ4vAPimyVMai3I/getUpdates "HTTP/1.1 200 OK"
2025-12-21 22:14:01,859 - httpx - INFO - HTTP Request: POST https://api.telegram.org/bot8476521610:AAFKJ_XrFUB5-reI1OjwvQ4vAPimyVMai3I/getUpdates "HTTP/1.1 200 OK"
2025-12-21 22:14:12,063 - httpx - INFO - HTTP Request: POST https://api.telegram.org/bot8476521610:AAFKJ_XrFUB5-reI1OjwvQ4vAPimyVMai3I/getUpdates "HTTP/1.1 200 OK"
2025-12-21 22:14:22,271 - httpx - INFO - HTTP Request: POST https://api.telegram.org/bot8476521610:AAFKJ_XrFUB5-reI1OjwvQ4vAPimyVMai3I/getUpdates "HTTP/1.1 200 OK"
2025-12-21 22:14:32,477 - httpx - INFO - HTTP Request: POST https://api.telegram.org/bot8476521610:AAFKJ_XrFUB5-reI1OjwvQ4vAPimyVMai3I/getUpdates "HTTP/1.1 200 OK"
2025-12-21 22:14:42,682 - httpx - INFO - HTTP Request: POST https://api.telegram.org/bot8476521610:AAFKJ_XrFUB5-reI1OjwvQ4vAPimyVMai3I/getUpdates "HTTP/1.1 200 OK"
2025-12-21 22:14:52,885 - httpx - INFO - HTTP Request: POST https://api.telegram.org/bot8476521610:AAFKJ_XrFUB5-reI1OjwvQ4vAPimyVMai3I/getUpdates "HTTP/1.1 200 OK"
2025-12-21 22:15:03,092 - httpx - INFO - HTTP Request: POST https://api.telegram.org/bot8476521610:AAFKJ_XrFUB5-reI1OjwvQ4vAPimyVMai3I/getUpdates "HTTP/1.1 200 OK"
2025-12-21 22:15:13,298 - httpx - INFO - HTTP Request: POST https://api.telegram.org/bot8476521610:AAFKJ_XrFUB5-reI1OjwvQ4vAPimyVMai3I/getUpdates "HTTP/1.1 200 OK"
2025-12-21 22:15:23,502 - httpx - INFO - HTTP Request: POST https://api.telegram.org/bot8476521610:AAFKJ_XrFUB5-reI1OjwvQ4vAPimyVMai3I/getUpdates "HTTP/1.1 200 OK"
2025-12-21 22:15:33,708 - httpx - INFO - HTTP Request: POST https://api.telegram.org/bot8476521610:AAFKJ_XrFUB5-reI1OjwvQ4vAPimyVMai3I/getUpdates "HTTP/1.1 200 OK"
2025-12-21 22:15:43,915 - httpx - INFO - HTTP Request: POST https://api.telegram.org/bot8476521610:AAFKJ_XrFUB5-reI1OjwvQ4vAPimyVMai3I/getUpdates "HTTP/1.1 200 OK"
2025-12-21 22:15:54,119 - httpx - INFO - HTTP Request: POST https://api.telegram.org/bot8476521610:AAFKJ_XrFUB5-reI1OjwvQ4vAPimyVMai3I/getUpdates "HTTP/1.1 200 OK"
2025-12-21 22:16:04,322 - httpx - INFO - HTTP Request: POST https://api.telegram.org/bot8476521610:AAFKJ_XrFUB5-reI1OjwvQ4vAPimyVMai3I/getUpdates "HTTP/1.1 200 OK"
2025-12-21 22:16:14,528 - httpx - INFO - HTTP Request: POST https://api.telegram.org/bot8476521610:AAFKJ_XrFUB5-reI1OjwvQ4vAPimyVMai3I/getUpdates "HTTP/1.1 200 OK"
2025-12-21 22:16:24,734 - httpx - INFO - HTTP Request: POST https://api.telegram.org/bot8476521610:AAFKJ_XrFUB5-reI1OjwvQ4vAPimyVMai3I/getUpdates "HTTP/1.1 200 OK"
2025-12-21 22:16:34,936 - httpx - INFO - HTTP Request: POST https://api.telegram.org/bot8476521610:AAFKJ_XrFUB5-reI1OjwvQ4vAPimyVMai3I/getUpdates "HTTP/1.1 200 OK"
2025-12-21 22:16:45,143 - httpx - INFO - HTTP Request: POST https://api.telegram.org/bot8476521610:AAFKJ_XrFUB5-reI1OjwvQ4vAPimyVMai3I/getUpdates "HTTP/1.1 200 OK"
2025-12-21 22:16:55,349 - httpx - INFO - HTTP Request: POST https://api.telegram.org/bot8476521610:AAFKJ_XrFUB5-reI1OjwvQ4vAPimyVMai3I/getUpdates "HTTP/1.1 200 OK"
2025-12-21 22:17:05,556 - httpx - INFO - HTTP Request: POST https://api.telegram.org/bot8476521610:AAFKJ_XrFUB5-reI1OjwvQ4vAPimyVMai3I/getUpdates "HTTP/1.1 200 OK"
2025-12-21 22:17:15,762 - httpx - INFO - HTTP Request: POST https://api.telegram.org/bot8476521610:AAFKJ_XrFUB5-reI1OjwvQ4vAPimyVMai3I/getUpdates "HTTP/1.1 200 OK"
2025-12-21 22:17:25,967 - httpx - INFO - HTTP Request: POST https://api.telegram.org/bot8476521610:AAFKJ_XrFUB5-reI1OjwvQ4vAPimyVMai3I/getUpdates "HTTP/1.1 200 OK"
2025-12-21 22:17:36,168 - httpx - INFO - HTTP Request: POST https://api.telegram.org/bot8476521610:AAFKJ_XrFUB5-reI1OjwvQ4vAPimyVMai3I/getUpdates "HTTP/1.1 200 OK"
2025-12-21 22:17:46,375 - httpx - INFO - HTTP Request: POST https://api.telegram.org/bot8476521610:AAFKJ_XrFUB5-reI1OjwvQ4vAPimyVMai3I/getUpdates "HTTP/1.1 200 OK"
2025-12-21 22:17:56,581 - httpx - INFO - HTTP Request: POST https://api.telegram.org/bot8476521610:AAFKJ_XrFUB5-reI1OjwvQ4vAPimyVMai3I/getUpdates "HTTP/1.1 200 OK"
2025-12-21 22:18:06,787 - httpx - INFO - HTTP Request: POST https://api.telegram.org/bot8476521610:AAFKJ_XrFUB5-reI1OjwvQ4vAPimyVMai3I/getUpdates "HTTP/1.1 200 OK"
2025-12-21 22:18:16,993 - httpx - INFO - HTTP Request: POST https://api.telegram.org/bot8476521610:AAFKJ_XrFUB5-reI1OjwvQ4vAPimyVMai3I/getUpdates "HTTP/1.1 200 OK"
2025-12-21 22:18:27,200 - httpx - INFO - HTTP Request: POST https://api.telegram.org/bot8476521610:AAFKJ_XrFUB5-reI1OjwvQ4vAPimyVMai3I/getUpdates "HTTP/1.1 200 OK"
2025-12-21 22:18:37,405 - httpx - INFO - HTTP Request: POST https://api.telegram.org/bot8476521610:AAFKJ_XrFUB5-reI1OjwvQ4vAPimyVMai3I/getUpdates "HTTP/1.1 200 OK"
2025-12-21 22:18:47,607 - httpx - INFO - HTTP Request: POST https://api.telegram.org/bot8476521610:AAFKJ_XrFUB5-reI1OjwvQ4vAPimyVMai3I/getUpdates "HTTP/1.1 200 OK"
2025-12-21 22:18:57,814 - httpx - INFO - HTTP Request: POST https://api.telegram.org/bot8476521610:AAFKJ_XrFUB5-reI1OjwvQ4vAPimyVMai3I/getUpdates "HTTP/1.1 200 OK"
2025-12-21 22:19:08,020 - httpx - INFO - HTTP Request: POST https://api.telegram.org/bot8476521610:AAFKJ_XrFUB5-reI1OjwvQ4vAPimyVMai3I/getUpdates "HTTP/1.1 200 OK"
2025-12-21 22:19:18,223 - httpx - INFO - HTTP Request: POST https://api.telegram.org/bot8476521610:AAFKJ_XrFUB5-reI1OjwvQ4vAPimyVMai3I/getUpdates "HTTP/1.1 200 OK"
2025-12-21 22:19:28,429 - httpx - INFO - HTTP Request: POST https://api.telegram.org/bot8476521610:AAFKJ_XrFUB5-reI1OjwvQ4vAPimyVMai3I/getUpdates "HTTP/1.1 200 OK"
2025-12-21 22:19:38,635 - httpx - INFO - HTTP Request: POST https://api.telegram.org/bot8476521610:AAFKJ_XrFUB5-reI1OjwvQ4vAPimyVMai3I/getUpdates "HTTP/1.1 200 OK"
2025-12-21 22:19:48,840 - httpx - INFO - HTTP Request: POST https://api.telegram.org/bot8476521610:AAFKJ_XrFUB5-reI1OjwvQ4vAPimyVMai3I/getUpdates "HTTP/1.1 200 OK"
2025-12-21 22:19:59,045 - httpx - INFO - HTTP Request: POST https://api.telegram.org/bot8476521610:AAFKJ_XrFUB5-reI1OjwvQ4vAPimyVMai3I/getUpdates "HTTP/1.1 200 OK"
2025-12-21 22:20:09,252 - httpx - INFO - HTTP Request: POST https://api.telegram.org/bot8476521610:AAFKJ_XrFUB5-reI1OjwvQ4vAPimyVMai3I/getUpdates "HTTP/1.1 200 OK"
2025-12-21 22:20:19,458 - httpx - INFO - HTTP Request: POST https://api.telegram.org/bot8476521610:AAFKJ_XrFUB5-reI1OjwvQ4vAPimyVMai3I/getUpdates "HTTP/1.1 200 OK"
2025-12-21 22:20:29,664 - httpx - INFO - HTTP Request: POST https://api.telegram.org/bot8476521610:AAFKJ_XrFUB5-reI1OjwvQ4vAPimyVMai3I/getUpdates "HTTP/1.1 200 OK"
2025-12-21 22:20:39,872 - httpx - INFO - HTTP Request: POST https://api.telegram.org/bot8476521610:AAFKJ_XrFUB5-reI1OjwvQ4vAPimyVMai3I/getUpdates "HTTP/1.1 200 OK"
2025-12-21 22:20:50,078 - httpx - INFO - HTTP Request: POST https://api.telegram.org/bot8476521610:AAFKJ_XrFUB5-reI1OjwvQ4vAPimyVMai3I/getUpdates "HTTP/1.1 200 OK"
2025-12-21 22:21:00,284 - httpx - INFO - HTTP Request: POST https://api.telegram.org/bot8476521610:AAFKJ_XrFUB5-reI1OjwvQ4vAPimyVMai3I/getUpdates "HTTP/1.1 200 OK"
2025-12-21 22:21:10,490 - httpx - INFO - HTTP Request: POST https://api.telegram.org/bot8476521610:AAFKJ_XrFUB5-reI1OjwvQ4vAPimyVMai3I/getUpdates "HTTP/1.1 200 OK"
2025-12-21 22:21:20,695 - httpx - INFO - HTTP Request: POST https://api.telegram.org/bot8476521610:AAFKJ_XrFUB5-reI1OjwvQ4vAPimyVMai3I/getUpdates "HTTP/1.1 200 OK"
2025-12-21 22:21:30,901 - httpx - INFO - HTTP Request: POST https://api.telegram.org/bot8476521610:AAFKJ_XrFUB5-reI1OjwvQ4vAPimyVMai3I/getUpdates "HTTP/1.1 200 OK"
2025-12-21 22:21:41,108 - httpx - INFO - HTTP Request: POST https://api.telegram.org/bot8476521610:AAFKJ_XrFUB5-reI1OjwvQ4vAPimyVMai3I/getUpdates "HTTP/1.1 200 OK"
2025-12-21 22:21:51,718 - httpx - INFO - HTTP Request: POST https://api.telegram.org/bot8476521610:AAFKJ_XrFUB5-reI1OjwvQ4vAPimyVMai3I/getUpdates "HTTP/1.1 200 OK"
2025-12-21 22:22:01,921 - httpx - INFO - HTTP Request: POST https://api.telegram.org/bot8476521610:AAFKJ_XrFUB5-reI1OjwvQ4vAPimyVMai3I/getUpdates "HTTP/1.1 200 OK"
2025-12-21 22:22:12,124 - httpx - INFO - HTTP Request: POST https://api.telegram.org/bot8476521610:AAFKJ_XrFUB5-reI1OjwvQ4vAPimyVMai3I/getUpdates "HTTP/1.1 200 OK"
2025-12-21 22:22:22,326 - httpx - INFO - HTTP Request: POST https://api.telegram.org/bot8476521610:AAFKJ_XrFUB5-reI1OjwvQ4vAPimyVMai3I/getUpdates "HTTP/1.1 200 OK"
2025-12-21 22:22:32,528 - httpx - INFO - HTTP Request: POST https://api.telegram.org/bot8476521610:AAFKJ_XrFUB5-reI1OjwvQ4vAPimyVMai3I/getUpdates "HTTP/1.1 200 OK"
2025-12-21 22:22:42,728 - httpx - INFO - HTTP Request: POST https://api.telegram.org/bot8476521610:AAFKJ_XrFUB5-reI1OjwvQ4vAPimyVMai3I/getUpdates "HTTP/1.1 200 OK"
2025-12-21 22:22:52,932 - httpx - INFO - HTTP Request: POST https://api.telegram.org/bot8476521610:AAFKJ_XrFUB5-reI1OjwvQ4vAPimyVMai3I/getUpdates "HTTP/1.1 200 OK"
2025-12-21 22:23:03,138 - httpx - INFO - HTTP Request: POST https://api.telegram.org/bot8476521610:AAFKJ_XrFUB5-reI1OjwvQ4vAPimyVMai3I/getUpdates "HTTP/1.1 200 OK"
2025-12-21 22:23:13,341 - httpx - INFO - HTTP Request: POST https://api.telegram.org/bot8476521610:AAFKJ_XrFUB5-reI1OjwvQ4vAPimyVMai3I/getUpdates "HTTP/1.1 200 OK"
2025-12-21 22:23:23,549 - httpx - INFO - HTTP Request: POST https://api.telegram.org/bot8476521610:AAFKJ_XrFUB5-reI1OjwvQ4vAPimyVMai3I/getUpdates "HTTP/1.1 200 OK"
2025-12-21 22:23:33,752 - httpx - INFO - HTTP Request: POST https://api.telegram.org/bot8476521610:AAFKJ_XrFUB5-reI1OjwvQ4vAPimyVMai3I/getUpdates "HTTP/1.1 200 OK"
2025-12-21 22:23:43,954 - httpx - INFO - HTTP Request: POST https://api.telegram.org/bot8476521610:AAFKJ_XrFUB5-reI1OjwvQ4vAPimyVMai3I/getUpdates "HTTP/1.1 200 OK"
2025-12-21 22:23:54,159 - httpx - INFO - HTTP Request: POST https://api.telegram.org/bot8476521610:AAFKJ_XrFUB5-reI1OjwvQ4vAPimyVMai3I/getUpdates "HTTP/1.1 200 OK"
2025-12-21 22:24:04,362 - httpx - INFO - HTTP Request: POST https://api.telegram.org/bot8476521610:AAFKJ_XrFUB5-reI1OjwvQ4vAPimyVMai3I/getUpdates "HTTP/1.1 200 OK"
2025-12-21 22:24:14,564 - httpx - INFO - HTTP Request: POST https://api.telegram.org/bot8476521610:AAFKJ_XrFUB5-reI1OjwvQ4vAPimyVMai3I/getUpdates "HTTP/1.1 200 OK"
2025-12-21 22:24:24,766 - httpx - INFO - HTTP Request: POST https://api.telegram.org/bot8476521610:AAFKJ_XrFUB5-reI1OjwvQ4vAPimyVMai3I/getUpdates "HTTP/1.1 200 OK"
2025-12-21 22:24:34,977 - httpx - INFO - HTTP Request: POST https://api.telegram.org/bot8476521610:AAFKJ_XrFUB5-reI1OjwvQ4vAPimyVMai3I/getUpdates "HTTP/1.1 200 OK"
2025-12-21 22:24:45,177 - httpx - INFO - HTTP Request: POST https://api.telegram.org/bot8476521610:AAFKJ_XrFUB5-reI1OjwvQ4vAPimyVMai3I/getUpdates "HTTP/1.1 200 OK"
2025-12-21 22:24:55,380 - httpx - INFO - HTTP Request: POST https://api.telegram.org/bot8476521610:AAFKJ_XrFUB5-reI1OjwvQ4vAPimyVMai3I/getUpdates "HTTP/1.1 200 OK"
2025-12-21 22:25:05,583 - httpx - INFO - HTTP Request: POST https://api.telegram.org/bot8476521610:AAFKJ_XrFUB5-reI1OjwvQ4vAPimyVMai3I/getUpdates "HTTP/1.1 200 OK"
2025-12-21 22:25:15,785 - httpx - INFO - HTTP Request: POST https://api.telegram.org/bot8476521610:AAFKJ_XrFUB5-reI1OjwvQ4vAPimyVMai3I/getUpdates "HTTP/1.1 200 OK"
2025-12-21 22:25:25,988 - httpx - INFO - HTTP Request: POST https://api.telegram.org/bot8476521610:AAFKJ_XrFUB5-reI1OjwvQ4vAPimyVMai3I/getUpdates "HTTP/1.1 200 OK"
2025-12-21 22:25:36,193 - httpx - INFO - HTTP Request: POST https://api.telegram.org/bot8476521610:AAFKJ_XrFUB5-reI1OjwvQ4vAPimyVMai3I/getUpdates "HTTP/1.1 200 OK"
2025-12-21 22:25:46,393 - httpx - INFO - HTTP Request: POST https://api.telegram.org/bot8476521610:AAFKJ_XrFUB5-reI1OjwvQ4vAPimyVMai3I/getUpdates "HTTP/1.1 200 OK"
2025-12-21 22:25:56,594 - httpx - INFO - HTTP Request: POST https://api.telegram.org/bot8476521610:AAFKJ_XrFUB5-reI1OjwvQ4vAPimyVMai3I/getUpdates "HTTP/1.1 200 OK"
2025-12-21 22:26:06,799 - httpx - INFO - HTTP Request: POST https://api.telegram.org/bot8476521610:AAFKJ_XrFUB5-reI1OjwvQ4vAPimyVMai3I/getUpdates "HTTP/1.1 200 OK"
2025-12-21 22:26:17,005 - httpx - INFO - HTTP Request: POST https://api.telegram.org/bot8476521610:AAFKJ_XrFUB5-reI1OjwvQ4vAPimyVMai3I/getUpdates "HTTP/1.1 200 OK"
2025-12-21 22:26:27,208 - httpx - INFO - HTTP Request: POST https://api.telegram.org/bot8476521610:AAFKJ_XrFUB5-reI1OjwvQ4vAPimyVMai3I/getUpdates "HTTP/1.1 200 OK"
2025-12-21 22:26:37,412 - httpx - INFO - HTTP Request: POST https://api.telegram.org/bot8476521610:AAFKJ_XrFUB5-reI1OjwvQ4vAPimyVMai3I/getUpdates "HTTP/1.1 200 OK"
2025-12-21 22:26:47,615 - httpx - INFO - HTTP Request: POST https://api.telegram.org/bot8476521610:AAFKJ_XrFUB5-reI1OjwvQ4vAPimyVMai3I/getUpdates "HTTP/1.1 200 OK"
2025-12-21 22:26:57,826 - httpx - INFO - HTTP Request: POST https://api.telegram.org/bot8476521610:AAFKJ_XrFUB5-reI1OjwvQ4vAPimyVMai3I/getUpdates "HTTP/1.1 200 OK"
2025-12-21 22:27:08,029 - httpx - INFO - HTTP Request: POST https://api.telegram.org/bot8476521610:AAFKJ_XrFUB5-reI1OjwvQ4vAPimyVMai3I/getUpdates "HTTP/1.1 200 OK"
2025-12-21 22:27:18,233 - httpx - INFO - HTTP Request: POST https://api.telegram.org/bot8476521610:AAFKJ_XrFUB5-reI1OjwvQ4vAPimyVMai3I/getUpdates "HTTP/1.1 200 OK"
2025-12-21 22:27:28,437 - httpx - INFO - HTTP Request: POST https://api.telegram.org/bot8476521610:AAFKJ_XrFUB5-reI1OjwvQ4vAPimyVMai3I/getUpdates "HTTP/1.1 200 OK"
2025-12-21 22:27:38,640 - httpx - INFO - HTTP Request: POST https://api.telegram.org/bot8476521610:AAFKJ_XrFUB5-reI1OjwvQ4vAPimyVMai3I/getUpdates "HTTP/1.1 200 OK"
2025-12-21 22:27:48,841 - httpx - INFO - HTTP Request: POST https://api.telegram.org/bot8476521610:AAFKJ_XrFUB5-reI1OjwvQ4vAPimyVMai3I/getUpdates "HTTP/1.1 200 OK"
2025-12-21 22:27:59,049 - httpx - INFO - HTTP Request: POST https://api.telegram.org/bot8476521610:AAFKJ_XrFUB5-reI1OjwvQ4vAPimyVMai3I/getUpdates "HTTP/1.1 200 OK"
2025-12-21 22:28:09,251 - httpx - INFO - HTTP Request: POST https://api.telegram.org/bot8476521610:AAFKJ_XrFUB5-reI1OjwvQ4vAPimyVMai3I/getUpdates "HTTP/1.1 200 OK"
2025-12-21 22:28:19,458 - httpx - INFO - HTTP Request: POST https://api.telegram.org/bot8476521610:AAFKJ_XrFUB5-reI1OjwvQ4vAPimyVMai3I/getUpdates "HTTP/1.1 200 OK"
2025-12-21 22:28:29,660 - httpx - INFO - HTTP Request: POST https://api.telegram.org/bot8476521610:AAFKJ_XrFUB5-reI1OjwvQ4vAPimyVMai3I/getUpdates "HTTP/1.1 200 OK"
2025-12-21 22:28:39,894 - httpx - INFO - HTTP Request: POST https://api.telegram.org/bot8476521610:AAFKJ_XrFUB5-reI1OjwvQ4vAPimyVMai3I/getUpdates "HTTP/1.1 200 OK"
2025-12-21 22:28:50,098 - httpx - INFO - HTTP Request: POST https://api.telegram.org/bot8476521610:AAFKJ_XrFUB5-reI1OjwvQ4vAPimyVMai3I/getUpdates "HTTP/1.1 200 OK"
2025-12-21 22:29:00,302 - httpx - INFO - HTTP Request: POST https://api.telegram.org/bot8476521610:AAFKJ_XrFUB5-reI1OjwvQ4vAPimyVMai3I/getUpdates "HTTP/1.1 200 OK"
2025-12-21 22:29:10,504 - httpx - INFO - HTTP Request: POST https://api.telegram.org/bot8476521610:AAFKJ_XrFUB5-reI1OjwvQ4vAPimyVMai3I/getUpdates "HTTP/1.1 200 OK"
2025-12-21 22:29:20,706 - httpx - INFO - HTTP Request: POST https://api.telegram.org/bot8476521610:AAFKJ_XrFUB5-reI1OjwvQ4vAPimyVMai3I/getUpdates "HTTP/1.1 200 OK"
2025-12-21 22:29:30,912 - httpx - INFO - HTTP Request: POST https://api.telegram.org/bot8476521610:AAFKJ_XrFUB5-reI1OjwvQ4vAPimyVMai3I/getUpdates "HTTP/1.1 200 OK"
2025-12-21 22:29:41,128 - httpx - INFO - HTTP Request: POST https://api.telegram.org/bot8476521610:AAFKJ_XrFUB5-reI1OjwvQ4vAPimyVMai3I/getUpdates "HTTP/1.1 200 OK"
2025-12-21 22:29:51,328 - httpx - INFO - HTTP Request: POST https://api.telegram.org/bot8476521610:AAFKJ_XrFUB5-reI1OjwvQ4vAPimyVMai3I/getUpdates "HTTP/1.1 200 OK"
2025-12-21 22:30:01,531 - httpx - INFO - HTTP Request: POST https://api.telegram.org/bot8476521610:AAFKJ_XrFUB5-reI1OjwvQ4vAPimyVMai3I/getUpdates "HTTP/1.1 200 OK"
2025-12-21 22:30:11,737 - httpx - INFO - HTTP Request: POST https://api.telegram.org/bot8476521610:AAFKJ_XrFUB5-reI1OjwvQ4vAPimyVMai3I/getUpdates "HTTP/1.1 200 OK"
2025-12-21 22:30:21,941 - httpx - INFO - HTTP Request: POST https://api.telegram.org/bot8476521610:AAFKJ_XrFUB5-reI1OjwvQ4vAPimyVMai3I/getUpdates "HTTP/1.1 200 OK"
2025-12-21 22:30:32,144 - httpx - INFO - HTTP Request: POST https://api.telegram.org/bot8476521610:AAFKJ_XrFUB5-reI1OjwvQ4vAPimyVMai3I/getUpdates "HTTP/1.1 200 OK"
2025-12-21 22:30:42,348 - httpx - INFO - HTTP Request: POST https://api.telegram.org/bot8476521610:AAFKJ_XrFUB5-reI1OjwvQ4vAPimyVMai3I/getUpdates "HTTP/1.1 200 OK"
2025-12-21 22:30:52,550 - httpx - INFO - HTTP Request: POST https://api.telegram.org/bot8476521610:AAFKJ_XrFUB5-reI1OjwvQ4vAPimyVMai3I/getUpdates "HTTP/1.1 200 OK"
2025-12-21 22:31:02,753 - httpx - INFO - HTTP Request: POST https://api.telegram.org/bot8476521610:AAFKJ_XrFUB5-reI1OjwvQ4vAPimyVMai3I/getUpdates "HTTP/1.1 200 OK"
2025-12-21 22:31:12,953 - httpx - INFO - HTTP Request: POST https://api.telegram.org/bot8476521610:AAFKJ_XrFUB5-reI1OjwvQ4vAPimyVMai3I/getUpdates "HTTP/1.1 200 OK"
2025-12-21 22:31:23,156 - httpx - INFO - HTTP Request: POST https://api.telegram.org/bot8476521610:AAFKJ_XrFUB5-reI1OjwvQ4vAPimyVMai3I/getUpdates "HTTP/1.1 200 OK"
2025-12-21 22:31:33,362 - httpx - INFO - HTTP Request: POST https://api.telegram.org/bot8476521610:AAFKJ_XrFUB5-reI1OjwvQ4vAPimyVMai3I/getUpdates "HTTP/1.1 200 OK"
2025-12-21 22:31:43,564 - httpx - INFO - HTTP Request: POST https://api.telegram.org/bot8476521610:AAFKJ_XrFUB5-reI1OjwvQ4vAPimyVMai3I/getUpdates "HTTP/1.1 200 OK"
2025-12-21 22:31:53,767 - httpx - INFO - HTTP Request: POST https://api.telegram.org/bot8476521610:AAFKJ_XrFUB5-reI1OjwvQ4vAPimyVMai3I/getUpdates "HTTP/1.1 200 OK"
2025-12-21 22:32:03,972 - httpx - INFO - HTTP Request: POST https://api.telegram.org/bot8476521610:AAFKJ_XrFUB5-reI1OjwvQ4vAPimyVMai3I/getUpdates "HTTP/1.1 200 OK"
2025-12-21 22:32:14,172 - httpx - INFO - HTTP Request: POST https://api.telegram.org/bot8476521610:AAFKJ_XrFUB5-reI1OjwvQ4vAPimyVMai3I/getUpdates "HTTP/1.1 200 OK"
2025-12-21 22:32:24,375 - httpx - INFO - HTTP Request: POST https://api.telegram.org/bot8476521610:AAFKJ_XrFUB5-reI1OjwvQ4vAPimyVMai3I/getUpdates "HTTP/1.1 200 OK"
2025-12-21 22:32:34,578 - httpx - INFO - HTTP Request: POST https://api.telegram.org/bot8476521610:AAFKJ_XrFUB5-reI1OjwvQ4vAPimyVMai3I/getUpdates "HTTP/1.1 200 OK"
2025-12-21 22:32:44,783 - httpx - INFO - HTTP Request: POST https://api.telegram.org/bot8476521610:AAFKJ_XrFUB5-reI1OjwvQ4vAPimyVMai3I/getUpdates "HTTP/1.1 200 OK"
2025-12-21 22:32:54,986 - httpx - INFO - HTTP Request: POST https://api.telegram.org/bot8476521610:AAFKJ_XrFUB5-reI1OjwvQ4vAPimyVMai3I/getUpdates "HTTP/1.1 200 OK"
2025-12-21 22:33:05,189 - httpx - INFO - HTTP Request: POST https://api.telegram.org/bot8476521610:AAFKJ_XrFUB5-reI1OjwvQ4vAPimyVMai3I/getUpdates "HTTP/1.1 200 OK"
2025-12-21 22:33:15,391 - httpx - INFO - HTTP Request: POST https://api.telegram.org/bot8476521610:AAFKJ_XrFUB5-reI1OjwvQ4vAPimyVMai3I/getUpdates "HTTP/1.1 200 OK"
2025-12-21 22:33:25,593 - httpx - INFO - HTTP Request: POST https://api.telegram.org/bot8476521610:AAFKJ_XrFUB5-reI1OjwvQ4vAPimyVMai3I/getUpdates "HTTP/1.1 200 OK"
2025-12-21 22:33:35,798 - httpx - INFO - HTTP Request: POST https://api.telegram.org/bot8476521610:AAFKJ_XrFUB5-reI1OjwvQ4vAPimyVMai3I/getUpdates "HTTP/1.1 200 OK"
2025-12-21 22:33:46,002 - httpx - INFO - HTTP Request: POST https://api.telegram.org/bot8476521610:AAFKJ_XrFUB5-reI1OjwvQ4vAPimyVMai3I/getUpdates "HTTP/1.1 200 OK"
2025-12-21 22:33:56,217 - httpx - INFO - HTTP Request: POST https://api.telegram.org/bot8476521610:AAFKJ_XrFUB5-reI1OjwvQ4vAPimyVMai3I/getUpdates "HTTP/1.1 200 OK"
2025-12-21 22:34:06,421 - httpx - INFO - HTTP Request: POST https://api.telegram.org/bot8476521610:AAFKJ_XrFUB5-reI1OjwvQ4vAPimyVMai3I/getUpdates "HTTP/1.1 200 OK"
2025-12-21 22:34:16,624 - httpx - INFO - HTTP Request: POST https://api.telegram.org/bot8476521610:AAFKJ_XrFUB5-reI1OjwvQ4vAPimyVMai3I/getUpdates "HTTP/1.1 200 OK"
2025-12-21 22:34:26,828 - httpx - INFO - HTTP Request: POST https://api.telegram.org/bot8476521610:AAFKJ_XrFUB5-reI1OjwvQ4vAPimyVMai3I/getUpdates "HTTP/1.1 200 OK"
2025-12-21 22:34:37,029 - httpx - INFO - HTTP Request: POST https://api.telegram.org/bot8476521610:AAFKJ_XrFUB5-reI1OjwvQ4vAPimyVMai3I/getUpdates "HTTP/1.1 200 OK"
2025-12-21 22:34:47,232 - httpx - INFO - HTTP Request: POST https://api.telegram.org/bot8476521610:AAFKJ_XrFUB5-reI1OjwvQ4vAPimyVMai3I/getUpdates "HTTP/1.1 200 OK"
2025-12-21 22:34:57,431 - httpx - INFO - HTTP Request: POST https://api.telegram.org/bot8476521610:AAFKJ_XrFUB5-reI1OjwvQ4vAPimyVMai3I/getUpdates "HTTP/1.1 200 OK"
2025-12-21 22:35:59,447 - httpx - INFO - HTTP Request: POST https://api.telegram.org/bot8476521610:AAFKJ_XrFUB5-reI1OjwvQ4vAPimyVMai3I/getUpdates "HTTP/1.1 200 OK"
2025-12-21 22:36:09,667 - httpx - INFO - HTTP Request: POST https://api.telegram.org/bot8476521610:AAFKJ_XrFUB5-reI1OjwvQ4vAPimyVMai3I/getUpdates "HTTP/1.1 200 OK"
2025-12-21 22:36:19,866 - httpx - INFO - HTTP Request: POST https://api.telegram.org/bot8476521610:AAFKJ_XrFUB5-reI1OjwvQ4vAPimyVMai3I/getUpdates "HTTP/1.1 200 OK"
2025-12-21 22:36:30,067 - httpx - INFO - HTTP Request: POST https://api.telegram.org/bot8476521610:AAFKJ_XrFUB5-reI1OjwvQ4vAPimyVMai3I/getUpdates "HTTP/1.1 200 OK"
2025-12-21 22:36:40,268 - httpx - INFO - HTTP Request: POST https://api.telegram.org/bot8476521610:AAFKJ_XrFUB5-reI1OjwvQ4vAPimyVMai3I/getUpdates "HTTP/1.1 200 OK"
2025-12-21 22:36:50,476 - httpx - INFO - HTTP Request: POST https://api.telegram.org/bot8476521610:AAFKJ_XrFUB5-reI1OjwvQ4vAPimyVMai3I/getUpdates "HTTP/1.1 200 OK"
2025-12-21 22:37:00,676 - httpx - INFO - HTTP Request: POST https://api.telegram.org/bot8476521610:AAFKJ_XrFUB5-reI1OjwvQ4vAPimyVMai3I/getUpdates "HTTP/1.1 200 OK"
2025-12-21 22:37:10,877 - httpx - INFO - HTTP Request: POST https://api.telegram.org/bot8476521610:AAFKJ_XrFUB5-reI1OjwvQ4vAPimyVMai3I/getUpdates "HTTP/1.1 200 OK"
2025-12-21 22:37:21,077 - httpx - INFO - HTTP Request: POST https://api.telegram.org/bot8476521610:AAFKJ_XrFUB5-reI1OjwvQ4vAPimyVMai3I/getUpdates "HTTP/1.1 200 OK"
2025-12-21 22:37:31,287 - httpx - INFO - HTTP Request: POST https://api.telegram.org/bot8476521610:AAFKJ_XrFUB5-reI1OjwvQ4vAPimyVMai3I/getUpdates "HTTP/1.1 200 OK"
2025-12-21 22:37:41,492 - httpx - INFO - HTTP Request: POST https://api.telegram.org/bot8476521610:AAFKJ_XrFUB5-reI1OjwvQ4vAPimyVMai3I/getUpdates "HTTP/1.1 200 OK"
2025-12-21 22:37:51,693 - httpx - INFO - HTTP Request: POST https://api.telegram.org/bot8476521610:AAFKJ_XrFUB5-reI1OjwvQ4vAPimyVMai3I/getUpdates "HTTP/1.1 200 OK"
2025-12-21 22:38:01,902 - httpx - INFO - HTTP Request: POST https://api.telegram.org/bot8476521610:AAFKJ_XrFUB5-reI1OjwvQ4vAPimyVMai3I/getUpdates "HTTP/1.1 200 OK"
2025-12-21 22:38:12,107 - httpx - INFO - HTTP Request: POST https://api.telegram.org/bot8476521610:AAFKJ_XrFUB5-reI1OjwvQ4vAPimyVMai3I/getUpdates "HTTP/1.1 200 OK"
2025-12-21 22:38:22,310 - httpx - INFO - HTTP Request: POST https://api.telegram.org/bot8476521610:AAFKJ_XrFUB5-reI1OjwvQ4vAPimyVMai3I/getUpdates "HTTP/1.1 200 OK"
2025-12-21 22:38:32,515 - httpx - INFO - HTTP Request: POST https://api.telegram.org/bot8476521610:AAFKJ_XrFUB5-reI1OjwvQ4vAPimyVMai3I/getUpdates "HTTP/1.1 200 OK"
2025-12-21 22:38:42,719 - httpx - INFO - HTTP Request: POST https://api.telegram.org/bot8476521610:AAFKJ_XrFUB5-reI1OjwvQ4vAPimyVMai3I/getUpdates "HTTP/1.1 200 OK"
2025-12-21 22:38:52,923 - httpx - INFO - HTTP Request: POST https://api.telegram.org/bot8476521610:AAFKJ_XrFUB5-reI1OjwvQ4vAPimyVMai3I/getUpdates "HTTP/1.1 200 OK"
2025-12-21 22:39:03,124 - httpx - INFO - HTTP Request: POST https://api.telegram.org/bot8476521610:AAFKJ_XrFUB5-reI1OjwvQ4vAPimyVMai3I/getUpdates "HTTP/1.1 200 OK"
2025-12-21 22:39:13,329 - httpx - INFO - HTTP Request: POST https://api.telegram.org/bot8476521610:AAFKJ_XrFUB5-reI1OjwvQ4vAPimyVMai3I/getUpdates "HTTP/1.1 200 OK"
2025-12-21 22:39:23,534 - httpx - INFO - HTTP Request: POST https://api.telegram.org/bot8476521610:AAFKJ_XrFUB5-reI1OjwvQ4vAPimyVMai3I/getUpdates "HTTP/1.1 200 OK"
2025-12-21 22:39:33,741 - httpx - INFO - HTTP Request: POST https://api.telegram.org/bot8476521610:AAFKJ_XrFUB5-reI1OjwvQ4vAPimyVMai3I/getUpdates "HTTP/1.1 200 OK"
2025-12-21 22:39:43,945 - httpx - INFO - HTTP Request: POST https://api.telegram.org/bot8476521610:AAFKJ_XrFUB5-reI1OjwvQ4vAPimyVMai3I/getUpdates "HTTP/1.1 200 OK"
2025-12-21 22:39:54,157 - httpx - INFO - HTTP Request: POST https://api.telegram.org/bot8476521610:AAFKJ_XrFUB5-reI1OjwvQ4vAPimyVMai3I/getUpdates "HTTP/1.1 200 OK"
2025-12-21 22:40:04,360 - httpx - INFO - HTTP Request: POST https://api.telegram.org/bot8476521610:AAFKJ_XrFUB5-reI1OjwvQ4vAPimyVMai3I/getUpdates "HTTP/1.1 200 OK"
2025-12-21 22:40:14,561 - httpx - INFO - HTTP Request: POST https://api.telegram.org/bot8476521610:AAFKJ_XrFUB5-reI1OjwvQ4vAPimyVMai3I/getUpdates "HTTP/1.1 200 OK"
2025-12-21 22:40:24,767 - httpx - INFO - HTTP Request: POST https://api.telegram.org/bot8476521610:AAFKJ_XrFUB5-reI1OjwvQ4vAPimyVMai3I/getUpdates "HTTP/1.1 200 OK"
2025-12-21 22:40:34,967 - httpx - INFO - HTTP Request: POST https://api.telegram.org/bot8476521610:AAFKJ_XrFUB5-reI1OjwvQ4vAPimyVMai3I/getUpdates "HTTP/1.1 200 OK"
2025-12-21 22:40:45,175 - httpx - INFO - HTTP Request: POST https://api.telegram.org/bot8476521610:AAFKJ_XrFUB5-reI1OjwvQ4vAPimyVMai3I/getUpdates "HTTP/1.1 200 OK"
2025-12-21 22:40:55,377 - httpx - INFO - HTTP Request: POST https://api.telegram.org/bot8476521610:AAFKJ_XrFUB5-reI1OjwvQ4vAPimyVMai3I/getUpdates "HTTP/1.1 200 OK"
2025-12-21 22:41:05,579 - httpx - INFO - HTTP Request: POST https://api.telegram.org/bot8476521610:AAFKJ_XrFUB5-reI1OjwvQ4vAPimyVMai3I/getUpdates "HTTP/1.1 200 OK"
2025-12-21 22:41:15,785 - httpx - INFO - HTTP Request: POST https://api.telegram.org/bot8476521610:AAFKJ_XrFUB5-reI1OjwvQ4vAPimyVMai3I/getUpdates "HTTP/1.1 200 OK"
2025-12-21 22:41:25,996 - httpx - INFO - HTTP Request: POST https://api.telegram.org/bot8476521610:AAFKJ_XrFUB5-reI1OjwvQ4vAPimyVMai3I/getUpdates "HTTP/1.1 200 OK"
2025-12-21 22:41:36,238 - httpx - INFO - HTTP Request: POST https://api.telegram.org/bot8476521610:AAFKJ_XrFUB5-reI1OjwvQ4vAPimyVMai3I/getUpdates "HTTP/1.1 200 OK"
2025-12-21 22:41:46,442 - httpx - INFO - HTTP Request: POST https://api.telegram.org/bot8476521610:AAFKJ_XrFUB5-reI1OjwvQ4vAPimyVMai3I/getUpdates "HTTP/1.1 200 OK"
2025-12-21 22:41:56,647 - httpx - INFO - HTTP Request: POST https://api.telegram.org/bot8476521610:AAFKJ_XrFUB5-reI1OjwvQ4vAPimyVMai3I/getUpdates "HTTP/1.1 200 OK"
2025-12-21 22:42:06,852 - httpx - INFO - HTTP Request: POST https://api.telegram.org/bot8476521610:AAFKJ_XrFUB5-reI1OjwvQ4vAPimyVMai3I/getUpdates "HTTP/1.1 200 OK"
2025-12-21 22:42:17,056 - httpx - INFO - HTTP Request: POST https://api.telegram.org/bot8476521610:AAFKJ_XrFUB5-reI1OjwvQ4vAPimyVMai3I/getUpdates "HTTP/1.1 200 OK"
2025-12-21 22:42:27,262 - httpx - INFO - HTTP Request: POST https://api.telegram.org/bot8476521610:AAFKJ_XrFUB5-reI1OjwvQ4vAPimyVMai3I/getUpdates "HTTP/1.1 200 OK"
2025-12-21 22:42:37,467 - httpx - INFO - HTTP Request: POST https://api.telegram.org/bot8476521610:AAFKJ_XrFUB5-reI1OjwvQ4vAPimyVMai3I/getUpdates "HTTP/1.1 200 OK"
2025-12-21 22:42:47,672 - httpx - INFO - HTTP Request: POST https://api.telegram.org/bot8476521610:AAFKJ_XrFUB5-reI1OjwvQ4vAPimyVMai3I/getUpdates "HTTP/1.1 200 OK"
2025-12-21 22:42:57,879 - httpx - INFO - HTTP Request: POST https://api.telegram.org/bot8476521610:AAFKJ_XrFUB5-reI1OjwvQ4vAPimyVMai3I/getUpdates "HTTP/1.1 200 OK"
2025-12-21 22:43:08,085 - httpx - INFO - HTTP Request: POST https://api.telegram.org/bot8476521610:AAFKJ_XrFUB5-reI1OjwvQ4vAPimyVMai3I/getUpdates "HTTP/1.1 200 OK"
2025-12-21 22:43:18,290 - httpx - INFO - HTTP Request: POST https://api.telegram.org/bot8476521610:AAFKJ_XrFUB5-reI1OjwvQ4vAPimyVMai3I/getUpdates "HTTP/1.1 200 OK"
2025-12-21 22:43:28,495 - httpx - INFO - HTTP Request: POST https://api.telegram.org/bot8476521610:AAFKJ_XrFUB5-reI1OjwvQ4vAPimyVMai3I/getUpdates "HTTP/1.1 200 OK"
2025-12-21 22:43:38,698 - httpx - INFO - HTTP Request: POST https://api.telegram.org/bot8476521610:AAFKJ_XrFUB5-reI1OjwvQ4vAPimyVMai3I/getUpdates "HTTP/1.1 200 OK"
2025-12-21 22:43:48,898 - httpx - INFO - HTTP Request: POST https://api.telegram.org/bot8476521610:AAFKJ_XrFUB5-reI1OjwvQ4vAPimyVMai3I/getUpdates "HTTP/1.1 200 OK"
2025-12-21 22:43:59,104 - httpx - INFO - HTTP Request: POST https://api.telegram.org/bot8476521610:AAFKJ_XrFUB5-reI1OjwvQ4vAPimyVMai3I/getUpdates "HTTP/1.1 200 OK"
2025-12-21 22:44:09,308 - httpx - INFO - HTTP Request: POST https://api.telegram.org/bot8476521610:AAFKJ_XrFUB5-reI1OjwvQ4vAPimyVMai3I/getUpdates "HTTP/1.1 200 OK"
2025-12-21 22:44:19,518 - httpx - INFO - HTTP Request: POST https://api.telegram.org/bot8476521610:AAFKJ_XrFUB5-reI1OjwvQ4vAPimyVMai3I/getUpdates "HTTP/1.1 200 OK"
2025-12-21 22:44:29,735 - httpx - INFO - HTTP Request: POST https://api.telegram.org/bot8476521610:AAFKJ_XrFUB5-reI1OjwvQ4vAPimyVMai3I/getUpdates "HTTP/1.1 200 OK"
2025-12-21 22:44:39,940 - httpx - INFO - HTTP Request: POST https://api.telegram.org/bot8476521610:AAFKJ_XrFUB5-reI1OjwvQ4vAPimyVMai3I/getUpdates "HTTP/1.1 200 OK"
2025-12-21 22:44:50,144 - httpx - INFO - HTTP Request: POST https://api.telegram.org/bot8476521610:AAFKJ_XrFUB5-reI1OjwvQ4vAPimyVMai3I/getUpdates "HTTP/1.1 200 OK"
2025-12-21 22:45:00,348 - httpx - INFO - HTTP Request: POST https://api.telegram.org/bot8476521610:AAFKJ_XrFUB5-reI1OjwvQ4vAPimyVMai3I/getUpdates "HTTP/1.1 200 OK"
2025-12-21 22:45:10,565 - httpx - INFO - HTTP Request: POST https://api.telegram.org/bot8476521610:AAFKJ_XrFUB5-reI1OjwvQ4vAPimyVMai3I/getUpdates "HTTP/1.1 200 OK"
2025-12-21 22:45:20,771 - httpx - INFO - HTTP Request: POST https://api.telegram.org/bot8476521610:AAFKJ_XrFUB5-reI1OjwvQ4vAPimyVMai3I/getUpdates "HTTP/1.1 200 OK"
2025-12-21 22:45:30,974 - httpx - INFO - HTTP Request: POST https://api.telegram.org/bot8476521610:AAFKJ_XrFUB5-reI1OjwvQ4vAPimyVMai3I/getUpdates "HTTP/1.1 200 OK"
2025-12-21 22:45:41,180 - httpx - INFO - HTTP Request: POST https://api.telegram.org/bot8476521610:AAFKJ_XrFUB5-reI1OjwvQ4vAPimyVMai3I/getUpdates "HTTP/1.1 200 OK"
2025-12-21 22:45:51,388 - httpx - INFO - HTTP Request: POST https://api.telegram.org/bot8476521610:AAFKJ_XrFUB5-reI1OjwvQ4vAPimyVMai3I/getUpdates "HTTP/1.1 200 OK"
2025-12-21 22:46:01,595 - httpx - INFO - HTTP Request: POST https://api.telegram.org/bot8476521610:AAFKJ_XrFUB5-reI1OjwvQ4vAPimyVMai3I/getUpdates "HTTP/1.1 200 OK"
2025-12-21 22:46:11,801 - httpx - INFO - HTTP Request: POST https://api.telegram.org/bot8476521610:AAFKJ_XrFUB5-reI1OjwvQ4vAPimyVMai3I/getUpdates "HTTP/1.1 200 OK"
2025-12-21 22:46:22,005 - httpx - INFO - HTTP Request: POST https://api.telegram.org/bot8476521610:AAFKJ_XrFUB5-reI1OjwvQ4vAPimyVMai3I/getUpdates "HTTP/1.1 200 OK"
2025-12-21 22:46:32,210 - httpx - INFO - HTTP Request: POST https://api.telegram.org/bot8476521610:AAFKJ_XrFUB5-reI1OjwvQ4vAPimyVMai3I/getUpdates "HTTP/1.1 200 OK"
2025-12-21 22:46:42,416 - httpx - INFO - HTTP Request: POST https://api.telegram.org/bot8476521610:AAFKJ_XrFUB5-reI1OjwvQ4vAPimyVMai3I/getUpdates "HTTP/1.1 200 OK"
2025-12-21 22:46:52,622 - httpx - INFO - HTTP Request: POST https://api.telegram.org/bot8476521610:AAFKJ_XrFUB5-reI1OjwvQ4vAPimyVMai3I/getUpdates "HTTP/1.1 200 OK"
2025-12-21 22:47:02,832 - httpx - INFO - HTTP Request: POST https://api.telegram.org/bot8476521610:AAFKJ_XrFUB5-reI1OjwvQ4vAPimyVMai3I/getUpdates "HTTP/1.1 200 OK"
2025-12-21 22:47:13,037 - httpx - INFO - HTTP Request: POST https://api.telegram.org/bot8476521610:AAFKJ_XrFUB5-reI1OjwvQ4vAPimyVMai3I/getUpdates "HTTP/1.1 200 OK"
2025-12-21 22:47:23,242 - httpx - INFO - HTTP Request: POST https://api.telegram.org/bot8476521610:AAFKJ_XrFUB5-reI1OjwvQ4vAPimyVMai3I/getUpdates "HTTP/1.1 200 OK"
2025-12-21 22:47:33,446 - httpx - INFO - HTTP Request: POST https://api.telegram.org/bot8476521610:AAFKJ_XrFUB5-reI1OjwvQ4vAPimyVMai3I/getUpdates "HTTP/1.1 200 OK"
2025-12-21 22:47:43,652 - httpx - INFO - HTTP Request: POST https://api.telegram.org/bot8476521610:AAFKJ_XrFUB5-reI1OjwvQ4vAPimyVMai3I/getUpdates "HTTP/1.1 200 OK"
2025-12-21 22:47:53,859 - httpx - INFO - HTTP Request: POST https://api.telegram.org/bot8476521610:AAFKJ_XrFUB5-reI1OjwvQ4vAPimyVMai3I/getUpdates "HTTP/1.1 200 OK"
2025-12-21 22:48:04,064 - httpx - INFO - HTTP Request: POST https://api.telegram.org/bot8476521610:AAFKJ_XrFUB5-reI1OjwvQ4vAPimyVMai3I/getUpdates "HTTP/1.1 200 OK"
2025-12-21 22:48:14,268 - httpx - INFO - HTTP Request: POST https://api.telegram.org/bot8476521610:AAFKJ_XrFUB5-reI1OjwvQ4vAPimyVMai3I/getUpdates "HTTP/1.1 200 OK"
2025-12-21 22:48:24,475 - httpx - INFO - HTTP Request: POST https://api.telegram.org/bot8476521610:AAFKJ_XrFUB5-reI1OjwvQ4vAPimyVMai3I/getUpdates "HTTP/1.1 200 OK"
2025-12-21 22:48:34,679 - httpx - INFO - HTTP Request: POST https://api.telegram.org/bot8476521610:AAFKJ_XrFUB5-reI1OjwvQ4vAPimyVMai3I/getUpdates "HTTP/1.1 200 OK"
2025-12-21 22:48:44,885 - httpx - INFO - HTTP Request: POST https://api.telegram.org/bot8476521610:AAFKJ_XrFUB5-reI1OjwvQ4vAPimyVMai3I/getUpdates "HTTP/1.1 200 OK"
2025-12-21 22:48:55,092 - httpx - INFO - HTTP Request: POST https://api.telegram.org/bot8476521610:AAFKJ_XrFUB5-reI1OjwvQ4vAPimyVMai3I/getUpdates "HTTP/1.1 200 OK"
2025-12-21 22:49:05,296 - httpx - INFO - HTTP Request: POST https://api.telegram.org/bot8476521610:AAFKJ_XrFUB5-reI1OjwvQ4vAPimyVMai3I/getUpdates "HTTP/1.1 200 OK"
2025-12-21 22:49:15,500 - httpx - INFO - HTTP Request: POST https://api.telegram.org/bot8476521610:AAFKJ_XrFUB5-reI1OjwvQ4vAPimyVMai3I/getUpdates "HTTP/1.1 200 OK"
2025-12-21 22:49:25,706 - httpx - INFO - HTTP Request: POST https://api.telegram.org/bot8476521610:AAFKJ_XrFUB5-reI1OjwvQ4vAPimyVMai3I/getUpdates "HTTP/1.1 200 OK"
2025-12-21 22:49:35,915 - httpx - INFO - HTTP Request: POST https://api.telegram.org/bot8476521610:AAFKJ_XrFUB5-reI1OjwvQ4vAPimyVMai3I/getUpdates "HTTP/1.1 200 OK"
2025-12-21 22:49:46,121 - httpx - INFO - HTTP Request: POST https://api.telegram.org/bot8476521610:AAFKJ_XrFUB5-reI1OjwvQ4vAPimyVMai3I/getUpdates "HTTP/1.1 200 OK"
2025-12-21 22:49:56,324 - httpx - INFO - HTTP Request: POST https://api.telegram.org/bot8476521610:AAFKJ_XrFUB5-reI1OjwvQ4vAPimyVMai3I/getUpdates "HTTP/1.1 200 OK"
2025-12-21 22:50:06,531 - httpx - INFO - HTTP Request: POST https://api.telegram.org/bot8476521610:AAFKJ_XrFUB5-reI1OjwvQ4vAPimyVMai3I/getUpdates "HTTP/1.1 200 OK"
2025-12-21 22:50:16,737 - httpx - INFO - HTTP Request: POST https://api.telegram.org/bot8476521610:AAFKJ_XrFUB5-reI1OjwvQ4vAPimyVMai3I/getUpdates "HTTP/1.1 200 OK"
2025-12-21 22:50:26,941 - httpx - INFO - HTTP Request: POST https://api.telegram.org/bot8476521610:AAFKJ_XrFUB5-reI1OjwvQ4vAPimyVMai3I/getUpdates "HTTP/1.1 200 OK"
2025-12-21 22:50:37,151 - httpx - INFO - HTTP Request: POST https://api.telegram.org/bot8476521610:AAFKJ_XrFUB5-reI1OjwvQ4vAPimyVMai3I/getUpdates "HTTP/1.1 200 OK"
2025-12-21 22:50:47,358 - httpx - INFO - HTTP Request: POST https://api.telegram.org/bot8476521610:AAFKJ_XrFUB5-reI1OjwvQ4vAPimyVMai3I/getUpdates "HTTP/1.1 200 OK"
2025-12-21 22:50:57,564 - httpx - INFO - HTTP Request: POST https://api.telegram.org/bot8476521610:AAFKJ_XrFUB5-reI1OjwvQ4vAPimyVMai3I/getUpdates "HTTP/1.1 200 OK"
2025-12-21 22:51:07,776 - httpx - INFO - HTTP Request: POST https://api.telegram.org/bot8476521610:AAFKJ_XrFUB5-reI1OjwvQ4vAPimyVMai3I/getUpdates "HTTP/1.1 200 OK"
2025-12-21 22:51:17,982 - httpx - INFO - HTTP Request: POST https://api.telegram.org/bot8476521610:AAFKJ_XrFUB5-reI1OjwvQ4vAPimyVMai3I/getUpdates "HTTP/1.1 200 OK"
2025-12-21 22:51:28,185 - httpx - INFO - HTTP Request: POST https://api.telegram.org/bot8476521610:AAFKJ_XrFUB5-reI1OjwvQ4vAPimyVMai3I/getUpdates "HTTP/1.1 200 OK"
2025-12-21 22:51:38,385 - httpx - INFO - HTTP Request: POST https://api.telegram.org/bot8476521610:AAFKJ_XrFUB5-reI1OjwvQ4vAPimyVMai3I/getUpdates "HTTP/1.1 200 OK"
2025-12-21 22:51:48,595 - httpx - INFO - HTTP Request: POST https://api.telegram.org/bot8476521610:AAFKJ_XrFUB5-reI1OjwvQ4vAPimyVMai3I/getUpdates "HTTP/1.1 200 OK"
2025-12-21 22:51:58,803 - httpx - INFO - HTTP Request: POST https://api.telegram.org/bot8476521610:AAFKJ_XrFUB5-reI1OjwvQ4vAPimyVMai3I/getUpdates "HTTP/1.1 200 OK"
2025-12-21 22:52:09,007 - httpx - INFO - HTTP Request: POST https://api.telegram.org/bot8476521610:AAFKJ_XrFUB5-reI1OjwvQ4vAPimyVMai3I/getUpdates "HTTP/1.1 200 OK"
2025-12-21 22:52:19,209 - httpx - INFO - HTTP Request: POST https://api.telegram.org/bot8476521610:AAFKJ_XrFUB5-reI1OjwvQ4vAPimyVMai3I/getUpdates "HTTP/1.1 200 OK"
2025-12-21 22:52:29,416 - httpx - INFO - HTTP Request: POST https://api.telegram.org/bot8476521610:AAFKJ_XrFUB5-reI1OjwvQ4vAPimyVMai3I/getUpdates "HTTP/1.1 200 OK"
2025-12-21 22:52:39,621 - httpx - INFO - HTTP Request: POST https://api.telegram.org/bot8476521610:AAFKJ_XrFUB5-reI1OjwvQ4vAPimyVMai3I/getUpdates "HTTP/1.1 200 OK"
2025-12-21 22:52:49,832 - httpx - INFO - HTTP Request: POST https://api.telegram.org/bot8476521610:AAFKJ_XrFUB5-reI1OjwvQ4vAPimyVMai3I/getUpdates "HTTP/1.1 200 OK"
2025-12-21 22:53:00,438 - httpx - INFO - HTTP Request: POST https://api.telegram.org/bot8476521610:AAFKJ_XrFUB5-reI1OjwvQ4vAPimyVMai3I/getUpdates "HTTP/1.1 200 OK"
2025-12-21 22:53:10,640 - httpx - INFO - HTTP Request: POST https://api.telegram.org/bot8476521610:AAFKJ_XrFUB5-reI1OjwvQ4vAPimyVMai3I/getUpdates "HTTP/1.1 200 OK"
2025-12-21 22:53:20,840 - httpx - INFO - HTTP Request: POST https://api.telegram.org/bot8476521610:AAFKJ_XrFUB5-reI1OjwvQ4vAPimyVMai3I/getUpdates "HTTP/1.1 200 OK"
2025-12-21 22:53:31,044 - httpx - INFO - HTTP Request: POST https://api.telegram.org/bot8476521610:AAFKJ_XrFUB5-reI1OjwvQ4vAPimyVMai3I/getUpdates "HTTP/1.1 200 OK"
2025-12-21 22:53:41,249 - httpx - INFO - HTTP Request: POST https://api.telegram.org/bot8476521610:AAFKJ_XrFUB5-reI1OjwvQ4vAPimyVMai3I/getUpdates "HTTP/1.1 200 OK"
2025-12-21 22:53:51,455 - httpx - INFO - HTTP Request: POST https://api.telegram.org/bot8476521610:AAFKJ_XrFUB5-reI1OjwvQ4vAPimyVMai3I/getUpdates "HTTP/1.1 200 OK"
2025-12-21 22:54:01,660 - httpx - INFO - HTTP Request: POST https://api.telegram.org/bot8476521610:AAFKJ_XrFUB5-reI1OjwvQ4vAPimyVMai3I/getUpdates "HTTP/1.1 200 OK"
2025-12-21 22:54:11,863 - httpx - INFO - HTTP Request: POST https://api.telegram.org/bot8476521610:AAFKJ_XrFUB5-reI1OjwvQ4vAPimyVMai3I/getUpdates "HTTP/1.1 200 OK"
2025-12-21 22:54:22,066 - httpx - INFO - HTTP Request: POST https://api.telegram.org/bot8476521610:AAFKJ_XrFUB5-reI1OjwvQ4vAPimyVMai3I/getUpdates "HTTP/1.1 200 OK"
2025-12-21 22:54:32,271 - httpx - INFO - HTTP Request: POST https://api.telegram.org/bot8476521610:AAFKJ_XrFUB5-reI1OjwvQ4vAPimyVMai3I/getUpdates "HTTP/1.1 200 OK"
2025-12-21 22:54:42,474 - httpx - INFO - HTTP Request: POST https://api.telegram.org/bot8476521610:AAFKJ_XrFUB5-reI1OjwvQ4vAPimyVMai3I/getUpdates "HTTP/1.1 200 OK"
2025-12-21 22:54:52,679 - httpx - INFO - HTTP Request: POST https://api.telegram.org/bot8476521610:AAFKJ_XrFUB5-reI1OjwvQ4vAPimyVMai3I/getUpdates "HTTP/1.1 200 OK"
2025-12-21 22:55:02,881 - httpx - INFO - HTTP Request: POST https://api.telegram.org/bot8476521610:AAFKJ_XrFUB5-reI1OjwvQ4vAPimyVMai3I/getUpdates "HTTP/1.1 200 OK"
2025-12-21 22:55:13,084 - httpx - INFO - HTTP Request: POST https://api.telegram.org/bot8476521610:AAFKJ_XrFUB5-reI1OjwvQ4vAPimyVMai3I/getUpdates "HTTP/1.1 200 OK"
2025-12-21 22:55:23,285 - httpx - INFO - HTTP Request: POST https://api.telegram.org/bot8476521610:AAFKJ_XrFUB5-reI1OjwvQ4vAPimyVMai3I/getUpdates "HTTP/1.1 200 OK"
2025-12-21 22:55:33,484 - httpx - INFO - HTTP Request: POST https://api.telegram.org/bot8476521610:AAFKJ_XrFUB5-reI1OjwvQ4vAPimyVMai3I/getUpdates "HTTP/1.1 200 OK"
2025-12-21 22:55:43,690 - httpx - INFO - HTTP Request: POST https://api.telegram.org/bot8476521610:AAFKJ_XrFUB5-reI1OjwvQ4vAPimyVMai3I/getUpdates "HTTP/1.1 200 OK"
2025-12-21 22:55:53,892 - httpx - INFO - HTTP Request: POST https://api.telegram.org/bot8476521610:AAFKJ_XrFUB5-reI1OjwvQ4vAPimyVMai3I/getUpdates "HTTP/1.1 200 OK"
2025-12-21 22:56:04,093 - httpx - INFO - HTTP Request: POST https://api.telegram.org/bot8476521610:AAFKJ_XrFUB5-reI1OjwvQ4vAPimyVMai3I/getUpdates "HTTP/1.1 200 OK"
2025-12-21 22:56:14,298 - httpx - INFO - HTTP Request: POST https://api.telegram.org/bot8476521610:AAFKJ_XrFUB5-reI1OjwvQ4vAPimyVMai3I/getUpdates "HTTP/1.1 200 OK"
2025-12-21 22:56:24,501 - httpx - INFO - HTTP Request: POST https://api.telegram.org/bot8476521610:AAFKJ_XrFUB5-reI1OjwvQ4vAPimyVMai3I/getUpdates "HTTP/1.1 200 OK"
2025-12-21 22:56:34,703 - httpx - INFO - HTTP Request: POST https://api.telegram.org/bot8476521610:AAFKJ_XrFUB5-reI1OjwvQ4vAPimyVMai3I/getUpdates "HTTP/1.1 200 OK"
2025-12-21 22:56:44,913 - httpx - INFO - HTTP Request: POST https://api.telegram.org/bot8476521610:AAFKJ_XrFUB5-reI1OjwvQ4vAPimyVMai3I/getUpdates "HTTP/1.1 200 OK"
2025-12-21 22:56:55,117 - httpx - INFO - HTTP Request: POST https://api.telegram.org/bot8476521610:AAFKJ_XrFUB5-reI1OjwvQ4vAPimyVMai3I/getUpdates "HTTP/1.1 200 OK"
2025-12-21 22:57:05,320 - httpx - INFO - HTTP Request: POST https://api.telegram.org/bot8476521610:AAFKJ_XrFUB5-reI1OjwvQ4vAPimyVMai3I/getUpdates "HTTP/1.1 200 OK"
2025-12-21 22:57:15,522 - httpx - INFO - HTTP Request: POST https://api.telegram.org/bot8476521610:AAFKJ_XrFUB5-reI1OjwvQ4vAPimyVMai3I/getUpdates "HTTP/1.1 200 OK"
2025-12-21 22:57:25,726 - httpx - INFO - HTTP Request: POST https://api.telegram.org/bot8476521610:AAFKJ_XrFUB5-reI1OjwvQ4vAPimyVMai3I/getUpdates "HTTP/1.1 200 OK"
2025-12-21 22:57:35,930 - httpx - INFO - HTTP Request: POST https://api.telegram.org/bot8476521610:AAFKJ_XrFUB5-reI1OjwvQ4vAPimyVMai3I/getUpdates "HTTP/1.1 200 OK"
2025-12-21 22:57:46,133 - httpx - INFO - HTTP Request: POST https://api.telegram.org/bot8476521610:AAFKJ_XrFUB5-reI1OjwvQ4vAPimyVMai3I/getUpdates "HTTP/1.1 200 OK"
2025-12-21 22:57:56,337 - httpx - INFO - HTTP Request: POST https://api.telegram.org/bot8476521610:AAFKJ_XrFUB5-reI1OjwvQ4vAPimyVMai3I/getUpdates "HTTP/1.1 200 OK"
2025-12-21 22:58:06,539 - httpx - INFO - HTTP Request: POST https://api.telegram.org/bot8476521610:AAFKJ_XrFUB5-reI1OjwvQ4vAPimyVMai3I/getUpdates "HTTP/1.1 200 OK"
2025-12-21 22:58:16,743 - httpx - INFO - HTTP Request: POST https://api.telegram.org/bot8476521610:AAFKJ_XrFUB5-reI1OjwvQ4vAPimyVMai3I/getUpdates "HTTP/1.1 200 OK"
2025-12-21 22:58:26,949 - httpx - INFO - HTTP Request: POST https://api.telegram.org/bot8476521610:AAFKJ_XrFUB5-reI1OjwvQ4vAPimyVMai3I/getUpdates "HTTP/1.1 200 OK"
2025-12-21 22:58:37,152 - httpx - INFO - HTTP Request: POST https://api.telegram.org/bot8476521610:AAFKJ_XrFUB5-reI1OjwvQ4vAPimyVMai3I/getUpdates "HTTP/1.1 200 OK"
2025-12-21 22:58:47,357 - httpx - INFO - HTTP Request: POST https://api.telegram.org/bot8476521610:AAFKJ_XrFUB5-reI1OjwvQ4vAPimyVMai3I/getUpdates "HTTP/1.1 200 OK"
2025-12-21 22:58:57,559 - httpx - INFO - HTTP Request: POST https://api.telegram.org/bot8476521610:AAFKJ_XrFUB5-reI1OjwvQ4vAPimyVMai3I/getUpdates "HTTP/1.1 200 OK"
2025-12-21 22:59:07,758 - httpx - INFO - HTTP Request: POST https://api.telegram.org/bot8476521610:AAFKJ_XrFUB5-reI1OjwvQ4vAPimyVMai3I/getUpdates "HTTP/1.1 200 OK"
2025-12-21 22:59:17,965 - httpx - INFO - HTTP Request: POST https://api.telegram.org/bot8476521610:AAFKJ_XrFUB5-reI1OjwvQ4vAPimyVMai3I/getUpdates "HTTP/1.1 200 OK"
2025-12-21 22:59:28,170 - httpx - INFO - HTTP Request: POST https://api.telegram.org/bot8476521610:AAFKJ_XrFUB5-reI1OjwvQ4vAPimyVMai3I/getUpdates "HTTP/1.1 200 OK"
2025-12-21 22:59:38,373 - httpx - INFO - HTTP Request: POST https://api.telegram.org/bot8476521610:AAFKJ_XrFUB5-reI1OjwvQ4vAPimyVMai3I/getUpdates "HTTP/1.1 200 OK"
2025-12-21 22:59:48,576 - httpx - INFO - HTTP Request: POST https://api.telegram.org/bot8476521610:AAFKJ_XrFUB5-reI1OjwvQ4vAPimyVMai3I/getUpdates "HTTP/1.1 200 OK"
2025-12-21 22:59:58,781 - httpx - INFO - HTTP Request: POST https://api.telegram.org/bot8476521610:AAFKJ_XrFUB5-reI1OjwvQ4vAPimyVMai3I/getUpdates "HTTP/1.1 200 OK"
2025-12-21 23:00:08,986 - httpx - INFO - HTTP Request: POST https://api.telegram.org/bot8476521610:AAFKJ_XrFUB5-reI1OjwvQ4vAPimyVMai3I/getUpdates "HTTP/1.1 200 OK"
2025-12-21 23:00:19,192 - httpx - INFO - HTTP Request: POST https://api.telegram.org/bot8476521610:AAFKJ_XrFUB5-reI1OjwvQ4vAPimyVMai3I/getUpdates "HTTP/1.1 200 OK"
2025-12-21 23:00:29,398 - httpx - INFO - HTTP Request: POST https://api.telegram.org/bot8476521610:AAFKJ_XrFUB5-reI1OjwvQ4vAPimyVMai3I/getUpdates "HTTP/1.1 200 OK"
2025-12-21 23:00:39,600 - httpx - INFO - HTTP Request: POST https://api.telegram.org/bot8476521610:AAFKJ_XrFUB5-reI1OjwvQ4vAPimyVMai3I/getUpdates "HTTP/1.1 200 OK"
2025-12-21 23:00:49,807 - httpx - INFO - HTTP Request: POST https://api.telegram.org/bot8476521610:AAFKJ_XrFUB5-reI1OjwvQ4vAPimyVMai3I/getUpdates "HTTP/1.1 200 OK"
2025-12-21 23:01:00,013 - httpx - INFO - HTTP Request: POST https://api.telegram.org/bot8476521610:AAFKJ_XrFUB5-reI1OjwvQ4vAPimyVMai3I/getUpdates "HTTP/1.1 200 OK"
2025-12-21 23:01:10,218 - httpx - INFO - HTTP Request: POST https://api.telegram.org/bot8476521610:AAFKJ_XrFUB5-reI1OjwvQ4vAPimyVMai3I/getUpdates "HTTP/1.1 200 OK"
2025-12-21 23:01:20,421 - httpx - INFO - HTTP Request: POST https://api.telegram.org/bot8476521610:AAFKJ_XrFUB5-reI1OjwvQ4vAPimyVMai3I/getUpdates "HTTP/1.1 200 OK"
2025-12-21 23:01:30,626 - httpx - INFO - HTTP Request: POST https://api.telegram.org/bot8476521610:AAFKJ_XrFUB5-reI1OjwvQ4vAPimyVMai3I/getUpdates "HTTP/1.1 200 OK"
2025-12-21 23:01:40,832 - httpx - INFO - HTTP Request: POST https://api.telegram.org/bot8476521610:AAFKJ_XrFUB5-reI1OjwvQ4vAPimyVMai3I/getUpdates "HTTP/1.1 200 OK"
2025-12-21 23:01:51,038 - httpx - INFO - HTTP Request: POST https://api.telegram.org/bot8476521610:AAFKJ_XrFUB5-reI1OjwvQ4vAPimyVMai3I/getUpdates "HTTP/1.1 200 OK"
2025-12-21 23:02:01,243 - httpx - INFO - HTTP Request: POST https://api.telegram.org/bot8476521610:AAFKJ_XrFUB5-reI1OjwvQ4vAPimyVMai3I/getUpdates "HTTP/1.1 200 OK"
2025-12-21 23:02:11,445 - httpx - INFO - HTTP Request: POST https://api.telegram.org/bot8476521610:AAFKJ_XrFUB5-reI1OjwvQ4vAPimyVMai3I/getUpdates "HTTP/1.1 200 OK"
2025-12-21 23:02:21,651 - httpx - INFO - HTTP Request: POST https://api.telegram.org/bot8476521610:AAFKJ_XrFUB5-reI1OjwvQ4vAPimyVMai3I/getUpdates "HTTP/1.1 200 OK"
2025-12-21 23:02:31,855 - httpx - INFO - HTTP Request: POST https://api.telegram.org/bot8476521610:AAFKJ_XrFUB5-reI1OjwvQ4vAPimyVMai3I/getUpdates "HTTP/1.1 200 OK"
2025-12-21 23:02:42,060 - httpx - INFO - HTTP Request: POST https://api.telegram.org/bot8476521610:AAFKJ_XrFUB5-reI1OjwvQ4vAPimyVMai3I/getUpdates "HTTP/1.1 200 OK"
2025-12-21 23:02:52,268 - httpx - INFO - HTTP Request: POST https://api.telegram.org/bot8476521610:AAFKJ_XrFUB5-reI1OjwvQ4vAPimyVMai3I/getUpdates "HTTP/1.1 200 OK"
2025-12-21 23:03:02,475 - httpx - INFO - HTTP Request: POST https://api.telegram.org/bot8476521610:AAFKJ_XrFUB5-reI1OjwvQ4vAPimyVMai3I/getUpdates "HTTP/1.1 200 OK"
2025-12-21 23:03:12,678 - httpx - INFO - HTTP Request: POST https://api.telegram.org/bot8476521610:AAFKJ_XrFUB5-reI1OjwvQ4vAPimyVMai3I/getUpdates "HTTP/1.1 200 OK"
2025-12-21 23:03:22,883 - httpx - INFO - HTTP Request: POST https://api.telegram.org/bot8476521610:AAFKJ_XrFUB5-reI1OjwvQ4vAPimyVMai3I/getUpdates "HTTP/1.1 200 OK"
2025-12-21 23:03:33,085 - httpx - INFO - HTTP Request: POST https://api.telegram.org/bot8476521610:AAFKJ_XrFUB5-reI1OjwvQ4vAPimyVMai3I/getUpdates "HTTP/1.1 200 OK"
2025-12-21 23:03:43,288 - httpx - INFO - HTTP Request: POST https://api.telegram.org/bot8476521610:AAFKJ_XrFUB5-reI1OjwvQ4vAPimyVMai3I/getUpdates "HTTP/1.1 200 OK"
2025-12-21 23:03:53,491 - httpx - INFO - HTTP Request: POST https://api.telegram.org/bot8476521610:AAFKJ_XrFUB5-reI1OjwvQ4vAPimyVMai3I/getUpdates "HTTP/1.1 200 OK"
2025-12-21 23:04:03,693 - httpx - INFO - HTTP Request: POST https://api.telegram.org/bot8476521610:AAFKJ_XrFUB5-reI1OjwvQ4vAPimyVMai3I/getUpdates "HTTP/1.1 200 OK"
2025-12-21 23:04:13,896 - httpx - INFO - HTTP Request: POST https://api.telegram.org/bot8476521610:AAFKJ_XrFUB5-reI1OjwvQ4vAPimyVMai3I/getUpdates "HTTP/1.1 200 OK"
2025-12-21 23:04:24,100 - httpx - INFO - HTTP Request: POST https://api.telegram.org/bot8476521610:AAFKJ_XrFUB5-reI1OjwvQ4vAPimyVMai3I/getUpdates "HTTP/1.1 200 OK"
2025-12-21 23:04:34,304 - httpx - INFO - HTTP Request: POST https://api.telegram.org/bot8476521610:AAFKJ_XrFUB5-reI1OjwvQ4vAPimyVMai3I/getUpdates "HTTP/1.1 200 OK"
2025-12-21 23:04:44,502 - httpx - INFO - HTTP Request: POST https://api.telegram.org/bot8476521610:AAFKJ_XrFUB5-reI1OjwvQ4vAPimyVMai3I/getUpdates "HTTP/1.1 200 OK"
2025-12-21 23:04:54,708 - httpx - INFO - HTTP Request: POST https://api.telegram.org/bot8476521610:AAFKJ_XrFUB5-reI1OjwvQ4vAPimyVMai3I/getUpdates "HTTP/1.1 200 OK"
2025-12-21 23:05:04,911 - httpx - INFO - HTTP Request: POST https://api.telegram.org/bot8476521610:AAFKJ_XrFUB5-reI1OjwvQ4vAPimyVMai3I/getUpdates "HTTP/1.1 200 OK"
2025-12-21 23:05:15,118 - httpx - INFO - HTTP Request: POST https://api.telegram.org/bot8476521610:AAFKJ_XrFUB5-reI1OjwvQ4vAPimyVMai3I/getUpdates "HTTP/1.1 200 OK"
2025-12-21 23:05:25,320 - httpx - INFO - HTTP Request: POST https://api.telegram.org/bot8476521610:AAFKJ_XrFUB5-reI1OjwvQ4vAPimyVMai3I/getUpdates "HTTP/1.1 200 OK"
2025-12-21 23:05:35,523 - httpx - INFO - HTTP Request: POST https://api.telegram.org/bot8476521610:AAFKJ_XrFUB5-reI1OjwvQ4vAPimyVMai3I/getUpdates "HTTP/1.1 200 OK"
2025-12-21 23:05:45,727 - httpx - INFO - HTTP Request: POST https://api.telegram.org/bot8476521610:AAFKJ_XrFUB5-reI1OjwvQ4vAPimyVMai3I/getUpdates "HTTP/1.1 200 OK"
2025-12-21 23:05:55,932 - httpx - INFO - HTTP Request: POST https://api.telegram.org/bot8476521610:AAFKJ_XrFUB5-reI1OjwvQ4vAPimyVMai3I/getUpdates "HTTP/1.1 200 OK"
2025-12-21 23:06:06,129 - httpx - INFO - HTTP Request: POST https://api.telegram.org/bot8476521610:AAFKJ_XrFUB5-reI1OjwvQ4vAPimyVMai3I/getUpdates "HTTP/1.1 200 OK"
2025-12-21 23:07:12,837 - httpx - INFO - HTTP Request: POST https://api.telegram.org/bot8476521610:AAFKJ_XrFUB5-reI1OjwvQ4vAPimyVMai3I/getUpdates "HTTP/1.1 200 OK"
2025-12-21 23:07:23,046 - httpx - INFO - HTTP Request: POST https://api.telegram.org/bot8476521610:AAFKJ_XrFUB5-reI1OjwvQ4vAPimyVMai3I/getUpdates "HTTP/1.1 200 OK"
2025-12-21 23:07:33,244 - httpx - INFO - HTTP Request: POST https://api.telegram.org/bot8476521610:AAFKJ_XrFUB5-reI1OjwvQ4vAPimyVMai3I/getUpdates "HTTP/1.1 200 OK"
2025-12-21 23:07:43,438 - httpx - INFO - HTTP Request: POST https://api.telegram.org/bot8476521610:AAFKJ_XrFUB5-reI1OjwvQ4vAPimyVMai3I/getUpdates "HTTP/1.1 200 OK"
2025-12-21 23:07:53,636 - httpx - INFO - HTTP Request: POST https://api.telegram.org/bot8476521610:AAFKJ_XrFUB5-reI1OjwvQ4vAPimyVMai3I/getUpdates "HTTP/1.1 200 OK"
2025-12-21 23:08:03,833 - httpx - INFO - HTTP Request: POST https://api.telegram.org/bot8476521610:AAFKJ_XrFUB5-reI1OjwvQ4vAPimyVMai3I/getUpdates "HTTP/1.1 200 OK"
2025-12-21 23:08:14,026 - httpx - INFO - HTTP Request: POST https://api.telegram.org/bot8476521610:AAFKJ_XrFUB5-reI1OjwvQ4vAPimyVMai3I/getUpdates "HTTP/1.1 200 OK"
2025-12-21 23:08:24,219 - httpx - INFO - HTTP Request: POST https://api.telegram.org/bot8476521610:AAFKJ_XrFUB5-reI1OjwvQ4vAPimyVMai3I/getUpdates "HTTP/1.1 200 OK"
2025-12-21 23:08:34,415 - httpx - INFO - HTTP Request: POST https://api.telegram.org/bot8476521610:AAFKJ_XrFUB5-reI1OjwvQ4vAPimyVMai3I/getUpdates "HTTP/1.1 200 OK"
2025-12-21 23:08:44,622 - httpx - INFO - HTTP Request: POST https://api.telegram.org/bot8476521610:AAFKJ_XrFUB5-reI1OjwvQ4vAPimyVMai3I/getUpdates "HTTP/1.1 200 OK"
2025-12-21 23:08:54,827 - httpx - INFO - HTTP Request: POST https://api.telegram.org/bot8476521610:AAFKJ_XrFUB5-reI1OjwvQ4vAPimyVMai3I/getUpdates "HTTP/1.1 200 OK"
2025-12-21 23:09:05,032 - httpx - INFO - HTTP Request: POST https://api.telegram.org/bot8476521610:AAFKJ_XrFUB5-reI1OjwvQ4vAPimyVMai3I/getUpdates "HTTP/1.1 200 OK"
2025-12-21 23:09:15,233 - httpx - INFO - HTTP Request: POST https://api.telegram.org/bot8476521610:AAFKJ_XrFUB5-reI1OjwvQ4vAPimyVMai3I/getUpdates "HTTP/1.1 200 OK"
2025-12-21 23:09:25,435 - httpx - INFO - HTTP Request: POST https://api.telegram.org/bot8476521610:AAFKJ_XrFUB5-reI1OjwvQ4vAPimyVMai3I/getUpdates "HTTP/1.1 200 OK"
2025-12-21 23:09:35,637 - httpx - INFO - HTTP Request: POST https://api.telegram.org/bot8476521610:AAFKJ_XrFUB5-reI1OjwvQ4vAPimyVMai3I/getUpdates "HTTP/1.1 200 OK"
2025-12-21 23:09:45,837 - httpx - INFO - HTTP Request: POST https://api.telegram.org/bot8476521610:AAFKJ_XrFUB5-reI1OjwvQ4vAPimyVMai3I/getUpdates "HTTP/1.1 200 OK"
2025-12-21 23:09:56,035 - httpx - INFO - HTTP Request: POST https://api.telegram.org/bot8476521610:AAFKJ_XrFUB5-reI1OjwvQ4vAPimyVMai3I/getUpdates "HTTP/1.1 200 OK"
2025-12-21 23:10:06,232 - httpx - INFO - HTTP Request: POST https://api.telegram.org/bot8476521610:AAFKJ_XrFUB5-reI1OjwvQ4vAPimyVMai3I/getUpdates "HTTP/1.1 200 OK"
2025-12-21 23:10:16,430 - httpx - INFO - HTTP Request: POST https://api.telegram.org/bot8476521610:AAFKJ_XrFUB5-reI1OjwvQ4vAPimyVMai3I/getUpdates "HTTP/1.1 200 OK"
2025-12-21 23:10:26,635 - httpx - INFO - HTTP Request: POST https://api.telegram.org/bot8476521610:AAFKJ_XrFUB5-reI1OjwvQ4vAPimyVMai3I/getUpdates "HTTP/1.1 200 OK"
2025-12-21 23:10:36,833 - httpx - INFO - HTTP Request: POST https://api.telegram.org/bot8476521610:AAFKJ_XrFUB5-reI1OjwvQ4vAPimyVMai3I/getUpdates "HTTP/1.1 200 OK"
2025-12-21 23:10:47,033 - httpx - INFO - HTTP Request: POST https://api.telegram.org/bot8476521610:AAFKJ_XrFUB5-reI1OjwvQ4vAPimyVMai3I/getUpdates "HTTP/1.1 200 OK"
2025-12-21 23:10:57,232 - httpx - INFO - HTTP Request: POST https://api.telegram.org/bot8476521610:AAFKJ_XrFUB5-reI1OjwvQ4vAPimyVMai3I/getUpdates "HTTP/1.1 200 OK"
2025-12-21 23:11:07,441 - httpx - INFO - HTTP Request: POST https://api.telegram.org/bot8476521610:AAFKJ_XrFUB5-reI1OjwvQ4vAPimyVMai3I/getUpdates "HTTP/1.1 200 OK"
2025-12-21 23:11:17,638 - httpx - INFO - HTTP Request: POST https://api.telegram.org/bot8476521610:AAFKJ_XrFUB5-reI1OjwvQ4vAPimyVMai3I/getUpdates "HTTP/1.1 200 OK"
2025-12-21 23:11:27,839 - httpx - INFO - HTTP Request: POST https://api.telegram.org/bot8476521610:AAFKJ_XrFUB5-reI1OjwvQ4vAPimyVMai3I/getUpdates "HTTP/1.1 200 OK"
2025-12-21 23:11:38,039 - httpx - INFO - HTTP Request: POST https://api.telegram.org/bot8476521610:AAFKJ_XrFUB5-reI1OjwvQ4vAPimyVMai3I/getUpdates "HTTP/1.1 200 OK"
2025-12-21 23:11:48,238 - httpx - INFO - HTTP Request: POST https://api.telegram.org/bot8476521610:AAFKJ_XrFUB5-reI1OjwvQ4vAPimyVMai3I/getUpdates "HTTP/1.1 200 OK"
2025-12-21 23:11:58,440 - httpx - INFO - HTTP Request: POST https://api.telegram.org/bot8476521610:AAFKJ_XrFUB5-reI1OjwvQ4vAPimyVMai3I/getUpdates "HTTP/1.1 200 OK"
2025-12-21 23:12:08,639 - httpx - INFO - HTTP Request: POST https://api.telegram.org/bot8476521610:AAFKJ_XrFUB5-reI1OjwvQ4vAPimyVMai3I/getUpdates "HTTP/1.1 200 OK"
2025-12-21 23:12:18,843 - httpx - INFO - HTTP Request: POST https://api.telegram.org/bot8476521610:AAFKJ_XrFUB5-reI1OjwvQ4vAPimyVMai3I/getUpdates "HTTP/1.1 200 OK"
2025-12-21 23:12:29,042 - httpx - INFO - HTTP Request: POST https://api.telegram.org/bot8476521610:AAFKJ_XrFUB5-reI1OjwvQ4vAPimyVMai3I/getUpdates "HTTP/1.1 200 OK"
2025-12-21 23:12:39,238 - httpx - INFO - HTTP Request: POST https://api.telegram.org/bot8476521610:AAFKJ_XrFUB5-reI1OjwvQ4vAPimyVMai3I/getUpdates "HTTP/1.1 200 OK"
2025-12-21 23:12:49,438 - httpx - INFO - HTTP Request: POST https://api.telegram.org/bot8476521610:AAFKJ_XrFUB5-reI1OjwvQ4vAPimyVMai3I/getUpdates "HTTP/1.1 200 OK"
2025-12-21 23:12:59,635 - httpx - INFO - HTTP Request: POST https://api.telegram.org/bot8476521610:AAFKJ_XrFUB5-reI1OjwvQ4vAPimyVMai3I/getUpdates "HTTP/1.1 200 OK"
2025-12-21 23:13:09,834 - httpx - INFO - HTTP Request: POST https://api.telegram.org/bot8476521610:AAFKJ_XrFUB5-reI1OjwvQ4vAPimyVMai3I/getUpdates "HTTP/1.1 200 OK"
2025-12-21 23:13:20,033 - httpx - INFO - HTTP Request: POST https://api.telegram.org/bot8476521610:AAFKJ_XrFUB5-reI1OjwvQ4vAPimyVMai3I/getUpdates "HTTP/1.1 200 OK"
2025-12-21 23:13:30,233 - httpx - INFO - HTTP Request: POST https://api.telegram.org/bot8476521610:AAFKJ_XrFUB5-reI1OjwvQ4vAPimyVMai3I/getUpdates "HTTP/1.1 200 OK"
2025-12-21 23:13:40,431 - httpx - INFO - HTTP Request: POST https://api.telegram.org/bot8476521610:AAFKJ_XrFUB5-reI1OjwvQ4vAPimyVMai3I/getUpdates "HTTP/1.1 200 OK"
2025-12-21 23:13:50,632 - httpx - INFO - HTTP Request: POST https://api.telegram.org/bot8476521610:AAFKJ_XrFUB5-reI1OjwvQ4vAPimyVMai3I/getUpdates "HTTP/1.1 200 OK"
2025-12-21 23:14:00,831 - httpx - INFO - HTTP Request: POST https://api.telegram.org/bot8476521610:AAFKJ_XrFUB5-reI1OjwvQ4vAPimyVMai3I/getUpdates "HTTP/1.1 200 OK"
2025-12-21 23:14:11,031 - httpx - INFO - HTTP Request: POST https://api.telegram.org/bot8476521610:AAFKJ_XrFUB5-reI1OjwvQ4vAPimyVMai3I/getUpdates "HTTP/1.1 200 OK"
2025-12-21 23:14:21,231 - httpx - INFO - HTTP Request: POST https://api.telegram.org/bot8476521610:AAFKJ_XrFUB5-reI1OjwvQ4vAPimyVMai3I/getUpdates "HTTP/1.1 200 OK"
2025-12-21 23:14:31,434 - httpx - INFO - HTTP Request: POST https://api.telegram.org/bot8476521610:AAFKJ_XrFUB5-reI1OjwvQ4vAPimyVMai3I/getUpdates "HTTP/1.1 200 OK"
2025-12-21 23:14:41,639 - httpx - INFO - HTTP Request: POST https://api.telegram.org/bot8476521610:AAFKJ_XrFUB5-reI1OjwvQ4vAPimyVMai3I/getUpdates "HTTP/1.1 200 OK"
2025-12-21 23:14:51,838 - httpx - INFO - HTTP Request: POST https://api.telegram.org/bot8476521610:AAFKJ_XrFUB5-reI1OjwvQ4vAPimyVMai3I/getUpdates "HTTP/1.1 200 OK"
2025-12-21 23:15:02,037 - httpx - INFO - HTTP Request: POST https://api.telegram.org/bot8476521610:AAFKJ_XrFUB5-reI1OjwvQ4vAPimyVMai3I/getUpdates "HTTP/1.1 200 OK"
2025-12-21 23:15:12,238 - httpx - INFO - HTTP Request: POST https://api.telegram.org/bot8476521610:AAFKJ_XrFUB5-reI1OjwvQ4vAPimyVMai3I/getUpdates "HTTP/1.1 200 OK"
2025-12-21 23:15:22,438 - httpx - INFO - HTTP Request: POST https://api.telegram.org/bot8476521610:AAFKJ_XrFUB5-reI1OjwvQ4vAPimyVMai3I/getUpdates "HTTP/1.1 200 OK"
2025-12-21 23:15:32,647 - httpx - INFO - HTTP Request: POST https://api.telegram.org/bot8476521610:AAFKJ_XrFUB5-reI1OjwvQ4vAPimyVMai3I/getUpdates "HTTP/1.1 200 OK"
2025-12-21 23:15:42,848 - httpx - INFO - HTTP Request: POST https://api.telegram.org/bot8476521610:AAFKJ_XrFUB5-reI1OjwvQ4vAPimyVMai3I/getUpdates "HTTP/1.1 200 OK"
2025-12-21 23:15:53,047 - httpx - INFO - HTTP Request: POST https://api.telegram.org/bot8476521610:AAFKJ_XrFUB5-reI1OjwvQ4vAPimyVMai3I/getUpdates "HTTP/1.1 200 OK"
2025-12-21 23:16:03,245 - httpx - INFO - HTTP Request: POST https://api.telegram.org/bot8476521610:AAFKJ_XrFUB5-reI1OjwvQ4vAPimyVMai3I/getUpdates "HTTP/1.1 200 OK"
2025-12-21 23:16:13,448 - httpx - INFO - HTTP Request: POST https://api.telegram.org/bot8476521610:AAFKJ_XrFUB5-reI1OjwvQ4vAPimyVMai3I/getUpdates "HTTP/1.1 200 OK"
2025-12-21 23:16:23,649 - httpx - INFO - HTTP Request: POST https://api.telegram.org/bot8476521610:AAFKJ_XrFUB5-reI1OjwvQ4vAPimyVMai3I/getUpdates "HTTP/1.1 200 OK"
2025-12-21 23:16:33,849 - httpx - INFO - HTTP Request: POST https://api.telegram.org/bot8476521610:AAFKJ_XrFUB5-reI1OjwvQ4vAPimyVMai3I/getUpdates "HTTP/1.1 200 OK"
2025-12-21 23:16:44,051 - httpx - INFO - HTTP Request: POST https://api.telegram.org/bot8476521610:AAFKJ_XrFUB5-reI1OjwvQ4vAPimyVMai3I/getUpdates "HTTP/1.1 200 OK"
2025-12-21 23:16:54,251 - httpx - INFO - HTTP Request: POST https://api.telegram.org/bot8476521610:AAFKJ_XrFUB5-reI1OjwvQ4vAPimyVMai3I/getUpdates "HTTP/1.1 200 OK"
2025-12-21 23:17:04,454 - httpx - INFO - HTTP Request: POST https://api.telegram.org/bot8476521610:AAFKJ_XrFUB5-reI1OjwvQ4vAPimyVMai3I/getUpdates "HTTP/1.1 200 OK"
2025-12-21 23:17:14,657 - httpx - INFO - HTTP Request: POST https://api.telegram.org/bot8476521610:AAFKJ_XrFUB5-reI1OjwvQ4vAPimyVMai3I/getUpdates "HTTP/1.1 200 OK"
2025-12-21 23:17:24,859 - httpx - INFO - HTTP Request: POST https://api.telegram.org/bot8476521610:AAFKJ_XrFUB5-reI1OjwvQ4vAPimyVMai3I/getUpdates "HTTP/1.1 200 OK"
2025-12-21 23:17:35,060 - httpx - INFO - HTTP Request: POST https://api.telegram.org/bot8476521610:AAFKJ_XrFUB5-reI1OjwvQ4vAPimyVMai3I/getUpdates "HTTP/1.1 200 OK"
2025-12-21 23:17:45,259 - httpx - INFO - HTTP Request: POST https://api.telegram.org/bot8476521610:AAFKJ_XrFUB5-reI1OjwvQ4vAPimyVMai3I/getUpdates "HTTP/1.1 200 OK"
2025-12-21 23:17:55,460 - httpx - INFO - HTTP Request: POST https://api.telegram.org/bot8476521610:AAFKJ_XrFUB5-reI1OjwvQ4vAPimyVMai3I/getUpdates "HTTP/1.1 200 OK"
2025-12-21 23:18:05,658 - httpx - INFO - HTTP Request: POST https://api.telegram.org/bot8476521610:AAFKJ_XrFUB5-reI1OjwvQ4vAPimyVMai3I/getUpdates "HTTP/1.1 200 OK"
2025-12-21 23:18:15,858 - httpx - INFO - HTTP Request: POST https://api.telegram.org/bot8476521610:AAFKJ_XrFUB5-reI1OjwvQ4vAPimyVMai3I/getUpdates "HTTP/1.1 200 OK"
2025-12-21 23:18:26,059 - httpx - INFO - HTTP Request: POST https://api.telegram.org/bot8476521610:AAFKJ_XrFUB5-reI1OjwvQ4vAPimyVMai3I/getUpdates "HTTP/1.1 200 OK"
2025-12-21 23:18:36,259 - httpx - INFO - HTTP Request: POST https://api.telegram.org/bot8476521610:AAFKJ_XrFUB5-reI1OjwvQ4vAPimyVMai3I/getUpdates "HTTP/1.1 200 OK"
2025-12-21 23:18:46,461 - httpx - INFO - HTTP Request: POST https://api.telegram.org/bot8476521610:AAFKJ_XrFUB5-reI1OjwvQ4vAPimyVMai3I/getUpdates "HTTP/1.1 200 OK"
2025-12-21 23:18:56,661 - httpx - INFO - HTTP Request: POST https://api.telegram.org/bot8476521610:AAFKJ_XrFUB5-reI1OjwvQ4vAPimyVMai3I/getUpdates "HTTP/1.1 200 OK"
2025-12-21 23:19:06,859 - httpx - INFO - HTTP Request: POST https://api.telegram.org/bot8476521610:AAFKJ_XrFUB5-reI1OjwvQ4vAPimyVMai3I/getUpdates "HTTP/1.1 200 OK"
2025-12-21 23:19:17,056 - httpx - INFO - HTTP Request: POST https://api.telegram.org/bot8476521610:AAFKJ_XrFUB5-reI1OjwvQ4vAPimyVMai3I/getUpdates "HTTP/1.1 200 OK"
2025-12-21 23:19:27,256 - httpx - INFO - HTTP Request: POST https://api.telegram.org/bot8476521610:AAFKJ_XrFUB5-reI1OjwvQ4vAPimyVMai3I/getUpdates "HTTP/1.1 200 OK"
2025-12-21 23:19:37,455 - httpx - INFO - HTTP Request: POST https://api.telegram.org/bot8476521610:AAFKJ_XrFUB5-reI1OjwvQ4vAPimyVMai3I/getUpdates "HTTP/1.1 200 OK"
2025-12-21 23:19:47,657 - httpx - INFO - HTTP Request: POST https://api.telegram.org/bot8476521610:AAFKJ_XrFUB5-reI1OjwvQ4vAPimyVMai3I/getUpdates "HTTP/1.1 200 OK"
2025-12-21 23:19:57,856 - httpx - INFO - HTTP Request: POST https://api.telegram.org/bot8476521610:AAFKJ_XrFUB5-reI1OjwvQ4vAPimyVMai3I/getUpdates "HTTP/1.1 200 OK"
2025-12-21 23:20:08,058 - httpx - INFO - HTTP Request: POST https://api.telegram.org/bot8476521610:AAFKJ_XrFUB5-reI1OjwvQ4vAPimyVMai3I/getUpdates "HTTP/1.1 200 OK"
2025-12-21 23:20:18,260 - httpx - INFO - HTTP Request: POST https://api.telegram.org/bot8476521610:AAFKJ_XrFUB5-reI1OjwvQ4vAPimyVMai3I/getUpdates "HTTP/1.1 200 OK"
2025-12-21 23:20:28,460 - httpx - INFO - HTTP Request: POST https://api.telegram.org/bot8476521610:AAFKJ_XrFUB5-reI1OjwvQ4vAPimyVMai3I/getUpdates "HTTP/1.1 200 OK"
2025-12-21 23:20:38,657 - httpx - INFO - HTTP Request: POST https://api.telegram.org/bot8476521610:AAFKJ_XrFUB5-reI1OjwvQ4vAPimyVMai3I/getUpdates "HTTP/1.1 200 OK"
2025-12-21 23:20:48,857 - httpx - INFO - HTTP Request: POST https://api.telegram.org/bot8476521610:AAFKJ_XrFUB5-reI1OjwvQ4vAPimyVMai3I/getUpdates "HTTP/1.1 200 OK"
2025-12-21 23:20:59,098 - httpx - INFO - HTTP Request: POST https://api.telegram.org/bot8476521610:AAFKJ_XrFUB5-reI1OjwvQ4vAPimyVMai3I/getUpdates "HTTP/1.1 200 OK"
2025-12-21 23:21:09,292 - httpx - INFO - HTTP Request: POST https://api.telegram.org/bot8476521610:AAFKJ_XrFUB5-reI1OjwvQ4vAPimyVMai3I/getUpdates "HTTP/1.1 200 OK"
2025-12-21 23:21:19,496 - httpx - INFO - HTTP Request: POST https://api.telegram.org/bot8476521610:AAFKJ_XrFUB5-reI1OjwvQ4vAPimyVMai3I/getUpdates "HTTP/1.1 200 OK"
2025-12-21 23:21:29,695 - httpx - INFO - HTTP Request: POST https://api.telegram.org/bot8476521610:AAFKJ_XrFUB5-reI1OjwvQ4vAPimyVMai3I/getUpdates "HTTP/1.1 200 OK"
2025-12-21 23:21:39,893 - httpx - INFO - HTTP Request: POST https://api.telegram.org/bot8476521610:AAFKJ_XrFUB5-reI1OjwvQ4vAPimyVMai3I/getUpdates "HTTP/1.1 200 OK"
2025-12-21 23:21:50,093 - httpx - INFO - HTTP Request: POST https://api.telegram.org/bot8476521610:AAFKJ_XrFUB5-reI1OjwvQ4vAPimyVMai3I/getUpdates "HTTP/1.1 200 OK"
2025-12-21 23:22:00,292 - httpx - INFO - HTTP Request: POST https://api.telegram.org/bot8476521610:AAFKJ_XrFUB5-reI1OjwvQ4vAPimyVMai3I/getUpdates "HTTP/1.1 200 OK"
2025-12-21 23:22:10,495 - httpx - INFO - HTTP Request: POST https://api.telegram.org/bot8476521610:AAFKJ_XrFUB5-reI1OjwvQ4vAPimyVMai3I/getUpdates "HTTP/1.1 200 OK"
2025-12-21 23:22:20,696 - httpx - INFO - HTTP Request: POST https://api.telegram.org/bot8476521610:AAFKJ_XrFUB5-reI1OjwvQ4vAPimyVMai3I/getUpdates "HTTP/1.1 200 OK"
2025-12-21 23:22:30,895 - httpx - INFO - HTTP Request: POST https://api.telegram.org/bot8476521610:AAFKJ_XrFUB5-reI1OjwvQ4vAPimyVMai3I/getUpdates "HTTP/1.1 200 OK"
2025-12-21 23:22:41,094 - httpx - INFO - HTTP Request: POST https://api.telegram.org/bot8476521610:AAFKJ_XrFUB5-reI1OjwvQ4vAPimyVMai3I/getUpdates "HTTP/1.1 200 OK"
2025-12-21 23:22:51,290 - httpx - INFO - HTTP Request: POST https://api.telegram.org/bot8476521610:AAFKJ_XrFUB5-reI1OjwvQ4vAPimyVMai3I/getUpdates "HTTP/1.1 200 OK"
2025-12-21 23:23:01,488 - httpx - INFO - HTTP Request: POST https://api.telegram.org/bot8476521610:AAFKJ_XrFUB5-reI1OjwvQ4vAPimyVMai3I/getUpdates "HTTP/1.1 200 OK"
2025-12-21 23:23:11,688 - httpx - INFO - HTTP Request: POST https://api.telegram.org/bot8476521610:AAFKJ_XrFUB5-reI1OjwvQ4vAPimyVMai3I/getUpdates "HTTP/1.1 200 OK"
2025-12-21 23:23:21,886 - httpx - INFO - HTTP Request: POST https://api.telegram.org/bot8476521610:AAFKJ_XrFUB5-reI1OjwvQ4vAPimyVMai3I/getUpdates "HTTP/1.1 200 OK"
2025-12-21 23:23:32,081 - httpx - INFO - HTTP Request: POST https://api.telegram.org/bot8476521610:AAFKJ_XrFUB5-reI1OjwvQ4vAPimyVMai3I/getUpdates "HTTP/1.1 200 OK"
2025-12-21 23:23:42,279 - httpx - INFO - HTTP Request: POST https://api.telegram.org/bot8476521610:AAFKJ_XrFUB5-reI1OjwvQ4vAPimyVMai3I/getUpdates "HTTP/1.1 200 OK"
2025-12-21 23:23:52,477 - httpx - INFO - HTTP Request: POST https://api.telegram.org/bot8476521610:AAFKJ_XrFUB5-reI1OjwvQ4vAPimyVMai3I/getUpdates "HTTP/1.1 200 OK"
2025-12-21 23:24:02,677 - httpx - INFO - HTTP Request: POST https://api.telegram.org/bot8476521610:AAFKJ_XrFUB5-reI1OjwvQ4vAPimyVMai3I/getUpdates "HTTP/1.1 200 OK"
2025-12-21 23:24:13,287 - httpx - INFO - HTTP Request: POST https://api.telegram.org/bot8476521610:AAFKJ_XrFUB5-reI1OjwvQ4vAPimyVMai3I/getUpdates "HTTP/1.1 200 OK"
2025-12-21 23:24:23,487 - httpx - INFO - HTTP Request: POST https://api.telegram.org/bot8476521610:AAFKJ_XrFUB5-reI1OjwvQ4vAPimyVMai3I/getUpdates "HTTP/1.1 200 OK"
2025-12-21 23:24:33,697 - httpx - INFO - HTTP Request: POST https://api.telegram.org/bot8476521610:AAFKJ_XrFUB5-reI1OjwvQ4vAPimyVMai3I/getUpdates "HTTP/1.1 200 OK"
2025-12-21 23:24:43,900 - httpx - INFO - HTTP Request: POST https://api.telegram.org/bot8476521610:AAFKJ_XrFUB5-reI1OjwvQ4vAPimyVMai3I/getUpdates "HTTP/1.1 200 OK"
2025-12-21 23:24:54,103 - httpx - INFO - HTTP Request: POST https://api.telegram.org/bot8476521610:AAFKJ_XrFUB5-reI1OjwvQ4vAPimyVMai3I/getUpdates "HTTP/1.1 200 OK"
2025-12-21 23:25:04,308 - httpx - INFO - HTTP Request: POST https://api.telegram.org/bot8476521610:AAFKJ_XrFUB5-reI1OjwvQ4vAPimyVMai3I/getUpdates "HTTP/1.1 200 OK"
2025-12-21 23:25:14,512 - httpx - INFO - HTTP Request: POST https://api.telegram.org/bot8476521610:AAFKJ_XrFUB5-reI1OjwvQ4vAPimyVMai3I/getUpdates "HTTP/1.1 200 OK"
2025-12-21 23:25:24,716 - httpx - INFO - HTTP Request: POST https://api.telegram.org/bot8476521610:AAFKJ_XrFUB5-reI1OjwvQ4vAPimyVMai3I/getUpdates "HTTP/1.1 200 OK"
2025-12-21 23:25:34,919 - httpx - INFO - HTTP Request: POST https://api.telegram.org/bot8476521610:AAFKJ_XrFUB5-reI1OjwvQ4vAPimyVMai3I/getUpdates "HTTP/1.1 200 OK"
2025-12-21 23:25:45,123 - httpx - INFO - HTTP Request: POST https://api.telegram.org/bot8476521610:AAFKJ_XrFUB5-reI1OjwvQ4vAPimyVMai3I/getUpdates "HTTP/1.1 200 OK"
2025-12-21 23:25:55,322 - httpx - INFO - HTTP Request: POST https://api.telegram.org/bot8476521610:AAFKJ_XrFUB5-reI1OjwvQ4vAPimyVMai3I/getUpdates "HTTP/1.1 200 OK"
2025-12-21 23:26:05,525 - httpx - INFO - HTTP Request: POST https://api.telegram.org/bot8476521610:AAFKJ_XrFUB5-reI1OjwvQ4vAPimyVMai3I/getUpdates "HTTP/1.1 200 OK"
2025-12-21 23:26:15,728 - httpx - INFO - HTTP Request: POST https://api.telegram.org/bot8476521610:AAFKJ_XrFUB5-reI1OjwvQ4vAPimyVMai3I/getUpdates "HTTP/1.1 200 OK"
2025-12-21 23:26:25,933 - httpx - INFO - HTTP Request: POST https://api.telegram.org/bot8476521610:AAFKJ_XrFUB5-reI1OjwvQ4vAPimyVMai3I/getUpdates "HTTP/1.1 200 OK"
2025-12-21 23:26:36,141 - httpx - INFO - HTTP Request: POST https://api.telegram.org/bot8476521610:AAFKJ_XrFUB5-reI1OjwvQ4vAPimyVMai3I/getUpdates "HTTP/1.1 200 OK"
2025-12-21 23:26:46,345 - httpx - INFO - HTTP Request: POST https://api.telegram.org/bot8476521610:AAFKJ_XrFUB5-reI1OjwvQ4vAPimyVMai3I/getUpdates "HTTP/1.1 200 OK"
2025-12-21 23:26:56,548 - httpx - INFO - HTTP Request: POST https://api.telegram.org/bot8476521610:AAFKJ_XrFUB5-reI1OjwvQ4vAPimyVMai3I/getUpdates "HTTP/1.1 200 OK"
2025-12-21 23:27:06,763 - httpx - INFO - HTTP Request: POST https://api.telegram.org/bot8476521610:AAFKJ_XrFUB5-reI1OjwvQ4vAPimyVMai3I/getUpdates "HTTP/1.1 200 OK"
2025-12-21 23:27:16,966 - httpx - INFO - HTTP Request: POST https://api.telegram.org/bot8476521610:AAFKJ_XrFUB5-reI1OjwvQ4vAPimyVMai3I/getUpdates "HTTP/1.1 200 OK"
2025-12-21 23:27:27,167 - httpx - INFO - HTTP Request: POST https://api.telegram.org/bot8476521610:AAFKJ_XrFUB5-reI1OjwvQ4vAPimyVMai3I/getUpdates "HTTP/1.1 200 OK"
2025-12-21 23:27:37,371 - httpx - INFO - HTTP Request: POST https://api.telegram.org/bot8476521610:AAFKJ_XrFUB5-reI1OjwvQ4vAPimyVMai3I/getUpdates "HTTP/1.1 200 OK"
2025-12-21 23:27:47,575 - httpx - INFO - HTTP Request: POST https://api.telegram.org/bot8476521610:AAFKJ_XrFUB5-reI1OjwvQ4vAPimyVMai3I/getUpdates "HTTP/1.1 200 OK"
2025-12-21 23:27:57,781 - httpx - INFO - HTTP Request: POST https://api.telegram.org/bot8476521610:AAFKJ_XrFUB5-reI1OjwvQ4vAPimyVMai3I/getUpdates "HTTP/1.1 200 OK"
2025-12-21 23:28:07,985 - httpx - INFO - HTTP Request: POST https://api.telegram.org/bot8476521610:AAFKJ_XrFUB5-reI1OjwvQ4vAPimyVMai3I/getUpdates "HTTP/1.1 200 OK"
2025-12-21 23:28:18,191 - httpx - INFO - HTTP Request: POST https://api.telegram.org/bot8476521610:AAFKJ_XrFUB5-reI1OjwvQ4vAPimyVMai3I/getUpdates "HTTP/1.1 200 OK"
2025-12-21 23:28:28,394 - httpx - INFO - HTTP Request: POST https://api.telegram.org/bot8476521610:AAFKJ_XrFUB5-reI1OjwvQ4vAPimyVMai3I/getUpdates "HTTP/1.1 200 OK"
2025-12-21 23:28:38,596 - httpx - INFO - HTTP Request: POST https://api.telegram.org/bot8476521610:AAFKJ_XrFUB5-reI1OjwvQ4vAPimyVMai3I/getUpdates "HTTP/1.1 200 OK"
2025-12-21 23:28:48,802 - httpx - INFO - HTTP Request: POST https://api.telegram.org/bot8476521610:AAFKJ_XrFUB5-reI1OjwvQ4vAPimyVMai3I/getUpdates "HTTP/1.1 200 OK"
2025-12-21 23:28:59,004 - httpx - INFO - HTTP Request: POST https://api.telegram.org/bot8476521610:AAFKJ_XrFUB5-reI1OjwvQ4vAPimyVMai3I/getUpdates "HTTP/1.1 200 OK"
2025-12-21 23:29:09,205 - httpx - INFO - HTTP Request: POST https://api.telegram.org/bot8476521610:AAFKJ_XrFUB5-reI1OjwvQ4vAPimyVMai3I/getUpdates "HTTP/1.1 200 OK"
2025-12-21 23:29:19,408 - httpx - INFO - HTTP Request: POST https://api.telegram.org/bot8476521610:AAFKJ_XrFUB5-reI1OjwvQ4vAPimyVMai3I/getUpdates "HTTP/1.1 200 OK"
2025-12-21 23:29:29,612 - httpx - INFO - HTTP Request: POST https://api.telegram.org/bot8476521610:AAFKJ_XrFUB5-reI1OjwvQ4vAPimyVMai3I/getUpdates "HTTP/1.1 200 OK"
2025-12-21 23:29:39,820 - httpx - INFO - HTTP Request: POST https://api.telegram.org/bot8476521610:AAFKJ_XrFUB5-reI1OjwvQ4vAPimyVMai3I/getUpdates "HTTP/1.1 200 OK"
2025-12-21 23:29:50,022 - httpx - INFO - HTTP Request: POST https://api.telegram.org/bot8476521610:AAFKJ_XrFUB5-reI1OjwvQ4vAPimyVMai3I/getUpdates "HTTP/1.1 200 OK"
2025-12-21 23:30:00,219 - httpx - INFO - HTTP Request: POST https://api.telegram.org/bot8476521610:AAFKJ_XrFUB5-reI1OjwvQ4vAPimyVMai3I/getUpdates "HTTP/1.1 200 OK"
2025-12-21 23:30:10,423 - httpx - INFO - HTTP Request: POST https://api.telegram.org/bot8476521610:AAFKJ_XrFUB5-reI1OjwvQ4vAPimyVMai3I/getUpdates "HTTP/1.1 200 OK"
2025-12-21 23:30:20,627 - httpx - INFO - HTTP Request: POST https://api.telegram.org/bot8476521610:AAFKJ_XrFUB5-reI1OjwvQ4vAPimyVMai3I/getUpdates "HTTP/1.1 200 OK"
2025-12-21 23:30:30,831 - httpx - INFO - HTTP Request: POST https://api.telegram.org/bot8476521610:AAFKJ_XrFUB5-reI1OjwvQ4vAPimyVMai3I/getUpdates "HTTP/1.1 200 OK"
2025-12-21 23:30:41,034 - httpx - INFO - HTTP Request: POST https://api.telegram.org/bot8476521610:AAFKJ_XrFUB5-reI1OjwvQ4vAPimyVMai3I/getUpdates "HTTP/1.1 200 OK"
2025-12-21 23:30:51,238 - httpx - INFO - HTTP Request: POST https://api.telegram.org/bot8476521610:AAFKJ_XrFUB5-reI1OjwvQ4vAPimyVMai3I/getUpdates "HTTP/1.1 200 OK"
2025-12-21 23:31:01,440 - httpx - INFO - HTTP Request: POST https://api.telegram.org/bot8476521610:AAFKJ_XrFUB5-reI1OjwvQ4vAPimyVMai3I/getUpdates "HTTP/1.1 200 OK"
2025-12-21 23:31:11,642 - httpx - INFO - HTTP Request: POST https://api.telegram.org/bot8476521610:AAFKJ_XrFUB5-reI1OjwvQ4vAPimyVMai3I/getUpdates "HTTP/1.1 200 OK"
2025-12-21 23:31:21,846 - httpx - INFO - HTTP Request: POST https://api.telegram.org/bot8476521610:AAFKJ_XrFUB5-reI1OjwvQ4vAPimyVMai3I/getUpdates "HTTP/1.1 200 OK"
2025-12-21 23:31:32,070 - httpx - INFO - HTTP Request: POST https://api.telegram.org/bot8476521610:AAFKJ_XrFUB5-reI1OjwvQ4vAPimyVMai3I/getUpdates "HTTP/1.1 200 OK"
2025-12-21 23:31:42,276 - httpx - INFO - HTTP Request: POST https://api.telegram.org/bot8476521610:AAFKJ_XrFUB5-reI1OjwvQ4vAPimyVMai3I/getUpdates "HTTP/1.1 200 OK"
2025-12-21 23:31:52,478 - httpx - INFO - HTTP Request: POST https://api.telegram.org/bot8476521610:AAFKJ_XrFUB5-reI1OjwvQ4vAPimyVMai3I/getUpdates "HTTP/1.1 200 OK"
2025-12-21 23:32:02,684 - httpx - INFO - HTTP Request: POST https://api.telegram.org/bot8476521610:AAFKJ_XrFUB5-reI1OjwvQ4vAPimyVMai3I/getUpdates "HTTP/1.1 200 OK"
2025-12-21 23:32:12,888 - httpx - INFO - HTTP Request: POST https://api.telegram.org/bot8476521610:AAFKJ_XrFUB5-reI1OjwvQ4vAPimyVMai3I/getUpdates "HTTP/1.1 200 OK"
2025-12-21 23:32:23,094 - httpx - INFO - HTTP Request: POST https://api.telegram.org/bot8476521610:AAFKJ_XrFUB5-reI1OjwvQ4vAPimyVMai3I/getUpdates "HTTP/1.1 200 OK"
2025-12-21 23:32:33,297 - httpx - INFO - HTTP Request: POST https://api.telegram.org/bot8476521610:AAFKJ_XrFUB5-reI1OjwvQ4vAPimyVMai3I/getUpdates "HTTP/1.1 200 OK"
2025-12-21 23:32:43,500 - httpx - INFO - HTTP Request: POST https://api.telegram.org/bot8476521610:AAFKJ_XrFUB5-reI1OjwvQ4vAPimyVMai3I/getUpdates "HTTP/1.1 200 OK"
2025-12-21 23:32:53,702 - httpx - INFO - HTTP Request: POST https://api.telegram.org/bot8476521610:AAFKJ_XrFUB5-reI1OjwvQ4vAPimyVMai3I/getUpdates "HTTP/1.1 200 OK"
2025-12-21 23:33:03,907 - httpx - INFO - HTTP Request: POST https://api.telegram.org/bot8476521610:AAFKJ_XrFUB5-reI1OjwvQ4vAPimyVMai3I/getUpdates "HTTP/1.1 200 OK"
2025-12-21 23:33:14,111 - httpx - INFO - HTTP Request: POST https://api.telegram.org/bot8476521610:AAFKJ_XrFUB5-reI1OjwvQ4vAPimyVMai3I/getUpdates "HTTP/1.1 200 OK"
2025-12-21 23:33:24,314 - httpx - INFO - HTTP Request: POST https://api.telegram.org/bot8476521610:AAFKJ_XrFUB5-reI1OjwvQ4vAPimyVMai3I/getUpdates "HTTP/1.1 200 OK"
2025-12-21 23:33:34,517 - httpx - INFO - HTTP Request: POST https://api.telegram.org/bot8476521610:AAFKJ_XrFUB5-reI1OjwvQ4vAPimyVMai3I/getUpdates "HTTP/1.1 200 OK"
2025-12-21 23:33:44,719 - httpx - INFO - HTTP Request: POST https://api.telegram.org/bot8476521610:AAFKJ_XrFUB5-reI1OjwvQ4vAPimyVMai3I/getUpdates "HTTP/1.1 200 OK"
2025-12-21 23:33:54,922 - httpx - INFO - HTTP Request: POST https://api.telegram.org/bot8476521610:AAFKJ_XrFUB5-reI1OjwvQ4vAPimyVMai3I/getUpdates "HTTP/1.1 200 OK"
2025-12-21 23:34:05,122 - httpx - INFO - HTTP Request: POST https://api.telegram.org/bot8476521610:AAFKJ_XrFUB5-reI1OjwvQ4vAPimyVMai3I/getUpdates "HTTP/1.1 200 OK"
2025-12-21 23:34:15,325 - httpx - INFO - HTTP Request: POST https://api.telegram.org/bot8476521610:AAFKJ_XrFUB5-reI1OjwvQ4vAPimyVMai3I/getUpdates "HTTP/1.1 200 OK"
2025-12-21 23:34:25,529 - httpx - INFO - HTTP Request: POST https://api.telegram.org/bot8476521610:AAFKJ_XrFUB5-reI1OjwvQ4vAPimyVMai3I/getUpdates "HTTP/1.1 200 OK"
2025-12-21 23:34:35,735 - httpx - INFO - HTTP Request: POST https://api.telegram.org/bot8476521610:AAFKJ_XrFUB5-reI1OjwvQ4vAPimyVMai3I/getUpdates "HTTP/1.1 200 OK"
2025-12-21 23:34:45,937 - httpx - INFO - HTTP Request: POST https://api.telegram.org/bot8476521610:AAFKJ_XrFUB5-reI1OjwvQ4vAPimyVMai3I/getUpdates "HTTP/1.1 200 OK"
2025-12-21 23:34:56,141 - httpx - INFO - HTTP Request: POST https://api.telegram.org/bot8476521610:AAFKJ_XrFUB5-reI1OjwvQ4vAPimyVMai3I/getUpdates "HTTP/1.1 200 OK"
2025-12-21 23:35:06,347 - httpx - INFO - HTTP Request: POST https://api.telegram.org/bot8476521610:AAFKJ_XrFUB5-reI1OjwvQ4vAPimyVMai3I/getUpdates "HTTP/1.1 200 OK"
2025-12-21 23:35:16,551 - httpx - INFO - HTTP Request: POST https://api.telegram.org/bot8476521610:AAFKJ_XrFUB5-reI1OjwvQ4vAPimyVMai3I/getUpdates "HTTP/1.1 200 OK"
2025-12-21 23:35:26,754 - httpx - INFO - HTTP Request: POST https://api.telegram.org/bot8476521610:AAFKJ_XrFUB5-reI1OjwvQ4vAPimyVMai3I/getUpdates "HTTP/1.1 200 OK"
2025-12-21 23:35:36,963 - httpx - INFO - HTTP Request: POST https://api.telegram.org/bot8476521610:AAFKJ_XrFUB5-reI1OjwvQ4vAPimyVMai3I/getUpdates "HTTP/1.1 200 OK"
2025-12-21 23:35:47,168 - httpx - INFO - HTTP Request: POST https://api.telegram.org/bot8476521610:AAFKJ_XrFUB5-reI1OjwvQ4vAPimyVMai3I/getUpdates "HTTP/1.1 200 OK"
2025-12-21 23:35:57,372 - httpx - INFO - HTTP Request: POST https://api.telegram.org/bot8476521610:AAFKJ_XrFUB5-reI1OjwvQ4vAPimyVMai3I/getUpdates "HTTP/1.1 200 OK"
2025-12-21 23:36:07,576 - httpx - INFO - HTTP Request: POST https://api.telegram.org/bot8476521610:AAFKJ_XrFUB5-reI1OjwvQ4vAPimyVMai3I/getUpdates "HTTP/1.1 200 OK"
2025-12-21 23:36:17,785 - httpx - INFO - HTTP Request: POST https://api.telegram.org/bot8476521610:AAFKJ_XrFUB5-reI1OjwvQ4vAPimyVMai3I/getUpdates "HTTP/1.1 200 OK"
2025-12-21 23:36:27,987 - httpx - INFO - HTTP Request: POST https://api.telegram.org/bot8476521610:AAFKJ_XrFUB5-reI1OjwvQ4vAPimyVMai3I/getUpdates "HTTP/1.1 200 OK"
2025-12-21 23:36:38,191 - httpx - INFO - HTTP Request: POST https://api.telegram.org/bot8476521610:AAFKJ_XrFUB5-reI1OjwvQ4vAPimyVMai3I/getUpdates "HTTP/1.1 200 OK"
2025-12-21 23:36:48,394 - httpx - INFO - HTTP Request: POST https://api.telegram.org/bot8476521610:AAFKJ_XrFUB5-reI1OjwvQ4vAPimyVMai3I/getUpdates "HTTP/1.1 200 OK"
2025-12-21 23:36:58,599 - httpx - INFO - HTTP Request: POST https://api.telegram.org/bot8476521610:AAFKJ_XrFUB5-reI1OjwvQ4vAPimyVMai3I/getUpdates "HTTP/1.1 200 OK"
2025-12-21 23:37:08,801 - httpx - INFO - HTTP Request: POST https://api.telegram.org/bot8476521610:AAFKJ_XrFUB5-reI1OjwvQ4vAPimyVMai3I/getUpdates "HTTP/1.1 200 OK"
2025-12-21 23:38:07,707 - root - ERROR - Exception while handling an update:
Traceback (most recent call last):
  File "C:\Users\otavi\.virtualenvs\701-eBRsCayT\lib\site-packages\httpx\_transports\default.py", line 101, in map_httpcore_exceptions
    yield
  File "C:\Users\otavi\.virtualenvs\701-eBRsCayT\lib\site-packages\httpx\_transports\default.py", line 394, in handle_async_request
    resp = await self._pool.handle_async_request(req)
  File "C:\Users\otavi\.virtualenvs\701-eBRsCayT\lib\site-packages\httpcore\_async\connection_pool.py", line 256, in handle_async_request
    raise exc from None
  File "C:\Users\otavi\.virtualenvs\701-eBRsCayT\lib\site-packages\httpcore\_async\connection_pool.py", line 236, in handle_async_request
    response = await connection.handle_async_request(
  File "C:\Users\otavi\.virtualenvs\701-eBRsCayT\lib\site-packages\httpcore\_async\connection.py", line 101, in handle_async_request
    raise exc
  File "C:\Users\otavi\.virtualenvs\701-eBRsCayT\lib\site-packages\httpcore\_async\connection.py", line 78, in handle_async_request
    stream = await self._connect(request)
  File "C:\Users\otavi\.virtualenvs\701-eBRsCayT\lib\site-packages\httpcore\_async\connection.py", line 124, in _connect
    stream = await self._network_backend.connect_tcp(**kwargs)
  File "C:\Users\otavi\.virtualenvs\701-eBRsCayT\lib\site-packages\httpcore\_backends\auto.py", line 31, in connect_tcp
    return await self._backend.connect_tcp(
  File "C:\Users\otavi\.virtualenvs\701-eBRsCayT\lib\site-packages\httpcore\_backends\anyio.py", line 113, in connect_tcp
    with map_exceptions(exc_map):
  File "C:\Users\otavi\AppData\Local\Programs\Python\Python310\lib\contextlib.py", line 153, in __exit__
    self.gen.throw(typ, value, traceback)
  File "C:\Users\otavi\.virtualenvs\701-eBRsCayT\lib\site-packages\httpcore\_exceptions.py", line 14, in map_exceptions
    raise to_exc(exc) from exc
httpcore.ConnectError: [Errno 11001] getaddrinfo failed

The above exception was the direct cause of the following exception:

Traceback (most recent call last):
  File "C:\Users\otavi\.virtualenvs\701-eBRsCayT\lib\site-packages\telegram\request\_httpxrequest.py", line 279, in do_request
    res = await self._client.request(
  File "C:\Users\otavi\.virtualenvs\701-eBRsCayT\lib\site-packages\httpx\_client.py", line 1540, in request
    return await self.send(request, auth=auth, follow_redirects=follow_redirects)
  File "C:\Users\otavi\.virtualenvs\701-eBRsCayT\lib\site-packages\httpx\_client.py", line 1629, in send
    response = await self._send_handling_auth(
  File "C:\Users\otavi\.virtualenvs\701-eBRsCayT\lib\site-packages\httpx\_client.py", line 1657, in _send_handling_auth
    response = await self._send_handling_redirects(
  File "C:\Users\otavi\.virtualenvs\701-eBRsCayT\lib\site-packages\httpx\_client.py", line 1694, in _send_handling_redirects
    response = await self._send_single_request(request)
  File "C:\Users\otavi\.virtualenvs\701-eBRsCayT\lib\site-packages\httpx\_client.py", line 1730, in _send_single_request
    response = await transport.handle_async_request(request)
  File "C:\Users\otavi\.virtualenvs\701-eBRsCayT\lib\site-packages\httpx\_transports\default.py", line 393, in handle_async_request
    with map_httpcore_exceptions():
  File "C:\Users\otavi\AppData\Local\Programs\Python\Python310\lib\contextlib.py", line 153, in __exit__
    self.gen.throw(typ, value, traceback)
  File "C:\Users\otavi\.virtualenvs\701-eBRsCayT\lib\site-packages\httpx\_transports\default.py", line 118, in map_httpcore_exceptions
    raise mapped_exc(message) from exc
httpx.ConnectError: [Errno 11001] getaddrinfo failed

The above exception was the direct cause of the following exception:

Traceback (most recent call last):
  File "C:\Users\otavi\.virtualenvs\701-eBRsCayT\lib\site-packages\telegram\ext\_utils\networkloop.py", line 134, in network_retry_loop
    await do_action()
  File "C:\Users\otavi\.virtualenvs\701-eBRsCayT\lib\site-packages\telegram\ext\_utils\networkloop.py", line 127, in do_action
    action_cb_task.result()
  File "C:\Users\otavi\.virtualenvs\701-eBRsCayT\lib\site-packages\telegram\ext\_updater.py", line 340, in polling_action_cb
    updates = await self.bot.get_updates(
  File "C:\Users\otavi\.virtualenvs\701-eBRsCayT\lib\site-packages\telegram\ext\_extbot.py", line 676, in get_updates
    updates = await super().get_updates(
  File "C:\Users\otavi\.virtualenvs\701-eBRsCayT\lib\site-packages\telegram\_bot.py", line 4780, in get_updates
    await self._post(
  File "C:\Users\otavi\.virtualenvs\701-eBRsCayT\lib\site-packages\telegram\_bot.py", line 703, in _post
    return await self._do_post(
  File "C:\Users\otavi\.virtualenvs\701-eBRsCayT\lib\site-packages\telegram\ext\_extbot.py", line 372, in _do_post
    return await super()._do_post(
  File "C:\Users\otavi\.virtualenvs\701-eBRsCayT\lib\site-packages\telegram\_bot.py", line 732, in _do_post
    result = await request.post(
  File "C:\Users\otavi\.virtualenvs\701-eBRsCayT\lib\site-packages\telegram\request\_baserequest.py", line 198, in post
    result = await self._request_wrapper(
  File "C:\Users\otavi\.virtualenvs\701-eBRsCayT\lib\site-packages\telegram\request\_baserequest.py", line 305, in _request_wrapper
    code, payload = await self.do_request(
  File "C:\Users\otavi\.virtualenvs\701-eBRsCayT\lib\site-packages\telegram\request\_httpxrequest.py", line 303, in do_request
    raise NetworkError(f"httpx.{err.__class__.__name__}: {err}") from err
telegram.error.NetworkError: httpx.ConnectError: [Errno 11001] getaddrinfo failed
2025-12-21 23:38:07,751 - telegram.ext.Application - ERROR - An error was raised and an uncaught error was raised while handling the error with an error_handler.
Traceback (most recent call last):
  File "C:\Users\otavi\.virtualenvs\701-eBRsCayT\lib\site-packages\telegram\ext\_application.py", line 1929, in process_error
    await callback(update, context)
  File "C:\Users\otavi\OneDrive\Documentos\GIT\701\src\bot.py", line 108, in error_handler
    #await context.bot.send_message(chat_id=chat_id, text=message, parse_mode=ParseMode.HTML)
AttributeError: 'NoneType' object has no attribute 'effective_message'
2025-12-21 23:38:20,125 - httpx - INFO - HTTP Request: POST https://api.telegram.org/bot8476521610:AAFKJ_XrFUB5-reI1OjwvQ4vAPimyVMai3I/getUpdates "HTTP/1.1 200 OK"
2025-12-21 23:38:30,326 - httpx - INFO - HTTP Request: POST https://api.telegram.org/bot8476521610:AAFKJ_XrFUB5-reI1OjwvQ4vAPimyVMai3I/getUpdates "HTTP/1.1 200 OK"
2025-12-21 23:38:40,523 - httpx - INFO - HTTP Request: POST https://api.telegram.org/bot8476521610:AAFKJ_XrFUB5-reI1OjwvQ4vAPimyVMai3I/getUpdates "HTTP/1.1 200 OK"
2025-12-21 23:38:50,721 - httpx - INFO - HTTP Request: POST https://api.telegram.org/bot8476521610:AAFKJ_XrFUB5-reI1OjwvQ4vAPimyVMai3I/getUpdates "HTTP/1.1 200 OK"
2025-12-21 23:39:00,921 - httpx - INFO - HTTP Request: POST https://api.telegram.org/bot8476521610:AAFKJ_XrFUB5-reI1OjwvQ4vAPimyVMai3I/getUpdates "HTTP/1.1 200 OK"
2025-12-21 23:39:11,121 - httpx - INFO - HTTP Request: POST https://api.telegram.org/bot8476521610:AAFKJ_XrFUB5-reI1OjwvQ4vAPimyVMai3I/getUpdates "HTTP/1.1 200 OK"
2025-12-21 23:39:21,319 - httpx - INFO - HTTP Request: POST https://api.telegram.org/bot8476521610:AAFKJ_XrFUB5-reI1OjwvQ4vAPimyVMai3I/getUpdates "HTTP/1.1 200 OK"
2025-12-21 23:39:31,520 - httpx - INFO - HTTP Request: POST https://api.telegram.org/bot8476521610:AAFKJ_XrFUB5-reI1OjwvQ4vAPimyVMai3I/getUpdates "HTTP/1.1 200 OK"
2025-12-21 23:39:41,719 - httpx - INFO - HTTP Request: POST https://api.telegram.org/bot8476521610:AAFKJ_XrFUB5-reI1OjwvQ4vAPimyVMai3I/getUpdates "HTTP/1.1 200 OK"
2025-12-21 23:39:51,926 - httpx - INFO - HTTP Request: POST https://api.telegram.org/bot8476521610:AAFKJ_XrFUB5-reI1OjwvQ4vAPimyVMai3I/getUpdates "HTTP/1.1 200 OK"
2025-12-21 23:40:02,131 - httpx - INFO - HTTP Request: POST https://api.telegram.org/bot8476521610:AAFKJ_XrFUB5-reI1OjwvQ4vAPimyVMai3I/getUpdates "HTTP/1.1 200 OK"
2025-12-21 23:40:12,335 - httpx - INFO - HTTP Request: POST https://api.telegram.org/bot8476521610:AAFKJ_XrFUB5-reI1OjwvQ4vAPimyVMai3I/getUpdates "HTTP/1.1 200 OK"
2025-12-21 23:40:22,540 - httpx - INFO - HTTP Request: POST https://api.telegram.org/bot8476521610:AAFKJ_XrFUB5-reI1OjwvQ4vAPimyVMai3I/getUpdates "HTTP/1.1 200 OK"
2025-12-21 23:40:32,740 - httpx - INFO - HTTP Request: POST https://api.telegram.org/bot8476521610:AAFKJ_XrFUB5-reI1OjwvQ4vAPimyVMai3I/getUpdates "HTTP/1.1 200 OK"
2025-12-21 23:40:42,952 - httpx - INFO - HTTP Request: POST https://api.telegram.org/bot8476521610:AAFKJ_XrFUB5-reI1OjwvQ4vAPimyVMai3I/getUpdates "HTTP/1.1 200 OK"
2025-12-21 23:40:53,155 - httpx - INFO - HTTP Request: POST https://api.telegram.org/bot8476521610:AAFKJ_XrFUB5-reI1OjwvQ4vAPimyVMai3I/getUpdates "HTTP/1.1 200 OK"
2025-12-21 23:41:03,362 - httpx - INFO - HTTP Request: POST https://api.telegram.org/bot8476521610:AAFKJ_XrFUB5-reI1OjwvQ4vAPimyVMai3I/getUpdates "HTTP/1.1 200 OK"
2025-12-21 23:41:13,566 - httpx - INFO - HTTP Request: POST https://api.telegram.org/bot8476521610:AAFKJ_XrFUB5-reI1OjwvQ4vAPimyVMai3I/getUpdates "HTTP/1.1 200 OK"
2025-12-21 23:41:23,773 - httpx - INFO - HTTP Request: POST https://api.telegram.org/bot8476521610:AAFKJ_XrFUB5-reI1OjwvQ4vAPimyVMai3I/getUpdates "HTTP/1.1 200 OK"
2025-12-21 23:41:33,976 - httpx - INFO - HTTP Request: POST https://api.telegram.org/bot8476521610:AAFKJ_XrFUB5-reI1OjwvQ4vAPimyVMai3I/getUpdates "HTTP/1.1 200 OK"
2025-12-21 23:41:44,182 - httpx - INFO - HTTP Request: POST https://api.telegram.org/bot8476521610:AAFKJ_XrFUB5-reI1OjwvQ4vAPimyVMai3I/getUpdates "HTTP/1.1 200 OK"
2025-12-21 23:41:54,387 - httpx - INFO - HTTP Request: POST https://api.telegram.org/bot8476521610:AAFKJ_XrFUB5-reI1OjwvQ4vAPimyVMai3I/getUpdates "HTTP/1.1 200 OK"
2025-12-21 23:42:04,590 - httpx - INFO - HTTP Request: POST https://api.telegram.org/bot8476521610:AAFKJ_XrFUB5-reI1OjwvQ4vAPimyVMai3I/getUpdates "HTTP/1.1 200 OK"
2025-12-21 23:42:14,794 - httpx - INFO - HTTP Request: POST https://api.telegram.org/bot8476521610:AAFKJ_XrFUB5-reI1OjwvQ4vAPimyVMai3I/getUpdates "HTTP/1.1 200 OK"
2025-12-21 23:42:25,000 - httpx - INFO - HTTP Request: POST https://api.telegram.org/bot8476521610:AAFKJ_XrFUB5-reI1OjwvQ4vAPimyVMai3I/getUpdates "HTTP/1.1 200 OK"
2025-12-21 23:42:35,204 - httpx - INFO - HTTP Request: POST https://api.telegram.org/bot8476521610:AAFKJ_XrFUB5-reI1OjwvQ4vAPimyVMai3I/getUpdates "HTTP/1.1 200 OK"
2025-12-21 23:42:45,410 - httpx - INFO - HTTP Request: POST https://api.telegram.org/bot8476521610:AAFKJ_XrFUB5-reI1OjwvQ4vAPimyVMai3I/getUpdates "HTTP/1.1 200 OK"
2025-12-21 23:42:55,614 - httpx - INFO - HTTP Request: POST https://api.telegram.org/bot8476521610:AAFKJ_XrFUB5-reI1OjwvQ4vAPimyVMai3I/getUpdates "HTTP/1.1 200 OK"
2025-12-21 23:43:05,818 - httpx - INFO - HTTP Request: POST https://api.telegram.org/bot8476521610:AAFKJ_XrFUB5-reI1OjwvQ4vAPimyVMai3I/getUpdates "HTTP/1.1 200 OK"
2025-12-21 23:43:16,023 - httpx - INFO - HTTP Request: POST https://api.telegram.org/bot8476521610:AAFKJ_XrFUB5-reI1OjwvQ4vAPimyVMai3I/getUpdates "HTTP/1.1 200 OK"
2025-12-21 23:43:26,228 - httpx - INFO - HTTP Request: POST https://api.telegram.org/bot8476521610:AAFKJ_XrFUB5-reI1OjwvQ4vAPimyVMai3I/getUpdates "HTTP/1.1 200 OK"
2025-12-21 23:43:36,434 - httpx - INFO - HTTP Request: POST https://api.telegram.org/bot8476521610:AAFKJ_XrFUB5-reI1OjwvQ4vAPimyVMai3I/getUpdates "HTTP/1.1 200 OK"
2025-12-21 23:43:46,641 - httpx - INFO - HTTP Request: POST https://api.telegram.org/bot8476521610:AAFKJ_XrFUB5-reI1OjwvQ4vAPimyVMai3I/getUpdates "HTTP/1.1 200 OK"
2025-12-21 23:43:56,847 - httpx - INFO - HTTP Request: POST https://api.telegram.org/bot8476521610:AAFKJ_XrFUB5-reI1OjwvQ4vAPimyVMai3I/getUpdates "HTTP/1.1 200 OK"
2025-12-21 23:44:07,049 - httpx - INFO - HTTP Request: POST https://api.telegram.org/bot8476521610:AAFKJ_XrFUB5-reI1OjwvQ4vAPimyVMai3I/getUpdates "HTTP/1.1 200 OK"
2025-12-21 23:44:17,249 - httpx - INFO - HTTP Request: POST https://api.telegram.org/bot8476521610:AAFKJ_XrFUB5-reI1OjwvQ4vAPimyVMai3I/getUpdates "HTTP/1.1 200 OK"
2025-12-21 23:44:27,454 - httpx - INFO - HTTP Request: POST https://api.telegram.org/bot8476521610:AAFKJ_XrFUB5-reI1OjwvQ4vAPimyVMai3I/getUpdates "HTTP/1.1 200 OK"
2025-12-21 23:44:37,658 - httpx - INFO - HTTP Request: POST https://api.telegram.org/bot8476521610:AAFKJ_XrFUB5-reI1OjwvQ4vAPimyVMai3I/getUpdates "HTTP/1.1 200 OK"
2025-12-21 23:44:47,864 - httpx - INFO - HTTP Request: POST https://api.telegram.org/bot8476521610:AAFKJ_XrFUB5-reI1OjwvQ4vAPimyVMai3I/getUpdates "HTTP/1.1 200 OK"
2025-12-21 23:44:58,069 - httpx - INFO - HTTP Request: POST https://api.telegram.org/bot8476521610:AAFKJ_XrFUB5-reI1OjwvQ4vAPimyVMai3I/getUpdates "HTTP/1.1 200 OK"
2025-12-21 23:45:08,274 - httpx - INFO - HTTP Request: POST https://api.telegram.org/bot8476521610:AAFKJ_XrFUB5-reI1OjwvQ4vAPimyVMai3I/getUpdates "HTTP/1.1 200 OK"
2025-12-21 23:45:18,479 - httpx - INFO - HTTP Request: POST https://api.telegram.org/bot8476521610:AAFKJ_XrFUB5-reI1OjwvQ4vAPimyVMai3I/getUpdates "HTTP/1.1 200 OK"
2025-12-21 23:45:28,683 - httpx - INFO - HTTP Request: POST https://api.telegram.org/bot8476521610:AAFKJ_XrFUB5-reI1OjwvQ4vAPimyVMai3I/getUpdates "HTTP/1.1 200 OK"
2025-12-21 23:45:38,888 - httpx - INFO - HTTP Request: POST https://api.telegram.org/bot8476521610:AAFKJ_XrFUB5-reI1OjwvQ4vAPimyVMai3I/getUpdates "HTTP/1.1 200 OK"
2025-12-21 23:45:49,093 - httpx - INFO - HTTP Request: POST https://api.telegram.org/bot8476521610:AAFKJ_XrFUB5-reI1OjwvQ4vAPimyVMai3I/getUpdates "HTTP/1.1 200 OK"
2025-12-21 23:45:59,302 - httpx - INFO - HTTP Request: POST https://api.telegram.org/bot8476521610:AAFKJ_XrFUB5-reI1OjwvQ4vAPimyVMai3I/getUpdates "HTTP/1.1 200 OK"
2025-12-21 23:46:09,506 - httpx - INFO - HTTP Request: POST https://api.telegram.org/bot8476521610:AAFKJ_XrFUB5-reI1OjwvQ4vAPimyVMai3I/getUpdates "HTTP/1.1 200 OK"
2025-12-21 23:46:19,710 - httpx - INFO - HTTP Request: POST https://api.telegram.org/bot8476521610:AAFKJ_XrFUB5-reI1OjwvQ4vAPimyVMai3I/getUpdates "HTTP/1.1 200 OK"
2025-12-21 23:46:29,916 - httpx - INFO - HTTP Request: POST https://api.telegram.org/bot8476521610:AAFKJ_XrFUB5-reI1OjwvQ4vAPimyVMai3I/getUpdates "HTTP/1.1 200 OK"
2025-12-21 23:46:40,120 - httpx - INFO - HTTP Request: POST https://api.telegram.org/bot8476521610:AAFKJ_XrFUB5-reI1OjwvQ4vAPimyVMai3I/getUpdates "HTTP/1.1 200 OK"
2025-12-21 23:46:50,325 - httpx - INFO - HTTP Request: POST https://api.telegram.org/bot8476521610:AAFKJ_XrFUB5-reI1OjwvQ4vAPimyVMai3I/getUpdates "HTTP/1.1 200 OK"
2025-12-21 23:47:00,535 - httpx - INFO - HTTP Request: POST https://api.telegram.org/bot8476521610:AAFKJ_XrFUB5-reI1OjwvQ4vAPimyVMai3I/getUpdates "HTTP/1.1 200 OK"
2025-12-21 23:47:10,742 - httpx - INFO - HTTP Request: POST https://api.telegram.org/bot8476521610:AAFKJ_XrFUB5-reI1OjwvQ4vAPimyVMai3I/getUpdates "HTTP/1.1 200 OK"
2025-12-21 23:47:20,945 - httpx - INFO - HTTP Request: POST https://api.telegram.org/bot8476521610:AAFKJ_XrFUB5-reI1OjwvQ4vAPimyVMai3I/getUpdates "HTTP/1.1 200 OK"
2025-12-21 23:47:31,152 - httpx - INFO - HTTP Request: POST https://api.telegram.org/bot8476521610:AAFKJ_XrFUB5-reI1OjwvQ4vAPimyVMai3I/getUpdates "HTTP/1.1 200 OK"
2025-12-21 23:47:41,362 - httpx - INFO - HTTP Request: POST https://api.telegram.org/bot8476521610:AAFKJ_XrFUB5-reI1OjwvQ4vAPimyVMai3I/getUpdates "HTTP/1.1 200 OK"
2025-12-21 23:47:51,567 - httpx - INFO - HTTP Request: POST https://api.telegram.org/bot8476521610:AAFKJ_XrFUB5-reI1OjwvQ4vAPimyVMai3I/getUpdates "HTTP/1.1 200 OK"
2025-12-21 23:48:01,770 - httpx - INFO - HTTP Request: POST https://api.telegram.org/bot8476521610:AAFKJ_XrFUB5-reI1OjwvQ4vAPimyVMai3I/getUpdates "HTTP/1.1 200 OK"
2025-12-21 23:48:11,978 - httpx - INFO - HTTP Request: POST https://api.telegram.org/bot8476521610:AAFKJ_XrFUB5-reI1OjwvQ4vAPimyVMai3I/getUpdates "HTTP/1.1 200 OK"
2025-12-21 23:48:22,190 - httpx - INFO - HTTP Request: POST https://api.telegram.org/bot8476521610:AAFKJ_XrFUB5-reI1OjwvQ4vAPimyVMai3I/getUpdates "HTTP/1.1 200 OK"
2025-12-21 23:48:32,393 - httpx - INFO - HTTP Request: POST https://api.telegram.org/bot8476521610:AAFKJ_XrFUB5-reI1OjwvQ4vAPimyVMai3I/getUpdates "HTTP/1.1 200 OK"
2025-12-21 23:48:42,600 - httpx - INFO - HTTP Request: POST https://api.telegram.org/bot8476521610:AAFKJ_XrFUB5-reI1OjwvQ4vAPimyVMai3I/getUpdates "HTTP/1.1 200 OK"
2025-12-21 23:48:52,809 - httpx - INFO - HTTP Request: POST https://api.telegram.org/bot8476521610:AAFKJ_XrFUB5-reI1OjwvQ4vAPimyVMai3I/getUpdates "HTTP/1.1 200 OK"
2025-12-21 23:49:03,012 - httpx - INFO - HTTP Request: POST https://api.telegram.org/bot8476521610:AAFKJ_XrFUB5-reI1OjwvQ4vAPimyVMai3I/getUpdates "HTTP/1.1 200 OK"
2025-12-21 23:49:13,216 - httpx - INFO - HTTP Request: POST https://api.telegram.org/bot8476521610:AAFKJ_XrFUB5-reI1OjwvQ4vAPimyVMai3I/getUpdates "HTTP/1.1 200 OK"
2025-12-21 23:49:23,416 - httpx - INFO - HTTP Request: POST https://api.telegram.org/bot8476521610:AAFKJ_XrFUB5-reI1OjwvQ4vAPimyVMai3I/getUpdates "HTTP/1.1 200 OK"
2025-12-21 23:49:33,622 - httpx - INFO - HTTP Request: POST https://api.telegram.org/bot8476521610:AAFKJ_XrFUB5-reI1OjwvQ4vAPimyVMai3I/getUpdates "HTTP/1.1 200 OK"
2025-12-21 23:49:43,828 - httpx - INFO - HTTP Request: POST https://api.telegram.org/bot8476521610:AAFKJ_XrFUB5-reI1OjwvQ4vAPimyVMai3I/getUpdates "HTTP/1.1 200 OK"
2025-12-21 23:49:54,033 - httpx - INFO - HTTP Request: POST https://api.telegram.org/bot8476521610:AAFKJ_XrFUB5-reI1OjwvQ4vAPimyVMai3I/getUpdates "HTTP/1.1 200 OK"
2025-12-21 23:50:04,238 - httpx - INFO - HTTP Request: POST https://api.telegram.org/bot8476521610:AAFKJ_XrFUB5-reI1OjwvQ4vAPimyVMai3I/getUpdates "HTTP/1.1 200 OK"
2025-12-21 23:50:14,443 - httpx - INFO - HTTP Request: POST https://api.telegram.org/bot8476521610:AAFKJ_XrFUB5-reI1OjwvQ4vAPimyVMai3I/getUpdates "HTTP/1.1 200 OK"
2025-12-21 23:50:24,648 - httpx - INFO - HTTP Request: POST https://api.telegram.org/bot8476521610:AAFKJ_XrFUB5-reI1OjwvQ4vAPimyVMai3I/getUpdates "HTTP/1.1 200 OK"
2025-12-21 23:50:34,853 - httpx - INFO - HTTP Request: POST https://api.telegram.org/bot8476521610:AAFKJ_XrFUB5-reI1OjwvQ4vAPimyVMai3I/getUpdates "HTTP/1.1 200 OK"
2025-12-21 23:50:45,060 - httpx - INFO - HTTP Request: POST https://api.telegram.org/bot8476521610:AAFKJ_XrFUB5-reI1OjwvQ4vAPimyVMai3I/getUpdates "HTTP/1.1 200 OK"
2025-12-21 23:50:55,263 - httpx - INFO - HTTP Request: POST https://api.telegram.org/bot8476521610:AAFKJ_XrFUB5-reI1OjwvQ4vAPimyVMai3I/getUpdates "HTTP/1.1 200 OK"
2025-12-21 23:51:05,468 - httpx - INFO - HTTP Request: POST https://api.telegram.org/bot8476521610:AAFKJ_XrFUB5-reI1OjwvQ4vAPimyVMai3I/getUpdates "HTTP/1.1 200 OK"
2025-12-21 23:51:15,674 - httpx - INFO - HTTP Request: POST https://api.telegram.org/bot8476521610:AAFKJ_XrFUB5-reI1OjwvQ4vAPimyVMai3I/getUpdates "HTTP/1.1 200 OK"
2025-12-21 23:51:25,879 - httpx - INFO - HTTP Request: POST https://api.telegram.org/bot8476521610:AAFKJ_XrFUB5-reI1OjwvQ4vAPimyVMai3I/getUpdates "HTTP/1.1 200 OK"
2025-12-21 23:51:36,094 - httpx - INFO - HTTP Request: POST https://api.telegram.org/bot8476521610:AAFKJ_XrFUB5-reI1OjwvQ4vAPimyVMai3I/getUpdates "HTTP/1.1 200 OK"
2025-12-21 23:51:46,300 - httpx - INFO - HTTP Request: POST https://api.telegram.org/bot8476521610:AAFKJ_XrFUB5-reI1OjwvQ4vAPimyVMai3I/getUpdates "HTTP/1.1 200 OK"
2025-12-21 23:51:56,506 - httpx - INFO - HTTP Request: POST https://api.telegram.org/bot8476521610:AAFKJ_XrFUB5-reI1OjwvQ4vAPimyVMai3I/getUpdates "HTTP/1.1 200 OK"
2025-12-21 23:52:06,714 - httpx - INFO - HTTP Request: POST https://api.telegram.org/bot8476521610:AAFKJ_XrFUB5-reI1OjwvQ4vAPimyVMai3I/getUpdates "HTTP/1.1 200 OK"
2025-12-21 23:52:16,920 - httpx - INFO - HTTP Request: POST https://api.telegram.org/bot8476521610:AAFKJ_XrFUB5-reI1OjwvQ4vAPimyVMai3I/getUpdates "HTTP/1.1 200 OK"
2025-12-21 23:52:27,123 - httpx - INFO - HTTP Request: POST https://api.telegram.org/bot8476521610:AAFKJ_XrFUB5-reI1OjwvQ4vAPimyVMai3I/getUpdates "HTTP/1.1 200 OK"
2025-12-21 23:52:37,327 - httpx - INFO - HTTP Request: POST https://api.telegram.org/bot8476521610:AAFKJ_XrFUB5-reI1OjwvQ4vAPimyVMai3I/getUpdates "HTTP/1.1 200 OK"
2025-12-21 23:52:47,531 - httpx - INFO - HTTP Request: POST https://api.telegram.org/bot8476521610:AAFKJ_XrFUB5-reI1OjwvQ4vAPimyVMai3I/getUpdates "HTTP/1.1 200 OK"
2025-12-21 23:52:57,735 - httpx - INFO - HTTP Request: POST https://api.telegram.org/bot8476521610:AAFKJ_XrFUB5-reI1OjwvQ4vAPimyVMai3I/getUpdates "HTTP/1.1 200 OK"
2025-12-21 23:53:07,939 - httpx - INFO - HTTP Request: POST https://api.telegram.org/bot8476521610:AAFKJ_XrFUB5-reI1OjwvQ4vAPimyVMai3I/getUpdates "HTTP/1.1 200 OK"
2025-12-21 23:53:18,142 - httpx - INFO - HTTP Request: POST https://api.telegram.org/bot8476521610:AAFKJ_XrFUB5-reI1OjwvQ4vAPimyVMai3I/getUpdates "HTTP/1.1 200 OK"
2025-12-21 23:53:28,347 - httpx - INFO - HTTP Request: POST https://api.telegram.org/bot8476521610:AAFKJ_XrFUB5-reI1OjwvQ4vAPimyVMai3I/getUpdates "HTTP/1.1 200 OK"
2025-12-21 23:53:38,552 - httpx - INFO - HTTP Request: POST https://api.telegram.org/bot8476521610:AAFKJ_XrFUB5-reI1OjwvQ4vAPimyVMai3I/getUpdates "HTTP/1.1 200 OK"
2025-12-21 23:53:48,758 - httpx - INFO - HTTP Request: POST https://api.telegram.org/bot8476521610:AAFKJ_XrFUB5-reI1OjwvQ4vAPimyVMai3I/getUpdates "HTTP/1.1 200 OK"
2025-12-23 21:57:40,895 - __main__ - INFO - 🤖 Starting Receipt Bot...
2025-12-23 21:57:40,897 - src.bot - INFO - Starting bot...
2025-12-23 21:57:41,610 - httpx - INFO - HTTP Request: POST https://api.telegram.org/bot8476521610:AAFKJ_XrFUB5-reI1OjwvQ4vAPimyVMai3I/getMe "HTTP/1.1 200 OK"
2025-12-23 21:57:41,826 - httpx - INFO - HTTP Request: POST https://api.telegram.org/bot8476521610:AAFKJ_XrFUB5-reI1OjwvQ4vAPimyVMai3I/deleteWebhook "HTTP/1.1 200 OK"
2025-12-23 21:57:41,834 - telegram.ext.Application - INFO - Application started
2025-12-23 21:57:52,473 - httpx - INFO - HTTP Request: POST https://api.telegram.org/bot8476521610:AAFKJ_XrFUB5-reI1OjwvQ4vAPimyVMai3I/getUpdates "HTTP/1.1 200 OK"
2025-12-23 21:58:02,685 - httpx - INFO - HTTP Request: POST https://api.telegram.org/bot8476521610:AAFKJ_XrFUB5-reI1OjwvQ4vAPimyVMai3I/getUpdates "HTTP/1.1 200 OK"
2025-12-23 21:58:12,901 - httpx - INFO - HTTP Request: POST https://api.telegram.org/bot8476521610:AAFKJ_XrFUB5-reI1OjwvQ4vAPimyVMai3I/getUpdates "HTTP/1.1 200 OK"
2025-12-23 21:58:16,839 - httpx - INFO - HTTP Request: POST https://api.telegram.org/bot8476521610:AAFKJ_XrFUB5-reI1OjwvQ4vAPimyVMai3I/getUpdates "HTTP/1.1 200 OK"
2025-12-23 21:58:16,844 - src.bot - INFO - User zotavioz (1051315576) - Action
2025-12-23 21:58:17,634 - httpx - INFO - HTTP Request: POST https://api.telegram.org/bot8476521610:AAFKJ_XrFUB5-reI1OjwvQ4vAPimyVMai3I/sendMessage "HTTP/1.1 200 OK"
2025-12-23 21:58:18,434 - httpx - INFO - HTTP Request: POST https://api.telegram.org/bot8476521610:AAFKJ_XrFUB5-reI1OjwvQ4vAPimyVMai3I/getFile "HTTP/1.1 200 OK"
2025-12-23 21:58:19,303 - httpx - INFO - HTTP Request: GET https://api.telegram.org/file/bot8476521610%3AAAFKJ_XrFUB5-reI1OjwvQ4vAPimyVMai3I/photos/file_1.jpg "HTTP/1.1 200 OK"
2025-12-23 21:58:20,113 - httpx - INFO - HTTP Request: POST https://api.telegram.org/bot8476521610:AAFKJ_XrFUB5-reI1OjwvQ4vAPimyVMai3I/sendMessage "HTTP/1.1 200 OK"
2025-12-23 21:58:25,638 - receipt.webscrapping - INFO - Scraping URL: https://portalsped.fazenda.mg.gov.br/portalnfce/sistema/qrcode.xhtml?p=31251232907983000807651030003471371304467089|2|1|1|eab3f9a7c4d6c821e950769c6b6f5e2571c19b52
2025-12-23 21:58:27,777 - receipt.webscrapping - INFO - Found 6 items
2025-12-23 21:58:30,294 - httpx - INFO - HTTP Request: POST https://api.telegram.org/bot8476521610:AAFKJ_XrFUB5-reI1OjwvQ4vAPimyVMai3I/getUpdates "HTTP/1.1 200 OK"
2025-12-23 21:58:31,088 - httpx - INFO - HTTP Request: POST https://api.telegram.org/bot8476521610:AAFKJ_XrFUB5-reI1OjwvQ4vAPimyVMai3I/sendMessage "HTTP/1.1 200 OK"
2025-12-23 21:58:34,668 - httpx - INFO - HTTP Request: POST https://api.telegram.org/bot8476521610:AAFKJ_XrFUB5-reI1OjwvQ4vAPimyVMai3I/getUpdates "HTTP/1.1 200 OK"
2025-12-23 21:58:34,670 - src.bot - INFO - User zotavioz (1051315576) - Action
2025-12-23 21:58:35,003 - httpx - INFO - HTTP Request: POST https://api.telegram.org/bot8476521610:AAFKJ_XrFUB5-reI1OjwvQ4vAPimyVMai3I/answerCallbackQuery "HTTP/1.1 200 OK"
2025-12-23 21:58:35,344 - httpx - INFO - HTTP Request: POST https://api.telegram.org/bot8476521610:AAFKJ_XrFUB5-reI1OjwvQ4vAPimyVMai3I/editMessageText "HTTP/1.1 200 OK"
2025-12-23 21:58:37,337 - httpx - INFO - HTTP Request: POST https://api.telegram.org/bot8476521610:AAFKJ_XrFUB5-reI1OjwvQ4vAPimyVMai3I/getUpdates "HTTP/1.1 200 OK"
2025-12-23 21:58:37,339 - src.bot - INFO - User zotavioz (1051315576) - Action
2025-12-23 21:58:37,673 - httpx - INFO - HTTP Request: POST https://api.telegram.org/bot8476521610:AAFKJ_XrFUB5-reI1OjwvQ4vAPimyVMai3I/answerCallbackQuery "HTTP/1.1 200 OK"
2025-12-23 21:58:38,019 - httpx - INFO - HTTP Request: POST https://api.telegram.org/bot8476521610:AAFKJ_XrFUB5-reI1OjwvQ4vAPimyVMai3I/editMessageText "HTTP/1.1 200 OK"
2025-12-23 21:58:47,553 - httpx - INFO - HTTP Request: POST https://api.telegram.org/bot8476521610:AAFKJ_XrFUB5-reI1OjwvQ4vAPimyVMai3I/getUpdates "HTTP/1.1 200 OK"
2025-12-23 21:58:55,804 - httpx - INFO - HTTP Request: POST https://api.telegram.org/bot8476521610:AAFKJ_XrFUB5-reI1OjwvQ4vAPimyVMai3I/getUpdates "HTTP/1.1 200 OK"
2025-12-23 21:58:55,806 - src.bot - INFO - User zotavioz (1051315576) - Action
2025-12-23 21:58:56,598 - httpx - INFO - HTTP Request: POST https://api.telegram.org/bot8476521610:AAFKJ_XrFUB5-reI1OjwvQ4vAPimyVMai3I/answerCallbackQuery "HTTP/1.1 200 OK"
2025-12-23 21:58:57,311 - httpx - INFO - HTTP Request: POST https://api.telegram.org/bot8476521610:AAFKJ_XrFUB5-reI1OjwvQ4vAPimyVMai3I/sendDocument "HTTP/1.1 200 OK"
2025-12-23 21:58:57,649 - httpx - INFO - HTTP Request: POST https://api.telegram.org/bot8476521610:AAFKJ_XrFUB5-reI1OjwvQ4vAPimyVMai3I/editMessageText "HTTP/1.1 200 OK"
2025-12-23 21:59:06,024 - httpx - INFO - HTTP Request: POST https://api.telegram.org/bot8476521610:AAFKJ_XrFUB5-reI1OjwvQ4vAPimyVMai3I/getUpdates "HTTP/1.1 200 OK"
2025-12-23 21:59:16,233 - httpx - INFO - HTTP Request: POST https://api.telegram.org/bot8476521610:AAFKJ_XrFUB5-reI1OjwvQ4vAPimyVMai3I/getUpdates "HTTP/1.1 200 OK"
2025-12-23 21:59:26,446 - httpx - INFO - HTTP Request: POST https://api.telegram.org/bot8476521610:AAFKJ_XrFUB5-reI1OjwvQ4vAPimyVMai3I/getUpdates "HTTP/1.1 200 OK"
2025-12-23 21:59:36,659 - httpx - INFO - HTTP Request: POST https://api.telegram.org/bot8476521610:AAFKJ_XrFUB5-reI1OjwvQ4vAPimyVMai3I/getUpdates "HTTP/1.1 200 OK"
2025-12-23 21:59:46,873 - httpx - INFO - HTTP Request: POST https://api.telegram.org/bot8476521610:AAFKJ_XrFUB5-reI1OjwvQ4vAPimyVMai3I/getUpdates "HTTP/1.1 200 OK"
2025-12-23 21:59:57,088 - httpx - INFO - HTTP Request: POST https://api.telegram.org/bot8476521610:AAFKJ_XrFUB5-reI1OjwvQ4vAPimyVMai3I/getUpdates "HTTP/1.1 200 OK"
2025-12-23 22:00:07,317 - httpx - INFO - HTTP Request: POST https://api.telegram.org/bot8476521610:AAFKJ_XrFUB5-reI1OjwvQ4vAPimyVMai3I/getUpdates "HTTP/1.1 200 OK"
2025-12-23 22:00:17,543 - httpx - INFO - HTTP Request: POST https://api.telegram.org/bot8476521610:AAFKJ_XrFUB5-reI1OjwvQ4vAPimyVMai3I/getUpdates "HTTP/1.1 200 OK"
2025-12-23 22:00:27,755 - httpx - INFO - HTTP Request: POST https://api.telegram.org/bot8476521610:AAFKJ_XrFUB5-reI1OjwvQ4vAPimyVMai3I/getUpdates "HTTP/1.1 200 OK"
2025-12-23 22:00:37,974 - httpx - INFO - HTTP Request: POST https://api.telegram.org/bot8476521610:AAFKJ_XrFUB5-reI1OjwvQ4vAPimyVMai3I/getUpdates "HTTP/1.1 200 OK"
2025-12-23 22:00:48,192 - httpx - INFO - HTTP Request: POST https://api.telegram.org/bot8476521610:AAFKJ_XrFUB5-reI1OjwvQ4vAPimyVMai3I/getUpdates "HTTP/1.1 200 OK"
2025-12-23 22:00:58,411 - httpx - INFO - HTTP Request: POST https://api.telegram.org/bot8476521610:AAFKJ_XrFUB5-reI1OjwvQ4vAPimyVMai3I/getUpdates "HTTP/1.1 200 OK"
2025-12-23 22:01:08,629 - httpx - INFO - HTTP Request: POST https://api.telegram.org/bot8476521610:AAFKJ_XrFUB5-reI1OjwvQ4vAPimyVMai3I/getUpdates "HTTP/1.1 200 OK"
2025-12-23 22:01:18,846 - httpx - INFO - HTTP Request: POST https://api.telegram.org/bot8476521610:AAFKJ_XrFUB5-reI1OjwvQ4vAPimyVMai3I/getUpdates "HTTP/1.1 200 OK"
2025-12-23 22:01:29,061 - httpx - INFO - HTTP Request: POST https://api.telegram.org/bot8476521610:AAFKJ_XrFUB5-reI1OjwvQ4vAPimyVMai3I/getUpdates "HTTP/1.1 200 OK"
2025-12-23 22:01:39,270 - httpx - INFO - HTTP Request: POST https://api.telegram.org/bot8476521610:AAFKJ_XrFUB5-reI1OjwvQ4vAPimyVMai3I/getUpdates "HTTP/1.1 200 OK"
2025-12-23 22:01:49,484 - httpx - INFO - HTTP Request: POST https://api.telegram.org/bot8476521610:AAFKJ_XrFUB5-reI1OjwvQ4vAPimyVMai3I/getUpdates "HTTP/1.1 200 OK"
2025-12-23 22:01:59,696 - httpx - INFO - HTTP Request: POST https://api.telegram.org/bot8476521610:AAFKJ_XrFUB5-reI1OjwvQ4vAPimyVMai3I/getUpdates "HTTP/1.1 200 OK"
2025-12-23 22:02:09,906 - httpx - INFO - HTTP Request: POST https://api.telegram.org/bot8476521610:AAFKJ_XrFUB5-reI1OjwvQ4vAPimyVMai3I/getUpdates "HTTP/1.1 200 OK"
2025-12-23 22:02:20,115 - httpx - INFO - HTTP Request: POST https://api.telegram.org/bot8476521610:AAFKJ_XrFUB5-reI1OjwvQ4vAPimyVMai3I/getUpdates "HTTP/1.1 200 OK"
2025-12-23 22:02:30,346 - httpx - INFO - HTTP Request: POST https://api.telegram.org/bot8476521610:AAFKJ_XrFUB5-reI1OjwvQ4vAPimyVMai3I/getUpdates "HTTP/1.1 200 OK"
2025-12-23 22:02:40,556 - httpx - INFO - HTTP Request: POST https://api.telegram.org/bot8476521610:AAFKJ_XrFUB5-reI1OjwvQ4vAPimyVMai3I/getUpdates "HTTP/1.1 200 OK"
2025-12-23 22:02:50,771 - httpx - INFO - HTTP Request: POST https://api.telegram.org/bot8476521610:AAFKJ_XrFUB5-reI1OjwvQ4vAPimyVMai3I/getUpdates "HTTP/1.1 200 OK"
2025-12-23 22:03:00,987 - httpx - INFO - HTTP Request: POST https://api.telegram.org/bot8476521610:AAFKJ_XrFUB5-reI1OjwvQ4vAPimyVMai3I/getUpdates "HTTP/1.1 200 OK"
2025-12-23 22:03:11,204 - httpx - INFO - HTTP Request: POST https://api.telegram.org/bot8476521610:AAFKJ_XrFUB5-reI1OjwvQ4vAPimyVMai3I/getUpdates "HTTP/1.1 200 OK"
2025-12-23 22:03:21,423 - httpx - INFO - HTTP Request: POST https://api.telegram.org/bot8476521610:AAFKJ_XrFUB5-reI1OjwvQ4vAPimyVMai3I/getUpdates "HTTP/1.1 200 OK"
2025-12-23 22:03:31,651 - httpx - INFO - HTTP Request: POST https://api.telegram.org/bot8476521610:AAFKJ_XrFUB5-reI1OjwvQ4vAPimyVMai3I/getUpdates "HTTP/1.1 200 OK"
2025-12-23 22:03:41,864 - httpx - INFO - HTTP Request: POST https://api.telegram.org/bot8476521610:AAFKJ_XrFUB5-reI1OjwvQ4vAPimyVMai3I/getUpdates "HTTP/1.1 200 OK"
2025-12-23 22:03:52,077 - httpx - INFO - HTTP Request: POST https://api.telegram.org/bot8476521610:AAFKJ_XrFUB5-reI1OjwvQ4vAPimyVMai3I/getUpdates "HTTP/1.1 200 OK"
2025-12-23 22:04:02,294 - httpx - INFO - HTTP Request: POST https://api.telegram.org/bot8476521610:AAFKJ_XrFUB5-reI1OjwvQ4vAPimyVMai3I/getUpdates "HTTP/1.1 200 OK"
2025-12-23 22:04:12,538 - httpx - INFO - HTTP Request: POST https://api.telegram.org/bot8476521610:AAFKJ_XrFUB5-reI1OjwvQ4vAPimyVMai3I/getUpdates "HTTP/1.1 200 OK"
2025-12-23 22:04:22,750 - httpx - INFO - HTTP Request: POST https://api.telegram.org/bot8476521610:AAFKJ_XrFUB5-reI1OjwvQ4vAPimyVMai3I/getUpdates "HTTP/1.1 200 OK"
2025-12-23 22:04:32,975 - httpx - INFO - HTTP Request: POST https://api.telegram.org/bot8476521610:AAFKJ_XrFUB5-reI1OjwvQ4vAPimyVMai3I/getUpdates "HTTP/1.1 200 OK"
2025-12-23 22:04:43,196 - httpx - INFO - HTTP Request: POST https://api.telegram.org/bot8476521610:AAFKJ_XrFUB5-reI1OjwvQ4vAPimyVMai3I/getUpdates "HTTP/1.1 200 OK"
2025-12-23 22:04:53,407 - httpx - INFO - HTTP Request: POST https://api.telegram.org/bot8476521610:AAFKJ_XrFUB5-reI1OjwvQ4vAPimyVMai3I/getUpdates "HTTP/1.1 200 OK"
2025-12-23 22:05:03,622 - httpx - INFO - HTTP Request: POST https://api.telegram.org/bot8476521610:AAFKJ_XrFUB5-reI1OjwvQ4vAPimyVMai3I/getUpdates "HTTP/1.1 200 OK"
2025-12-23 22:05:13,838 - httpx - INFO - HTTP Request: POST https://api.telegram.org/bot8476521610:AAFKJ_XrFUB5-reI1OjwvQ4vAPimyVMai3I/getUpdates "HTTP/1.1 200 OK"
2025-12-23 22:05:24,053 - httpx - INFO - HTTP Request: POST https://api.telegram.org/bot8476521610:AAFKJ_XrFUB5-reI1OjwvQ4vAPimyVMai3I/getUpdates "HTTP/1.1 200 OK"
2025-12-23 22:05:34,267 - httpx - INFO - HTTP Request: POST https://api.telegram.org/bot8476521610:AAFKJ_XrFUB5-reI1OjwvQ4vAPimyVMai3I/getUpdates "HTTP/1.1 200 OK"
2025-12-23 22:05:44,481 - httpx - INFO - HTTP Request: POST https://api.telegram.org/bot8476521610:AAFKJ_XrFUB5-reI1OjwvQ4vAPimyVMai3I/getUpdates "HTTP/1.1 200 OK"
2025-12-23 22:05:54,694 - httpx - INFO - HTTP Request: POST https://api.telegram.org/bot8476521610:AAFKJ_XrFUB5-reI1OjwvQ4vAPimyVMai3I/getUpdates "HTTP/1.1 200 OK"
2025-12-23 22:06:04,913 - httpx - INFO - HTTP Request: POST https://api.telegram.org/bot8476521610:AAFKJ_XrFUB5-reI1OjwvQ4vAPimyVMai3I/getUpdates "HTTP/1.1 200 OK"
2025-12-23 22:06:15,125 - httpx - INFO - HTTP Request: POST https://api.telegram.org/bot8476521610:AAFKJ_XrFUB5-reI1OjwvQ4vAPimyVMai3I/getUpdates "HTTP/1.1 200 OK"
2025-12-23 22:06:25,338 - httpx - INFO - HTTP Request: POST https://api.telegram.org/bot8476521610:AAFKJ_XrFUB5-reI1OjwvQ4vAPimyVMai3I/getUpdates "HTTP/1.1 200 OK"
2025-12-23 22:06:35,550 - httpx - INFO - HTTP Request: POST https://api.telegram.org/bot8476521610:AAFKJ_XrFUB5-reI1OjwvQ4vAPimyVMai3I/getUpdates "HTTP/1.1 200 OK"
2025-12-23 22:06:45,767 - httpx - INFO - HTTP Request: POST https://api.telegram.org/bot8476521610:AAFKJ_XrFUB5-reI1OjwvQ4vAPimyVMai3I/getUpdates "HTTP/1.1 200 OK"
2025-12-23 22:06:55,977 - httpx - INFO - HTTP Request: POST https://api.telegram.org/bot8476521610:AAFKJ_XrFUB5-reI1OjwvQ4vAPimyVMai3I/getUpdates "HTTP/1.1 200 OK"
2025-12-23 22:07:06,189 - httpx - INFO - HTTP Request: POST https://api.telegram.org/bot8476521610:AAFKJ_XrFUB5-reI1OjwvQ4vAPimyVMai3I/getUpdates "HTTP/1.1 200 OK"
2025-12-23 22:07:16,401 - httpx - INFO - HTTP Request: POST https://api.telegram.org/bot8476521610:AAFKJ_XrFUB5-reI1OjwvQ4vAPimyVMai3I/getUpdates "HTTP/1.1 200 OK"
2025-12-23 22:07:26,614 - httpx - INFO - HTTP Request: POST https://api.telegram.org/bot8476521610:AAFKJ_XrFUB5-reI1OjwvQ4vAPimyVMai3I/getUpdates "HTTP/1.1 200 OK"
2025-12-23 22:07:36,833 - httpx - INFO - HTTP Request: POST https://api.telegram.org/bot8476521610:AAFKJ_XrFUB5-reI1OjwvQ4vAPimyVMai3I/getUpdates "HTTP/1.1 200 OK"
2025-12-23 22:07:47,046 - httpx - INFO - HTTP Request: POST https://api.telegram.org/bot8476521610:AAFKJ_XrFUB5-reI1OjwvQ4vAPimyVMai3I/getUpdates "HTTP/1.1 200 OK"
2025-12-23 22:07:57,273 - httpx - INFO - HTTP Request: POST https://api.telegram.org/bot8476521610:AAFKJ_XrFUB5-reI1OjwvQ4vAPimyVMai3I/getUpdates "HTTP/1.1 200 OK"
2025-12-23 22:08:07,498 - httpx - INFO - HTTP Request: POST https://api.telegram.org/bot8476521610:AAFKJ_XrFUB5-reI1OjwvQ4vAPimyVMai3I/getUpdates "HTTP/1.1 200 OK"
2025-12-23 22:08:17,709 - httpx - INFO - HTTP Request: POST https://api.telegram.org/bot8476521610:AAFKJ_XrFUB5-reI1OjwvQ4vAPimyVMai3I/getUpdates "HTTP/1.1 200 OK"
2025-12-23 22:08:27,954 - httpx - INFO - HTTP Request: POST https://api.telegram.org/bot8476521610:AAFKJ_XrFUB5-reI1OjwvQ4vAPimyVMai3I/getUpdates "HTTP/1.1 200 OK"
2025-12-23 22:08:38,176 - httpx - INFO - HTTP Request: POST https://api.telegram.org/bot8476521610:AAFKJ_XrFUB5-reI1OjwvQ4vAPimyVMai3I/getUpdates "HTTP/1.1 200 OK"
2025-12-23 22:08:48,400 - httpx - INFO - HTTP Request: POST https://api.telegram.org/bot8476521610:AAFKJ_XrFUB5-reI1OjwvQ4vAPimyVMai3I/getUpdates "HTTP/1.1 200 OK"
2025-12-23 22:08:58,616 - httpx - INFO - HTTP Request: POST https://api.telegram.org/bot8476521610:AAFKJ_XrFUB5-reI1OjwvQ4vAPimyVMai3I/getUpdates "HTTP/1.1 200 OK"
2025-12-23 22:09:08,843 - httpx - INFO - HTTP Request: POST https://api.telegram.org/bot8476521610:AAFKJ_XrFUB5-reI1OjwvQ4vAPimyVMai3I/getUpdates "HTTP/1.1 200 OK"
2025-12-23 22:09:19,082 - httpx - INFO - HTTP Request: POST https://api.telegram.org/bot8476521610:AAFKJ_XrFUB5-reI1OjwvQ4vAPimyVMai3I/getUpdates "HTTP/1.1 200 OK"
2025-12-23 22:09:29,298 - httpx - INFO - HTTP Request: POST https://api.telegram.org/bot8476521610:AAFKJ_XrFUB5-reI1OjwvQ4vAPimyVMai3I/getUpdates "HTTP/1.1 200 OK"
2025-12-24 10:47:01,505 - __main__ - INFO - 🤖 Starting Receipt Bot...
2025-12-24 10:47:01,509 - src.bot - INFO - Starting bot...
2025-12-24 10:47:02,221 - httpx - INFO - HTTP Request: POST https://api.telegram.org/bot8476521610:AAFKJ_XrFUB5-reI1OjwvQ4vAPimyVMai3I/getMe "HTTP/1.1 200 OK"
2025-12-24 10:47:02,433 - httpx - INFO - HTTP Request: POST https://api.telegram.org/bot8476521610:AAFKJ_XrFUB5-reI1OjwvQ4vAPimyVMai3I/deleteWebhook "HTTP/1.1 200 OK"
2025-12-24 10:47:02,437 - telegram.ext.Application - INFO - Application started
2025-12-24 10:47:26,306 - __main__ - INFO - 🤖 Starting Receipt Bot...
2025-12-24 10:47:26,308 - src.bot - INFO - Starting bot...
2025-12-24 10:47:26,980 - httpx - INFO - HTTP Request: POST https://api.telegram.org/bot8476521610:AAFKJ_XrFUB5-reI1OjwvQ4vAPimyVMai3I/getMe "HTTP/1.1 200 OK"
2025-12-24 10:47:27,192 - httpx - INFO - HTTP Request: POST https://api.telegram.org/bot8476521610:AAFKJ_XrFUB5-reI1OjwvQ4vAPimyVMai3I/deleteWebhook "HTTP/1.1 200 OK"
2025-12-24 10:47:27,198 - telegram.ext.Application - INFO - Application started
2025-12-24 10:47:37,858 - httpx - INFO - HTTP Request: POST https://api.telegram.org/bot8476521610:AAFKJ_XrFUB5-reI1OjwvQ4vAPimyVMai3I/getUpdates "HTTP/1.1 200 OK"
2025-12-24 10:47:48,085 - httpx - INFO - HTTP Request: POST https://api.telegram.org/bot8476521610:AAFKJ_XrFUB5-reI1OjwvQ4vAPimyVMai3I/getUpdates "HTTP/1.1 200 OK"
2025-12-24 10:47:53,560 - httpx - INFO - HTTP Request: POST https://api.telegram.org/bot8476521610:AAFKJ_XrFUB5-reI1OjwvQ4vAPimyVMai3I/getUpdates "HTTP/1.1 200 OK"
2025-12-24 10:47:53,564 - src.bot - INFO - User zotavioz (1051315576) - Action
2025-12-24 10:47:54,373 - httpx - INFO - HTTP Request: POST https://api.telegram.org/bot8476521610:AAFKJ_XrFUB5-reI1OjwvQ4vAPimyVMai3I/sendMessage "HTTP/1.1 200 OK"
2025-12-24 10:47:54,605 - httpx - INFO - HTTP Request: POST https://api.telegram.org/bot8476521610:AAFKJ_XrFUB5-reI1OjwvQ4vAPimyVMai3I/getFile "HTTP/1.1 200 OK"
2025-12-24 10:47:54,866 - httpx - INFO - HTTP Request: GET https://api.telegram.org/file/bot8476521610%3AAAFKJ_XrFUB5-reI1OjwvQ4vAPimyVMai3I/photos/file_1.jpg "HTTP/1.1 200 OK"
2025-12-24 10:47:57,028 - httpx - INFO - HTTP Request: POST https://api.telegram.org/bot8476521610:AAFKJ_XrFUB5-reI1OjwvQ4vAPimyVMai3I/sendMessage "HTTP/1.1 200 OK"
2025-12-24 10:48:02,121 - receipt.webscrapping - INFO - Scraping URL: https://portalsped.fazenda.mg.gov.br/portalnfce/sistema/qrcode.xhtml?p=31251232907983000807651030003471371304467089|2|1|1|eab3f9a7c4d6c821e950769c6b6f5e2571c19b52
2025-12-24 11:23:24,417 - __main__ - INFO - 🤖 Starting Receipt Bot...
2025-12-24 11:23:24,418 - src.bot - INFO - Starting bot...
2025-12-24 11:23:25,054 - httpx - INFO - HTTP Request: POST https://api.telegram.org/bot8476521610:AAFKJ_XrFUB5-reI1OjwvQ4vAPimyVMai3I/getMe "HTTP/1.1 200 OK"
2025-12-24 11:23:25,262 - httpx - INFO - HTTP Request: POST https://api.telegram.org/bot8476521610:AAFKJ_XrFUB5-reI1OjwvQ4vAPimyVMai3I/deleteWebhook "HTTP/1.1 200 OK"
2025-12-24 11:23:25,264 - telegram.ext.Application - INFO - Application started
2025-12-24 11:23:35,861 - httpx - INFO - HTTP Request: POST https://api.telegram.org/bot8476521610:AAFKJ_XrFUB5-reI1OjwvQ4vAPimyVMai3I/getUpdates "HTTP/1.1 200 OK"
2025-12-24 11:23:38,155 - httpx - INFO - HTTP Request: POST https://api.telegram.org/bot8476521610:AAFKJ_XrFUB5-reI1OjwvQ4vAPimyVMai3I/getUpdates "HTTP/1.1 200 OK"
2025-12-24 11:23:38,159 - src.bot - INFO - User zotavioz (1051315576) - Action
2025-12-24 11:23:38,939 - httpx - INFO - HTTP Request: POST https://api.telegram.org/bot8476521610:AAFKJ_XrFUB5-reI1OjwvQ4vAPimyVMai3I/sendMessage "HTTP/1.1 200 OK"
2025-12-24 11:23:39,155 - httpx - INFO - HTTP Request: POST https://api.telegram.org/bot8476521610:AAFKJ_XrFUB5-reI1OjwvQ4vAPimyVMai3I/getFile "HTTP/1.1 200 OK"
2025-12-24 11:23:39,387 - httpx - INFO - HTTP Request: GET https://api.telegram.org/file/bot8476521610%3AAAFKJ_XrFUB5-reI1OjwvQ4vAPimyVMai3I/photos/file_1.jpg "HTTP/1.1 200 OK"
2025-12-24 11:23:40,491 - httpx - INFO - HTTP Request: POST https://api.telegram.org/bot8476521610:AAFKJ_XrFUB5-reI1OjwvQ4vAPimyVMai3I/sendMessage "HTTP/1.1 200 OK"
2025-12-24 11:23:42,724 - receipt.webscrapping - INFO - Scraping URL: https://portalsped.fazenda.mg.gov.br/portalnfce/sistema/qrcode.xhtml?p=31251232907983000807651030003471371304467089|2|1|1|eab3f9a7c4d6c821e950769c6b6f5e2571c19b52
2025-12-24 11:23:44,951 - receipt.webscrapping - ERROR - Scraping error: Product.__init__() missing 1 required positional argument: 'unity'
2025-12-24 11:23:48,139 - httpx - INFO - HTTP Request: POST https://api.telegram.org/bot8476521610:AAFKJ_XrFUB5-reI1OjwvQ4vAPimyVMai3I/sendMessage "HTTP/1.1 200 OK"
2025-12-24 11:23:48,368 - httpx - INFO - HTTP Request: POST https://api.telegram.org/bot8476521610:AAFKJ_XrFUB5-reI1OjwvQ4vAPimyVMai3I/getUpdates "HTTP/1.1 200 OK"
2025-12-24 11:23:58,572 - httpx - INFO - HTTP Request: POST https://api.telegram.org/bot8476521610:AAFKJ_XrFUB5-reI1OjwvQ4vAPimyVMai3I/getUpdates "HTTP/1.1 200 OK"
2025-12-24 11:24:08,804 - httpx - INFO - HTTP Request: POST https://api.telegram.org/bot8476521610:AAFKJ_XrFUB5-reI1OjwvQ4vAPimyVMai3I/getUpdates "HTTP/1.1 200 OK"
2025-12-24 11:24:21,564 - __main__ - INFO - 🤖 Starting Receipt Bot...
2025-12-24 11:24:21,565 - src.bot - INFO - Starting bot...
2025-12-24 11:24:22,190 - httpx - INFO - HTTP Request: POST https://api.telegram.org/bot8476521610:AAFKJ_XrFUB5-reI1OjwvQ4vAPimyVMai3I/getMe "HTTP/1.1 200 OK"
2025-12-24 11:24:22,397 - httpx - INFO - HTTP Request: POST https://api.telegram.org/bot8476521610:AAFKJ_XrFUB5-reI1OjwvQ4vAPimyVMai3I/deleteWebhook "HTTP/1.1 200 OK"
2025-12-24 11:24:22,399 - telegram.ext.Application - INFO - Application started
2025-12-24 11:24:33,047 - httpx - INFO - HTTP Request: POST https://api.telegram.org/bot8476521610:AAFKJ_XrFUB5-reI1OjwvQ4vAPimyVMai3I/getUpdates "HTTP/1.1 200 OK"
2025-12-24 11:24:34,908 - httpx - INFO - HTTP Request: POST https://api.telegram.org/bot8476521610:AAFKJ_XrFUB5-reI1OjwvQ4vAPimyVMai3I/getUpdates "HTTP/1.1 200 OK"
2025-12-24 11:24:34,913 - src.bot - INFO - User zotavioz (1051315576) - Action
2025-12-24 11:24:35,688 - httpx - INFO - HTTP Request: POST https://api.telegram.org/bot8476521610:AAFKJ_XrFUB5-reI1OjwvQ4vAPimyVMai3I/sendMessage "HTTP/1.1 200 OK"
2025-12-24 11:24:35,900 - httpx - INFO - HTTP Request: POST https://api.telegram.org/bot8476521610:AAFKJ_XrFUB5-reI1OjwvQ4vAPimyVMai3I/getFile "HTTP/1.1 200 OK"
2025-12-24 11:24:36,526 - httpx - INFO - HTTP Request: GET https://api.telegram.org/file/bot8476521610%3AAAFKJ_XrFUB5-reI1OjwvQ4vAPimyVMai3I/photos/file_1.jpg "HTTP/1.1 200 OK"
2025-12-24 11:24:37,485 - httpx - INFO - HTTP Request: POST https://api.telegram.org/bot8476521610:AAFKJ_XrFUB5-reI1OjwvQ4vAPimyVMai3I/sendMessage "HTTP/1.1 200 OK"
2025-12-24 11:24:39,740 - receipt.webscrapping - INFO - Scraping URL: https://portalsped.fazenda.mg.gov.br/portalnfce/sistema/qrcode.xhtml?p=31251232907983000807651030003471371304467089|2|1|1|eab3f9a7c4d6c821e950769c6b6f5e2571c19b52
2025-12-24 11:24:44,954 - httpx - INFO - HTTP Request: POST https://api.telegram.org/bot8476521610:AAFKJ_XrFUB5-reI1OjwvQ4vAPimyVMai3I/sendMessage "HTTP/1.1 200 OK"
2025-12-24 11:24:45,135 - httpx - INFO - HTTP Request: POST https://api.telegram.org/bot8476521610:AAFKJ_XrFUB5-reI1OjwvQ4vAPimyVMai3I/getUpdates "HTTP/1.1 200 OK"
2025-12-24 11:24:48,106 - httpx - INFO - HTTP Request: POST https://api.telegram.org/bot8476521610:AAFKJ_XrFUB5-reI1OjwvQ4vAPimyVMai3I/getUpdates "HTTP/1.1 200 OK"
2025-12-24 11:24:48,112 - src.bot - INFO - User zotavioz (1051315576) - Action
2025-12-24 11:24:48,449 - httpx - INFO - HTTP Request: POST https://api.telegram.org/bot8476521610:AAFKJ_XrFUB5-reI1OjwvQ4vAPimyVMai3I/answerCallbackQuery "HTTP/1.1 200 OK"
2025-12-24 11:24:48,459 - httpx - INFO - HTTP Request: POST https://api.telegram.org/bot8476521610:AAFKJ_XrFUB5-reI1OjwvQ4vAPimyVMai3I/getUpdates "HTTP/1.1 200 OK"
2025-12-24 11:24:48,807 - httpx - INFO - HTTP Request: POST https://api.telegram.org/bot8476521610:AAFKJ_XrFUB5-reI1OjwvQ4vAPimyVMai3I/editMessageText "HTTP/1.1 200 OK"
2025-12-24 11:24:48,814 - src.bot - INFO - User zotavioz (1051315576) - Action
2025-12-24 11:24:49,159 - httpx - INFO - HTTP Request: POST https://api.telegram.org/bot8476521610:AAFKJ_XrFUB5-reI1OjwvQ4vAPimyVMai3I/answerCallbackQuery "HTTP/1.1 200 OK"
2025-12-24 11:24:50,461 - httpx - INFO - HTTP Request: POST https://api.telegram.org/bot8476521610:AAFKJ_XrFUB5-reI1OjwvQ4vAPimyVMai3I/getUpdates "HTTP/1.1 200 OK"
2025-12-24 11:24:50,927 - httpx - INFO - HTTP Request: POST https://api.telegram.org/bot8476521610:AAFKJ_XrFUB5-reI1OjwvQ4vAPimyVMai3I/editMessageText "HTTP/1.1 200 OK"
2025-12-24 11:24:50,932 - src.bot - INFO - User zotavioz (1051315576) - Action
2025-12-24 11:24:51,280 - httpx - INFO - HTTP Request: POST https://api.telegram.org/bot8476521610:AAFKJ_XrFUB5-reI1OjwvQ4vAPimyVMai3I/answerCallbackQuery "HTTP/1.1 200 OK"
2025-12-24 11:24:51,640 - httpx - INFO - HTTP Request: POST https://api.telegram.org/bot8476521610:AAFKJ_XrFUB5-reI1OjwvQ4vAPimyVMai3I/editMessageText "HTTP/1.1 400 Bad Request"
2025-12-24 11:24:51,645 - src.bot - ERROR - Handler error: Message is not modified: specified new message content and reply markup are exactly the same as a current content and reply markup of the message
2025-12-24 11:24:51,646 - root - ERROR - Exception while handling an update:
2025-12-24 11:24:51,647 - root - ERROR - Exception while handling an update:
Traceback (most recent call last):
  File "C:\Users\otavi\OneDrive\Documentos\GIT\701\src\bot.py", line 67, in wrapped_handler
    return await handler_func(update, context)
  File "C:\Users\otavi\OneDrive\Documentos\GIT\701\src\bot.py", line 140, in handle_button_click
    await self.receipt.select_items(update, user_id, data)
  File "C:\Users\otavi\OneDrive\Documentos\GIT\701\handler\receipt.py", line 73, in select_items
    await self.send_item_selection(update, user_id, items)
  File "C:\Users\otavi\OneDrive\Documentos\GIT\701\handler\receipt.py", line 128, in send_item_selection
    await update.callback_query.edit_message_text(
  File "C:\Users\otavi\.virtualenvs\701-eBRsCayT\lib\site-packages\telegram\_callbackquery.py", line 268, in edit_message_text
    return await self._get_message().edit_text(
  File "C:\Users\otavi\.virtualenvs\701-eBRsCayT\lib\site-packages\telegram\_message.py", line 4142, in edit_text
    return await self.get_bot().edit_message_text(
  File "C:\Users\otavi\.virtualenvs\701-eBRsCayT\lib\site-packages\telegram\ext\_extbot.py", line 1735, in edit_message_text
    return await super().edit_message_text(
  File "C:\Users\otavi\.virtualenvs\701-eBRsCayT\lib\site-packages\telegram\_bot.py", line 4463, in edit_message_text
    return await self._send_message(
  File "C:\Users\otavi\.virtualenvs\701-eBRsCayT\lib\site-packages\telegram\ext\_extbot.py", line 634, in _send_message
    result = await super()._send_message(
  File "C:\Users\otavi\.virtualenvs\701-eBRsCayT\lib\site-packages\telegram\_bot.py", line 819, in _send_message
    result = await self._post(
  File "C:\Users\otavi\.virtualenvs\701-eBRsCayT\lib\site-packages\telegram\_bot.py", line 703, in _post
    return await self._do_post(
  File "C:\Users\otavi\.virtualenvs\701-eBRsCayT\lib\site-packages\telegram\ext\_extbot.py", line 372, in _do_post
    return await super()._do_post(
  File "C:\Users\otavi\.virtualenvs\701-eBRsCayT\lib\site-packages\telegram\_bot.py", line 732, in _do_post
    result = await request.post(
  File "C:\Users\otavi\.virtualenvs\701-eBRsCayT\lib\site-packages\telegram\request\_baserequest.py", line 198, in post
    result = await self._request_wrapper(
  File "C:\Users\otavi\.virtualenvs\701-eBRsCayT\lib\site-packages\telegram\request\_baserequest.py", line 375, in _request_wrapper
    raise exception
telegram.error.BadRequest: Message is not modified: specified new message content and reply markup are exactly the same as a current content and reply markup of the message

During handling of the above exception, another exception occurred:

Traceback (most recent call last):
  File "C:\Users\otavi\.virtualenvs\701-eBRsCayT\lib\site-packages\telegram\ext\_application.py", line 1315, in process_update
    await coroutine
  File "C:\Users\otavi\.virtualenvs\701-eBRsCayT\lib\site-packages\telegram\ext\_handlers\basehandler.py", line 159, in handle_update
    return await self.callback(update, context)
  File "C:\Users\otavi\OneDrive\Documentos\GIT\701\src\bot.py", line 70, in wrapped_handler
    await self.error_handler(update, context)
  File "C:\Users\otavi\OneDrive\Documentos\GIT\701\src\bot.py", line 99, in error_handler
    tb_list = traceback.format_exception(None, context.error, context.error.__traceback__)
AttributeError: 'NoneType' object has no attribute '__traceback__'
2025-12-24 11:24:52,153 - httpx - INFO - HTTP Request: POST https://api.telegram.org/bot8476521610:AAFKJ_XrFUB5-reI1OjwvQ4vAPimyVMai3I/sendMessage "HTTP/1.1 200 OK"
2025-12-24 11:24:52,277 - httpx - INFO - HTTP Request: POST https://api.telegram.org/bot8476521610:AAFKJ_XrFUB5-reI1OjwvQ4vAPimyVMai3I/getUpdates "HTTP/1.1 200 OK"
2025-12-24 11:24:52,280 - src.bot - INFO - User zotavioz (1051315576) - Action
2025-12-24 11:24:52,914 - httpx - INFO - HTTP Request: POST https://api.telegram.org/bot8476521610:AAFKJ_XrFUB5-reI1OjwvQ4vAPimyVMai3I/answerCallbackQuery "HTTP/1.1 200 OK"
2025-12-24 11:24:53,274 - httpx - INFO - HTTP Request: POST https://api.telegram.org/bot8476521610:AAFKJ_XrFUB5-reI1OjwvQ4vAPimyVMai3I/editMessageText "HTTP/1.1 200 OK"
2025-12-24 11:24:53,895 - httpx - INFO - HTTP Request: POST https://api.telegram.org/bot8476521610:AAFKJ_XrFUB5-reI1OjwvQ4vAPimyVMai3I/getUpdates "HTTP/1.1 200 OK"
2025-12-24 11:24:53,905 - src.bot - INFO - User zotavioz (1051315576) - Action
2025-12-24 11:24:54,238 - httpx - INFO - HTTP Request: POST https://api.telegram.org/bot8476521610:AAFKJ_XrFUB5-reI1OjwvQ4vAPimyVMai3I/answerCallbackQuery "HTTP/1.1 200 OK"
2025-12-24 11:24:54,596 - httpx - INFO - HTTP Request: POST https://api.telegram.org/bot8476521610:AAFKJ_XrFUB5-reI1OjwvQ4vAPimyVMai3I/editMessageText "HTTP/1.1 200 OK"
2025-12-24 11:24:55,237 - httpx - INFO - HTTP Request: POST https://api.telegram.org/bot8476521610:AAFKJ_XrFUB5-reI1OjwvQ4vAPimyVMai3I/getUpdates "HTTP/1.1 200 OK"
2025-12-24 11:24:55,244 - src.bot - INFO - User zotavioz (1051315576) - Action
2025-12-24 11:24:55,580 - httpx - INFO - HTTP Request: POST https://api.telegram.org/bot8476521610:AAFKJ_XrFUB5-reI1OjwvQ4vAPimyVMai3I/answerCallbackQuery "HTTP/1.1 200 OK"
2025-12-24 11:24:55,932 - httpx - INFO - HTTP Request: POST https://api.telegram.org/bot8476521610:AAFKJ_XrFUB5-reI1OjwvQ4vAPimyVMai3I/editMessageText "HTTP/1.1 200 OK"
2025-12-24 11:24:56,775 - httpx - INFO - HTTP Request: POST https://api.telegram.org/bot8476521610:AAFKJ_XrFUB5-reI1OjwvQ4vAPimyVMai3I/getUpdates "HTTP/1.1 200 OK"
2025-12-24 11:24:56,781 - src.bot - INFO - User zotavioz (1051315576) - Action
2025-12-24 11:24:57,117 - httpx - INFO - HTTP Request: POST https://api.telegram.org/bot8476521610:AAFKJ_XrFUB5-reI1OjwvQ4vAPimyVMai3I/answerCallbackQuery "HTTP/1.1 200 OK"
2025-12-24 11:24:57,467 - httpx - INFO - HTTP Request: POST https://api.telegram.org/bot8476521610:AAFKJ_XrFUB5-reI1OjwvQ4vAPimyVMai3I/editMessageText "HTTP/1.1 200 OK"
2025-12-24 11:24:58,179 - httpx - INFO - HTTP Request: POST https://api.telegram.org/bot8476521610:AAFKJ_XrFUB5-reI1OjwvQ4vAPimyVMai3I/getUpdates "HTTP/1.1 200 OK"
2025-12-24 11:24:58,185 - src.bot - INFO - User zotavioz (1051315576) - Action
2025-12-24 11:24:58,524 - httpx - INFO - HTTP Request: POST https://api.telegram.org/bot8476521610:AAFKJ_XrFUB5-reI1OjwvQ4vAPimyVMai3I/answerCallbackQuery "HTTP/1.1 200 OK"
2025-12-24 11:24:58,884 - httpx - INFO - HTTP Request: POST https://api.telegram.org/bot8476521610:AAFKJ_XrFUB5-reI1OjwvQ4vAPimyVMai3I/editMessageText "HTTP/1.1 200 OK"
2025-12-24 11:25:00,198 - httpx - INFO - HTTP Request: POST https://api.telegram.org/bot8476521610:AAFKJ_XrFUB5-reI1OjwvQ4vAPimyVMai3I/getUpdates "HTTP/1.1 200 OK"
2025-12-24 11:25:00,205 - src.bot - INFO - User zotavioz (1051315576) - Action
2025-12-24 11:25:00,540 - httpx - INFO - HTTP Request: POST https://api.telegram.org/bot8476521610:AAFKJ_XrFUB5-reI1OjwvQ4vAPimyVMai3I/answerCallbackQuery "HTTP/1.1 200 OK"
2025-12-24 11:25:00,889 - httpx - INFO - HTTP Request: POST https://api.telegram.org/bot8476521610:AAFKJ_XrFUB5-reI1OjwvQ4vAPimyVMai3I/editMessageText "HTTP/1.1 200 OK"
2025-12-24 11:25:10,429 - httpx - INFO - HTTP Request: POST https://api.telegram.org/bot8476521610:AAFKJ_XrFUB5-reI1OjwvQ4vAPimyVMai3I/getUpdates "HTTP/1.1 200 OK"
2025-12-24 11:25:20,641 - httpx - INFO - HTTP Request: POST https://api.telegram.org/bot8476521610:AAFKJ_XrFUB5-reI1OjwvQ4vAPimyVMai3I/getUpdates "HTTP/1.1 200 OK"
2025-12-24 11:25:30,856 - httpx - INFO - HTTP Request: POST https://api.telegram.org/bot8476521610:AAFKJ_XrFUB5-reI1OjwvQ4vAPimyVMai3I/getUpdates "HTTP/1.1 200 OK"
2025-12-24 11:25:41,068 - httpx - INFO - HTTP Request: POST https://api.telegram.org/bot8476521610:AAFKJ_XrFUB5-reI1OjwvQ4vAPimyVMai3I/getUpdates "HTTP/1.1 200 OK"
2025-12-24 11:25:51,282 - httpx - INFO - HTTP Request: POST https://api.telegram.org/bot8476521610:AAFKJ_XrFUB5-reI1OjwvQ4vAPimyVMai3I/getUpdates "HTTP/1.1 200 OK"
2025-12-24 11:26:01,500 - httpx - INFO - HTTP Request: POST https://api.telegram.org/bot8476521610:AAFKJ_XrFUB5-reI1OjwvQ4vAPimyVMai3I/getUpdates "HTTP/1.1 200 OK"
2025-12-24 11:26:11,711 - httpx - INFO - HTTP Request: POST https://api.telegram.org/bot8476521610:AAFKJ_XrFUB5-reI1OjwvQ4vAPimyVMai3I/getUpdates "HTTP/1.1 200 OK"
2025-12-24 11:26:21,939 - httpx - INFO - HTTP Request: POST https://api.telegram.org/bot8476521610:AAFKJ_XrFUB5-reI1OjwvQ4vAPimyVMai3I/getUpdates "HTTP/1.1 200 OK"
2025-12-24 11:26:32,161 - httpx - INFO - HTTP Request: POST https://api.telegram.org/bot8476521610:AAFKJ_XrFUB5-reI1OjwvQ4vAPimyVMai3I/getUpdates "HTTP/1.1 200 OK"
2025-12-24 11:26:42,395 - httpx - INFO - HTTP Request: POST https://api.telegram.org/bot8476521610:AAFKJ_XrFUB5-reI1OjwvQ4vAPimyVMai3I/getUpdates "HTTP/1.1 200 OK"
2025-12-24 11:26:52,610 - httpx - INFO - HTTP Request: POST https://api.telegram.org/bot8476521610:AAFKJ_XrFUB5-reI1OjwvQ4vAPimyVMai3I/getUpdates "HTTP/1.1 200 OK"
2025-12-24 11:27:02,826 - httpx - INFO - HTTP Request: POST https://api.telegram.org/bot8476521610:AAFKJ_XrFUB5-reI1OjwvQ4vAPimyVMai3I/getUpdates "HTTP/1.1 200 OK"
2025-12-24 11:27:13,041 - httpx - INFO - HTTP Request: POST https://api.telegram.org/bot8476521610:AAFKJ_XrFUB5-reI1OjwvQ4vAPimyVMai3I/getUpdates "HTTP/1.1 200 OK"
2025-12-24 11:27:23,267 - httpx - INFO - HTTP Request: POST https://api.telegram.org/bot8476521610:AAFKJ_XrFUB5-reI1OjwvQ4vAPimyVMai3I/getUpdates "HTTP/1.1 200 OK"
2025-12-24 11:27:33,483 - httpx - INFO - HTTP Request: POST https://api.telegram.org/bot8476521610:AAFKJ_XrFUB5-reI1OjwvQ4vAPimyVMai3I/getUpdates "HTTP/1.1 200 OK"
2025-12-24 11:36:19,280 - __main__ - INFO - 🤖 Starting Receipt Bot...
2025-12-24 11:36:19,281 - src.bot - INFO - Starting bot...
2025-12-24 11:36:19,900 - httpx - INFO - HTTP Request: POST https://api.telegram.org/bot8476521610:AAFKJ_XrFUB5-reI1OjwvQ4vAPimyVMai3I/getMe "HTTP/1.1 200 OK"
2025-12-24 11:36:20,107 - httpx - INFO - HTTP Request: POST https://api.telegram.org/bot8476521610:AAFKJ_XrFUB5-reI1OjwvQ4vAPimyVMai3I/deleteWebhook "HTTP/1.1 200 OK"
2025-12-24 11:36:20,115 - telegram.ext.Application - INFO - Application started
2025-12-24 11:36:25,394 - httpx - INFO - HTTP Request: POST https://api.telegram.org/bot8476521610:AAFKJ_XrFUB5-reI1OjwvQ4vAPimyVMai3I/getUpdates "HTTP/1.1 200 OK"
2025-12-24 11:36:25,397 - src.bot - INFO - User zotavioz (1051315576) - Action
2025-12-24 11:36:26,179 - httpx - INFO - HTTP Request: POST https://api.telegram.org/bot8476521610:AAFKJ_XrFUB5-reI1OjwvQ4vAPimyVMai3I/sendMessage "HTTP/1.1 200 OK"
2025-12-24 11:36:26,406 - httpx - INFO - HTTP Request: POST https://api.telegram.org/bot8476521610:AAFKJ_XrFUB5-reI1OjwvQ4vAPimyVMai3I/getFile "HTTP/1.1 200 OK"
2025-12-24 11:36:26,847 - httpx - INFO - HTTP Request: GET https://api.telegram.org/file/bot8476521610%3AAAFKJ_XrFUB5-reI1OjwvQ4vAPimyVMai3I/photos/file_1.jpg "HTTP/1.1 200 OK"
2025-12-24 11:36:27,809 - httpx - INFO - HTTP Request: POST https://api.telegram.org/bot8476521610:AAFKJ_XrFUB5-reI1OjwvQ4vAPimyVMai3I/sendMessage "HTTP/1.1 200 OK"
2025-12-24 11:36:29,401 - receipt.webscrapping - INFO - Scraping URL: https://portalsped.fazenda.mg.gov.br/portalnfce/sistema/qrcode.xhtml?p=31251232907983000807651030003471371304467089|2|1|1|eab3f9a7c4d6c821e950769c6b6f5e2571c19b52
2025-12-24 11:36:34,091 - httpx - INFO - HTTP Request: POST https://api.telegram.org/bot8476521610:AAFKJ_XrFUB5-reI1OjwvQ4vAPimyVMai3I/sendMessage "HTTP/1.1 200 OK"
2025-12-24 11:36:35,603 - httpx - INFO - HTTP Request: POST https://api.telegram.org/bot8476521610:AAFKJ_XrFUB5-reI1OjwvQ4vAPimyVMai3I/getUpdates "HTTP/1.1 200 OK"
2025-12-24 11:36:37,411 - httpx - INFO - HTTP Request: POST https://api.telegram.org/bot8476521610:AAFKJ_XrFUB5-reI1OjwvQ4vAPimyVMai3I/getUpdates "HTTP/1.1 200 OK"
2025-12-24 11:36:37,416 - src.bot - INFO - User zotavioz (1051315576) - Action
2025-12-24 11:36:37,742 - httpx - INFO - HTTP Request: POST https://api.telegram.org/bot8476521610:AAFKJ_XrFUB5-reI1OjwvQ4vAPimyVMai3I/answerCallbackQuery "HTTP/1.1 200 OK"
2025-12-24 11:36:38,081 - httpx - INFO - HTTP Request: POST https://api.telegram.org/bot8476521610:AAFKJ_XrFUB5-reI1OjwvQ4vAPimyVMai3I/editMessageText "HTTP/1.1 200 OK"
2025-12-24 11:36:40,973 - httpx - INFO - HTTP Request: POST https://api.telegram.org/bot8476521610:AAFKJ_XrFUB5-reI1OjwvQ4vAPimyVMai3I/getUpdates "HTTP/1.1 200 OK"
2025-12-24 11:36:40,978 - src.bot - INFO - User zotavioz (1051315576) - Action
2025-12-24 11:36:41,299 - httpx - INFO - HTTP Request: POST https://api.telegram.org/bot8476521610:AAFKJ_XrFUB5-reI1OjwvQ4vAPimyVMai3I/answerCallbackQuery "HTTP/1.1 200 OK"
2025-12-24 11:36:41,646 - httpx - INFO - HTTP Request: POST https://api.telegram.org/bot8476521610:AAFKJ_XrFUB5-reI1OjwvQ4vAPimyVMai3I/editMessageText "HTTP/1.1 200 OK"
2025-12-24 11:36:43,005 - httpx - INFO - HTTP Request: POST https://api.telegram.org/bot8476521610:AAFKJ_XrFUB5-reI1OjwvQ4vAPimyVMai3I/getUpdates "HTTP/1.1 200 OK"
2025-12-24 11:36:43,010 - src.bot - INFO - User zotavioz (1051315576) - Action
2025-12-24 11:36:43,331 - httpx - INFO - HTTP Request: POST https://api.telegram.org/bot8476521610:AAFKJ_XrFUB5-reI1OjwvQ4vAPimyVMai3I/answerCallbackQuery "HTTP/1.1 200 OK"
2025-12-24 11:36:43,660 - httpx - INFO - HTTP Request: POST https://api.telegram.org/bot8476521610:AAFKJ_XrFUB5-reI1OjwvQ4vAPimyVMai3I/editMessageText "HTTP/1.1 200 OK"
2025-12-24 11:36:46,623 - httpx - INFO - HTTP Request: POST https://api.telegram.org/bot8476521610:AAFKJ_XrFUB5-reI1OjwvQ4vAPimyVMai3I/getUpdates "HTTP/1.1 200 OK"
2025-12-24 11:36:46,629 - src.bot - INFO - User zotavioz (1051315576) - Action
2025-12-24 11:36:46,947 - httpx - INFO - HTTP Request: POST https://api.telegram.org/bot8476521610:AAFKJ_XrFUB5-reI1OjwvQ4vAPimyVMai3I/answerCallbackQuery "HTTP/1.1 200 OK"
2025-12-24 11:36:47,277 - httpx - INFO - HTTP Request: POST https://api.telegram.org/bot8476521610:AAFKJ_XrFUB5-reI1OjwvQ4vAPimyVMai3I/editMessageText "HTTP/1.1 200 OK"
2025-12-24 11:36:48,468 - httpx - INFO - HTTP Request: POST https://api.telegram.org/bot8476521610:AAFKJ_XrFUB5-reI1OjwvQ4vAPimyVMai3I/getUpdates "HTTP/1.1 200 OK"
2025-12-24 11:36:48,474 - src.bot - INFO - User zotavioz (1051315576) - Action
2025-12-24 11:36:48,796 - httpx - INFO - HTTP Request: POST https://api.telegram.org/bot8476521610:AAFKJ_XrFUB5-reI1OjwvQ4vAPimyVMai3I/answerCallbackQuery "HTTP/1.1 200 OK"
2025-12-24 11:36:49,130 - httpx - INFO - HTTP Request: POST https://api.telegram.org/bot8476521610:AAFKJ_XrFUB5-reI1OjwvQ4vAPimyVMai3I/editMessageText "HTTP/1.1 200 OK"
2025-12-24 11:36:50,845 - httpx - INFO - HTTP Request: POST https://api.telegram.org/bot8476521610:AAFKJ_XrFUB5-reI1OjwvQ4vAPimyVMai3I/getUpdates "HTTP/1.1 200 OK"
2025-12-24 11:36:50,850 - src.bot - INFO - User zotavioz (1051315576) - Action
2025-12-24 11:36:51,176 - httpx - INFO - HTTP Request: POST https://api.telegram.org/bot8476521610:AAFKJ_XrFUB5-reI1OjwvQ4vAPimyVMai3I/answerCallbackQuery "HTTP/1.1 200 OK"
2025-12-24 11:36:51,544 - httpx - INFO - HTTP Request: POST https://api.telegram.org/bot8476521610:AAFKJ_XrFUB5-reI1OjwvQ4vAPimyVMai3I/editMessageText "HTTP/1.1 200 OK"
2025-12-24 11:37:01,065 - httpx - INFO - HTTP Request: POST https://api.telegram.org/bot8476521610:AAFKJ_XrFUB5-reI1OjwvQ4vAPimyVMai3I/getUpdates "HTTP/1.1 200 OK"
2025-12-24 11:37:11,273 - httpx - INFO - HTTP Request: POST https://api.telegram.org/bot8476521610:AAFKJ_XrFUB5-reI1OjwvQ4vAPimyVMai3I/getUpdates "HTTP/1.1 200 OK"
2025-12-24 11:37:21,478 - httpx - INFO - HTTP Request: POST https://api.telegram.org/bot8476521610:AAFKJ_XrFUB5-reI1OjwvQ4vAPimyVMai3I/getUpdates "HTTP/1.1 200 OK"
2025-12-24 11:37:31,684 - httpx - INFO - HTTP Request: POST https://api.telegram.org/bot8476521610:AAFKJ_XrFUB5-reI1OjwvQ4vAPimyVMai3I/getUpdates "HTTP/1.1 200 OK"
2025-12-24 11:37:41,887 - httpx - INFO - HTTP Request: POST https://api.telegram.org/bot8476521610:AAFKJ_XrFUB5-reI1OjwvQ4vAPimyVMai3I/getUpdates "HTTP/1.1 200 OK"
2025-12-24 11:37:52,090 - httpx - INFO - HTTP Request: POST https://api.telegram.org/bot8476521610:AAFKJ_XrFUB5-reI1OjwvQ4vAPimyVMai3I/getUpdates "HTTP/1.1 200 OK"
2025-12-24 11:38:02,293 - httpx - INFO - HTTP Request: POST https://api.telegram.org/bot8476521610:AAFKJ_XrFUB5-reI1OjwvQ4vAPimyVMai3I/getUpdates "HTTP/1.1 200 OK"
2025-12-24 11:38:12,501 - httpx - INFO - HTTP Request: POST https://api.telegram.org/bot8476521610:AAFKJ_XrFUB5-reI1OjwvQ4vAPimyVMai3I/getUpdates "HTTP/1.1 200 OK"
2025-12-24 11:38:22,704 - httpx - INFO - HTTP Request: POST https://api.telegram.org/bot8476521610:AAFKJ_XrFUB5-reI1OjwvQ4vAPimyVMai3I/getUpdates "HTTP/1.1 200 OK"
2025-12-24 11:38:32,916 - httpx - INFO - HTTP Request: POST https://api.telegram.org/bot8476521610:AAFKJ_XrFUB5-reI1OjwvQ4vAPimyVMai3I/getUpdates "HTTP/1.1 200 OK"
2025-12-24 11:38:43,173 - httpx - INFO - HTTP Request: POST https://api.telegram.org/bot8476521610:AAFKJ_XrFUB5-reI1OjwvQ4vAPimyVMai3I/getUpdates "HTTP/1.1 200 OK"
2025-12-24 11:38:53,377 - httpx - INFO - HTTP Request: POST https://api.telegram.org/bot8476521610:AAFKJ_XrFUB5-reI1OjwvQ4vAPimyVMai3I/getUpdates "HTTP/1.1 200 OK"
2025-12-24 11:39:03,580 - httpx - INFO - HTTP Request: POST https://api.telegram.org/bot8476521610:AAFKJ_XrFUB5-reI1OjwvQ4vAPimyVMai3I/getUpdates "HTTP/1.1 200 OK"
2025-12-24 11:39:13,785 - httpx - INFO - HTTP Request: POST https://api.telegram.org/bot8476521610:AAFKJ_XrFUB5-reI1OjwvQ4vAPimyVMai3I/getUpdates "HTTP/1.1 200 OK"
2025-12-24 11:39:23,997 - httpx - INFO - HTTP Request: POST https://api.telegram.org/bot8476521610:AAFKJ_XrFUB5-reI1OjwvQ4vAPimyVMai3I/getUpdates "HTTP/1.1 200 OK"
2025-12-24 11:39:34,200 - httpx - INFO - HTTP Request: POST https://api.telegram.org/bot8476521610:AAFKJ_XrFUB5-reI1OjwvQ4vAPimyVMai3I/getUpdates "HTTP/1.1 200 OK"
2025-12-24 11:39:44,408 - httpx - INFO - HTTP Request: POST https://api.telegram.org/bot8476521610:AAFKJ_XrFUB5-reI1OjwvQ4vAPimyVMai3I/getUpdates "HTTP/1.1 200 OK"
2025-12-24 11:39:54,614 - httpx - INFO - HTTP Request: POST https://api.telegram.org/bot8476521610:AAFKJ_XrFUB5-reI1OjwvQ4vAPimyVMai3I/getUpdates "HTTP/1.1 200 OK"
2025-12-24 11:40:04,818 - httpx - INFO - HTTP Request: POST https://api.telegram.org/bot8476521610:AAFKJ_XrFUB5-reI1OjwvQ4vAPimyVMai3I/getUpdates "HTTP/1.1 200 OK"
2025-12-24 11:40:15,024 - httpx - INFO - HTTP Request: POST https://api.telegram.org/bot8476521610:AAFKJ_XrFUB5-reI1OjwvQ4vAPimyVMai3I/getUpdates "HTTP/1.1 200 OK"
2025-12-24 11:40:25,228 - httpx - INFO - HTTP Request: POST https://api.telegram.org/bot8476521610:AAFKJ_XrFUB5-reI1OjwvQ4vAPimyVMai3I/getUpdates "HTTP/1.1 200 OK"
2025-12-24 11:40:35,447 - httpx - INFO - HTTP Request: POST https://api.telegram.org/bot8476521610:AAFKJ_XrFUB5-reI1OjwvQ4vAPimyVMai3I/getUpdates "HTTP/1.1 200 OK"
2025-12-24 11:40:45,649 - httpx - INFO - HTTP Request: POST https://api.telegram.org/bot8476521610:AAFKJ_XrFUB5-reI1OjwvQ4vAPimyVMai3I/getUpdates "HTTP/1.1 200 OK"
2025-12-24 11:40:55,853 - httpx - INFO - HTTP Request: POST https://api.telegram.org/bot8476521610:AAFKJ_XrFUB5-reI1OjwvQ4vAPimyVMai3I/getUpdates "HTTP/1.1 200 OK"
2025-12-24 11:41:06,060 - httpx - INFO - HTTP Request: POST https://api.telegram.org/bot8476521610:AAFKJ_XrFUB5-reI1OjwvQ4vAPimyVMai3I/getUpdates "HTTP/1.1 200 OK"
2025-12-24 11:41:16,266 - httpx - INFO - HTTP Request: POST https://api.telegram.org/bot8476521610:AAFKJ_XrFUB5-reI1OjwvQ4vAPimyVMai3I/getUpdates "HTTP/1.1 200 OK"
2025-12-24 11:41:26,469 - httpx - INFO - HTTP Request: POST https://api.telegram.org/bot8476521610:AAFKJ_XrFUB5-reI1OjwvQ4vAPimyVMai3I/getUpdates "HTTP/1.1 200 OK"
2025-12-24 11:41:36,699 - httpx - INFO - HTTP Request: POST https://api.telegram.org/bot8476521610:AAFKJ_XrFUB5-reI1OjwvQ4vAPimyVMai3I/getUpdates "HTTP/1.1 200 OK"
2025-12-24 11:41:46,937 - httpx - INFO - HTTP Request: POST https://api.telegram.org/bot8476521610:AAFKJ_XrFUB5-reI1OjwvQ4vAPimyVMai3I/getUpdates "HTTP/1.1 200 OK"
2025-12-24 11:41:57,162 - httpx - INFO - HTTP Request: POST https://api.telegram.org/bot8476521610:AAFKJ_XrFUB5-reI1OjwvQ4vAPimyVMai3I/getUpdates "HTTP/1.1 200 OK"
2025-12-24 11:42:05,444 - __main__ - INFO - 🤖 Starting Receipt Bot...
2025-12-24 11:42:05,445 - src.bot - INFO - Starting bot...
2025-12-24 11:42:06,052 - httpx - INFO - HTTP Request: POST https://api.telegram.org/bot8476521610:AAFKJ_XrFUB5-reI1OjwvQ4vAPimyVMai3I/getMe "HTTP/1.1 200 OK"
2025-12-24 11:42:06,245 - httpx - INFO - HTTP Request: POST https://api.telegram.org/bot8476521610:AAFKJ_XrFUB5-reI1OjwvQ4vAPimyVMai3I/deleteWebhook "HTTP/1.1 200 OK"
2025-12-24 11:42:06,255 - telegram.ext.Application - INFO - Application started
2025-12-24 11:42:13,349 - httpx - INFO - HTTP Request: POST https://api.telegram.org/bot8476521610:AAFKJ_XrFUB5-reI1OjwvQ4vAPimyVMai3I/getUpdates "HTTP/1.1 200 OK"
2025-12-24 11:42:13,352 - src.bot - INFO - User zotavioz (1051315576) - Action
2025-12-24 11:42:14,124 - httpx - INFO - HTTP Request: POST https://api.telegram.org/bot8476521610:AAFKJ_XrFUB5-reI1OjwvQ4vAPimyVMai3I/sendMessage "HTTP/1.1 200 OK"
2025-12-24 11:42:14,338 - httpx - INFO - HTTP Request: POST https://api.telegram.org/bot8476521610:AAFKJ_XrFUB5-reI1OjwvQ4vAPimyVMai3I/getFile "HTTP/1.1 200 OK"
2025-12-24 11:42:14,768 - httpx - INFO - HTTP Request: GET https://api.telegram.org/file/bot8476521610%3AAAFKJ_XrFUB5-reI1OjwvQ4vAPimyVMai3I/photos/file_1.jpg "HTTP/1.1 200 OK"
2025-12-24 11:42:15,691 - httpx - INFO - HTTP Request: POST https://api.telegram.org/bot8476521610:AAFKJ_XrFUB5-reI1OjwvQ4vAPimyVMai3I/sendMessage "HTTP/1.1 200 OK"
2025-12-24 11:42:17,250 - receipt.webscrapping - INFO - Scraping URL: https://portalsped.fazenda.mg.gov.br/portalnfce/sistema/qrcode.xhtml?p=31251232907983000807651030003471371304467089|2|1|1|eab3f9a7c4d6c821e950769c6b6f5e2571c19b52
2025-12-24 11:42:22,654 - httpx - INFO - HTTP Request: POST https://api.telegram.org/bot8476521610:AAFKJ_XrFUB5-reI1OjwvQ4vAPimyVMai3I/sendMessage "HTTP/1.1 200 OK"
2025-12-24 11:42:23,566 - httpx - INFO - HTTP Request: POST https://api.telegram.org/bot8476521610:AAFKJ_XrFUB5-reI1OjwvQ4vAPimyVMai3I/getUpdates "HTTP/1.1 200 OK"
2025-12-24 11:42:24,934 - httpx - INFO - HTTP Request: POST https://api.telegram.org/bot8476521610:AAFKJ_XrFUB5-reI1OjwvQ4vAPimyVMai3I/getUpdates "HTTP/1.1 200 OK"
2025-12-24 11:42:24,939 - src.bot - INFO - User zotavioz (1051315576) - Action
2025-12-24 11:42:25,342 - httpx - INFO - HTTP Request: POST https://api.telegram.org/bot8476521610:AAFKJ_XrFUB5-reI1OjwvQ4vAPimyVMai3I/answerCallbackQuery "HTTP/1.1 200 OK"
2025-12-24 11:42:25,695 - httpx - INFO - HTTP Request: POST https://api.telegram.org/bot8476521610:AAFKJ_XrFUB5-reI1OjwvQ4vAPimyVMai3I/editMessageText "HTTP/1.1 200 OK"
2025-12-24 11:42:26,994 - httpx - INFO - HTTP Request: POST https://api.telegram.org/bot8476521610:AAFKJ_XrFUB5-reI1OjwvQ4vAPimyVMai3I/getUpdates "HTTP/1.1 200 OK"
2025-12-24 11:42:27,000 - src.bot - INFO - User zotavioz (1051315576) - Action
2025-12-24 11:42:27,329 - httpx - INFO - HTTP Request: POST https://api.telegram.org/bot8476521610:AAFKJ_XrFUB5-reI1OjwvQ4vAPimyVMai3I/answerCallbackQuery "HTTP/1.1 200 OK"
2025-12-24 11:42:27,665 - httpx - INFO - HTTP Request: POST https://api.telegram.org/bot8476521610:AAFKJ_XrFUB5-reI1OjwvQ4vAPimyVMai3I/editMessageText "HTTP/1.1 200 OK"
2025-12-24 11:42:28,993 - httpx - INFO - HTTP Request: POST https://api.telegram.org/bot8476521610:AAFKJ_XrFUB5-reI1OjwvQ4vAPimyVMai3I/getUpdates "HTTP/1.1 200 OK"
2025-12-24 11:42:28,995 - src.bot - INFO - User zotavioz (1051315576) - Action
2025-12-24 11:42:29,316 - httpx - INFO - HTTP Request: POST https://api.telegram.org/bot8476521610:AAFKJ_XrFUB5-reI1OjwvQ4vAPimyVMai3I/answerCallbackQuery "HTTP/1.1 200 OK"
2025-12-24 11:42:29,660 - httpx - INFO - HTTP Request: POST https://api.telegram.org/bot8476521610:AAFKJ_XrFUB5-reI1OjwvQ4vAPimyVMai3I/editMessageText "HTTP/1.1 200 OK"
2025-12-24 11:42:35,500 - httpx - INFO - HTTP Request: POST https://api.telegram.org/bot8476521610:AAFKJ_XrFUB5-reI1OjwvQ4vAPimyVMai3I/getUpdates "HTTP/1.1 200 OK"
2025-12-24 11:42:35,506 - src.bot - INFO - User zotavioz (1051315576) - Action
2025-12-24 11:42:36,294 - httpx - INFO - HTTP Request: POST https://api.telegram.org/bot8476521610:AAFKJ_XrFUB5-reI1OjwvQ4vAPimyVMai3I/answerCallbackQuery "HTTP/1.1 200 OK"
2025-12-24 11:42:36,635 - httpx - INFO - HTTP Request: POST https://api.telegram.org/bot8476521610:AAFKJ_XrFUB5-reI1OjwvQ4vAPimyVMai3I/editMessageText "HTTP/1.1 200 OK"
2025-12-24 11:42:45,729 - httpx - INFO - HTTP Request: POST https://api.telegram.org/bot8476521610:AAFKJ_XrFUB5-reI1OjwvQ4vAPimyVMai3I/getUpdates "HTTP/1.1 200 OK"
2025-12-24 11:42:55,944 - httpx - INFO - HTTP Request: POST https://api.telegram.org/bot8476521610:AAFKJ_XrFUB5-reI1OjwvQ4vAPimyVMai3I/getUpdates "HTTP/1.1 200 OK"
2025-12-24 11:43:06,160 - httpx - INFO - HTTP Request: POST https://api.telegram.org/bot8476521610:AAFKJ_XrFUB5-reI1OjwvQ4vAPimyVMai3I/getUpdates "HTTP/1.1 200 OK"
2025-12-24 11:43:16,369 - httpx - INFO - HTTP Request: POST https://api.telegram.org/bot8476521610:AAFKJ_XrFUB5-reI1OjwvQ4vAPimyVMai3I/getUpdates "HTTP/1.1 200 OK"
2025-12-24 11:43:26,590 - httpx - INFO - HTTP Request: POST https://api.telegram.org/bot8476521610:AAFKJ_XrFUB5-reI1OjwvQ4vAPimyVMai3I/getUpdates "HTTP/1.1 200 OK"
2025-12-24 11:43:36,807 - httpx - INFO - HTTP Request: POST https://api.telegram.org/bot8476521610:AAFKJ_XrFUB5-reI1OjwvQ4vAPimyVMai3I/getUpdates "HTTP/1.1 200 OK"
2025-12-24 11:43:47,026 - httpx - INFO - HTTP Request: POST https://api.telegram.org/bot8476521610:AAFKJ_XrFUB5-reI1OjwvQ4vAPimyVMai3I/getUpdates "HTTP/1.1 200 OK"
2025-12-24 11:43:57,241 - httpx - INFO - HTTP Request: POST https://api.telegram.org/bot8476521610:AAFKJ_XrFUB5-reI1OjwvQ4vAPimyVMai3I/getUpdates "HTTP/1.1 200 OK"
2025-12-24 11:44:07,459 - httpx - INFO - HTTP Request: POST https://api.telegram.org/bot8476521610:AAFKJ_XrFUB5-reI1OjwvQ4vAPimyVMai3I/getUpdates "HTTP/1.1 200 OK"
2025-12-24 11:44:17,689 - httpx - INFO - HTTP Request: POST https://api.telegram.org/bot8476521610:AAFKJ_XrFUB5-reI1OjwvQ4vAPimyVMai3I/getUpdates "HTTP/1.1 200 OK"
2025-12-24 11:44:27,902 - httpx - INFO - HTTP Request: POST https://api.telegram.org/bot8476521610:AAFKJ_XrFUB5-reI1OjwvQ4vAPimyVMai3I/getUpdates "HTTP/1.1 200 OK"
2025-12-24 11:44:38,114 - httpx - INFO - HTTP Request: POST https://api.telegram.org/bot8476521610:AAFKJ_XrFUB5-reI1OjwvQ4vAPimyVMai3I/getUpdates "HTTP/1.1 200 OK"
2025-12-24 11:44:48,331 - httpx - INFO - HTTP Request: POST https://api.telegram.org/bot8476521610:AAFKJ_XrFUB5-reI1OjwvQ4vAPimyVMai3I/getUpdates "HTTP/1.1 200 OK"
2025-12-24 11:44:58,547 - httpx - INFO - HTTP Request: POST https://api.telegram.org/bot8476521610:AAFKJ_XrFUB5-reI1OjwvQ4vAPimyVMai3I/getUpdates "HTTP/1.1 200 OK"
2025-12-24 11:45:08,764 - httpx - INFO - HTTP Request: POST https://api.telegram.org/bot8476521610:AAFKJ_XrFUB5-reI1OjwvQ4vAPimyVMai3I/getUpdates "HTTP/1.1 200 OK"
2025-12-24 11:45:18,981 - httpx - INFO - HTTP Request: POST https://api.telegram.org/bot8476521610:AAFKJ_XrFUB5-reI1OjwvQ4vAPimyVMai3I/getUpdates "HTTP/1.1 200 OK"
2025-12-24 11:45:29,208 - httpx - INFO - HTTP Request: POST https://api.telegram.org/bot8476521610:AAFKJ_XrFUB5-reI1OjwvQ4vAPimyVMai3I/getUpdates "HTTP/1.1 200 OK"
2025-12-24 11:45:39,426 - httpx - INFO - HTTP Request: POST https://api.telegram.org/bot8476521610:AAFKJ_XrFUB5-reI1OjwvQ4vAPimyVMai3I/getUpdates "HTTP/1.1 200 OK"
2025-12-24 11:45:49,641 - httpx - INFO - HTTP Request: POST https://api.telegram.org/bot8476521610:AAFKJ_XrFUB5-reI1OjwvQ4vAPimyVMai3I/getUpdates "HTTP/1.1 200 OK"
2025-12-24 11:45:59,862 - httpx - INFO - HTTP Request: POST https://api.telegram.org/bot8476521610:AAFKJ_XrFUB5-reI1OjwvQ4vAPimyVMai3I/getUpdates "HTTP/1.1 200 OK"
2025-12-24 11:46:10,077 - httpx - INFO - HTTP Request: POST https://api.telegram.org/bot8476521610:AAFKJ_XrFUB5-reI1OjwvQ4vAPimyVMai3I/getUpdates "HTTP/1.1 200 OK"
2025-12-24 11:46:20,291 - httpx - INFO - HTTP Request: POST https://api.telegram.org/bot8476521610:AAFKJ_XrFUB5-reI1OjwvQ4vAPimyVMai3I/getUpdates "HTTP/1.1 200 OK"
2025-12-24 11:46:30,509 - httpx - INFO - HTTP Request: POST https://api.telegram.org/bot8476521610:AAFKJ_XrFUB5-reI1OjwvQ4vAPimyVMai3I/getUpdates "HTTP/1.1 200 OK"
2025-12-24 11:46:40,726 - httpx - INFO - HTTP Request: POST https://api.telegram.org/bot8476521610:AAFKJ_XrFUB5-reI1OjwvQ4vAPimyVMai3I/getUpdates "HTTP/1.1 200 OK"
2025-12-24 11:46:50,945 - httpx - INFO - HTTP Request: POST https://api.telegram.org/bot8476521610:AAFKJ_XrFUB5-reI1OjwvQ4vAPimyVMai3I/getUpdates "HTTP/1.1 200 OK"
2025-12-24 11:47:01,164 - httpx - INFO - HTTP Request: POST https://api.telegram.org/bot8476521610:AAFKJ_XrFUB5-reI1OjwvQ4vAPimyVMai3I/getUpdates "HTTP/1.1 200 OK"
2025-12-24 11:47:11,381 - httpx - INFO - HTTP Request: POST https://api.telegram.org/bot8476521610:AAFKJ_XrFUB5-reI1OjwvQ4vAPimyVMai3I/getUpdates "HTTP/1.1 200 OK"
2025-12-24 11:47:21,599 - httpx - INFO - HTTP Request: POST https://api.telegram.org/bot8476521610:AAFKJ_XrFUB5-reI1OjwvQ4vAPimyVMai3I/getUpdates "HTTP/1.1 200 OK"
2025-12-24 11:47:31,818 - httpx - INFO - HTTP Request: POST https://api.telegram.org/bot8476521610:AAFKJ_XrFUB5-reI1OjwvQ4vAPimyVMai3I/getUpdates "HTTP/1.1 200 OK"
2025-12-24 11:47:42,038 - httpx - INFO - HTTP Request: POST https://api.telegram.org/bot8476521610:AAFKJ_XrFUB5-reI1OjwvQ4vAPimyVMai3I/getUpdates "HTTP/1.1 200 OK"
2025-12-24 11:47:52,255 - httpx - INFO - HTTP Request: POST https://api.telegram.org/bot8476521610:AAFKJ_XrFUB5-reI1OjwvQ4vAPimyVMai3I/getUpdates "HTTP/1.1 200 OK"
2025-12-24 11:48:02,471 - httpx - INFO - HTTP Request: POST https://api.telegram.org/bot8476521610:AAFKJ_XrFUB5-reI1OjwvQ4vAPimyVMai3I/getUpdates "HTTP/1.1 200 OK"
2025-12-24 11:48:12,687 - httpx - INFO - HTTP Request: POST https://api.telegram.org/bot8476521610:AAFKJ_XrFUB5-reI1OjwvQ4vAPimyVMai3I/getUpdates "HTTP/1.1 200 OK"
2025-12-24 11:48:22,910 - httpx - INFO - HTTP Request: POST https://api.telegram.org/bot8476521610:AAFKJ_XrFUB5-reI1OjwvQ4vAPimyVMai3I/getUpdates "HTTP/1.1 200 OK"
2025-12-24 11:48:33,126 - httpx - INFO - HTTP Request: POST https://api.telegram.org/bot8476521610:AAFKJ_XrFUB5-reI1OjwvQ4vAPimyVMai3I/getUpdates "HTTP/1.1 200 OK"
2025-12-24 11:48:43,343 - httpx - INFO - HTTP Request: POST https://api.telegram.org/bot8476521610:AAFKJ_XrFUB5-reI1OjwvQ4vAPimyVMai3I/getUpdates "HTTP/1.1 200 OK"
2025-12-24 11:48:53,558 - httpx - INFO - HTTP Request: POST https://api.telegram.org/bot8476521610:AAFKJ_XrFUB5-reI1OjwvQ4vAPimyVMai3I/getUpdates "HTTP/1.1 200 OK"
2025-12-24 11:49:03,774 - httpx - INFO - HTTP Request: POST https://api.telegram.org/bot8476521610:AAFKJ_XrFUB5-reI1OjwvQ4vAPimyVMai3I/getUpdates "HTTP/1.1 200 OK"
2025-12-24 11:49:13,990 - httpx - INFO - HTTP Request: POST https://api.telegram.org/bot8476521610:AAFKJ_XrFUB5-reI1OjwvQ4vAPimyVMai3I/getUpdates "HTTP/1.1 200 OK"
2025-12-24 11:49:24,206 - httpx - INFO - HTTP Request: POST https://api.telegram.org/bot8476521610:AAFKJ_XrFUB5-reI1OjwvQ4vAPimyVMai3I/getUpdates "HTTP/1.1 200 OK"
2025-12-24 11:49:34,421 - httpx - INFO - HTTP Request: POST https://api.telegram.org/bot8476521610:AAFKJ_XrFUB5-reI1OjwvQ4vAPimyVMai3I/getUpdates "HTTP/1.1 200 OK"
2025-12-24 11:49:44,640 - httpx - INFO - HTTP Request: POST https://api.telegram.org/bot8476521610:AAFKJ_XrFUB5-reI1OjwvQ4vAPimyVMai3I/getUpdates "HTTP/1.1 200 OK"
2025-12-24 11:49:54,857 - httpx - INFO - HTTP Request: POST https://api.telegram.org/bot8476521610:AAFKJ_XrFUB5-reI1OjwvQ4vAPimyVMai3I/getUpdates "HTTP/1.1 200 OK"
2025-12-24 11:50:05,074 - httpx - INFO - HTTP Request: POST https://api.telegram.org/bot8476521610:AAFKJ_XrFUB5-reI1OjwvQ4vAPimyVMai3I/getUpdates "HTTP/1.1 200 OK"
2025-12-24 11:50:15,293 - httpx - INFO - HTTP Request: POST https://api.telegram.org/bot8476521610:AAFKJ_XrFUB5-reI1OjwvQ4vAPimyVMai3I/getUpdates "HTTP/1.1 200 OK"
2025-12-24 11:50:25,511 - httpx - INFO - HTTP Request: POST https://api.telegram.org/bot8476521610:AAFKJ_XrFUB5-reI1OjwvQ4vAPimyVMai3I/getUpdates "HTTP/1.1 200 OK"
2025-12-24 11:50:35,729 - httpx - INFO - HTTP Request: POST https://api.telegram.org/bot8476521610:AAFKJ_XrFUB5-reI1OjwvQ4vAPimyVMai3I/getUpdates "HTTP/1.1 200 OK"
2025-12-24 11:50:45,946 - httpx - INFO - HTTP Request: POST https://api.telegram.org/bot8476521610:AAFKJ_XrFUB5-reI1OjwvQ4vAPimyVMai3I/getUpdates "HTTP/1.1 200 OK"
2025-12-24 11:50:56,165 - httpx - INFO - HTTP Request: POST https://api.telegram.org/bot8476521610:AAFKJ_XrFUB5-reI1OjwvQ4vAPimyVMai3I/getUpdates "HTTP/1.1 200 OK"
2025-12-24 11:51:06,383 - httpx - INFO - HTTP Request: POST https://api.telegram.org/bot8476521610:AAFKJ_XrFUB5-reI1OjwvQ4vAPimyVMai3I/getUpdates "HTTP/1.1 200 OK"
2025-12-24 11:51:16,599 - httpx - INFO - HTTP Request: POST https://api.telegram.org/bot8476521610:AAFKJ_XrFUB5-reI1OjwvQ4vAPimyVMai3I/getUpdates "HTTP/1.1 200 OK"
2025-12-24 11:51:26,814 - httpx - INFO - HTTP Request: POST https://api.telegram.org/bot8476521610:AAFKJ_XrFUB5-reI1OjwvQ4vAPimyVMai3I/getUpdates "HTTP/1.1 200 OK"
2025-12-24 11:51:37,025 - httpx - INFO - HTTP Request: POST https://api.telegram.org/bot8476521610:AAFKJ_XrFUB5-reI1OjwvQ4vAPimyVMai3I/getUpdates "HTTP/1.1 200 OK"
2025-12-24 11:51:47,236 - httpx - INFO - HTTP Request: POST https://api.telegram.org/bot8476521610:AAFKJ_XrFUB5-reI1OjwvQ4vAPimyVMai3I/getUpdates "HTTP/1.1 200 OK"
2025-12-24 11:51:57,446 - httpx - INFO - HTTP Request: POST https://api.telegram.org/bot8476521610:AAFKJ_XrFUB5-reI1OjwvQ4vAPimyVMai3I/getUpdates "HTTP/1.1 200 OK"
2025-12-24 11:52:07,657 - httpx - INFO - HTTP Request: POST https://api.telegram.org/bot8476521610:AAFKJ_XrFUB5-reI1OjwvQ4vAPimyVMai3I/getUpdates "HTTP/1.1 200 OK"
2025-12-24 11:52:17,869 - httpx - INFO - HTTP Request: POST https://api.telegram.org/bot8476521610:AAFKJ_XrFUB5-reI1OjwvQ4vAPimyVMai3I/getUpdates "HTTP/1.1 200 OK"
2025-12-24 11:52:28,085 - httpx - INFO - HTTP Request: POST https://api.telegram.org/bot8476521610:AAFKJ_XrFUB5-reI1OjwvQ4vAPimyVMai3I/getUpdates "HTTP/1.1 200 OK"
2025-12-24 11:52:38,300 - httpx - INFO - HTTP Request: POST https://api.telegram.org/bot8476521610:AAFKJ_XrFUB5-reI1OjwvQ4vAPimyVMai3I/getUpdates "HTTP/1.1 200 OK"
2025-12-24 11:52:48,511 - httpx - INFO - HTTP Request: POST https://api.telegram.org/bot8476521610:AAFKJ_XrFUB5-reI1OjwvQ4vAPimyVMai3I/getUpdates "HTTP/1.1 200 OK"
2025-12-24 11:52:58,721 - httpx - INFO - HTTP Request: POST https://api.telegram.org/bot8476521610:AAFKJ_XrFUB5-reI1OjwvQ4vAPimyVMai3I/getUpdates "HTTP/1.1 200 OK"
2025-12-24 11:53:08,946 - httpx - INFO - HTTP Request: POST https://api.telegram.org/bot8476521610:AAFKJ_XrFUB5-reI1OjwvQ4vAPimyVMai3I/getUpdates "HTTP/1.1 200 OK"
2025-12-24 11:53:19,169 - httpx - INFO - HTTP Request: POST https://api.telegram.org/bot8476521610:AAFKJ_XrFUB5-reI1OjwvQ4vAPimyVMai3I/getUpdates "HTTP/1.1 200 OK"
2025-12-24 11:53:29,386 - httpx - INFO - HTTP Request: POST https://api.telegram.org/bot8476521610:AAFKJ_XrFUB5-reI1OjwvQ4vAPimyVMai3I/getUpdates "HTTP/1.1 200 OK"
2025-12-24 11:53:39,601 - httpx - INFO - HTTP Request: POST https://api.telegram.org/bot8476521610:AAFKJ_XrFUB5-reI1OjwvQ4vAPimyVMai3I/getUpdates "HTTP/1.1 200 OK"
2025-12-24 11:53:49,817 - httpx - INFO - HTTP Request: POST https://api.telegram.org/bot8476521610:AAFKJ_XrFUB5-reI1OjwvQ4vAPimyVMai3I/getUpdates "HTTP/1.1 200 OK"
2025-12-24 11:54:00,034 - httpx - INFO - HTTP Request: POST https://api.telegram.org/bot8476521610:AAFKJ_XrFUB5-reI1OjwvQ4vAPimyVMai3I/getUpdates "HTTP/1.1 200 OK"
2025-12-24 11:54:10,249 - httpx - INFO - HTTP Request: POST https://api.telegram.org/bot8476521610:AAFKJ_XrFUB5-reI1OjwvQ4vAPimyVMai3I/getUpdates "HTTP/1.1 200 OK"
2025-12-24 11:54:20,468 - httpx - INFO - HTTP Request: POST https://api.telegram.org/bot8476521610:AAFKJ_XrFUB5-reI1OjwvQ4vAPimyVMai3I/getUpdates "HTTP/1.1 200 OK"
2025-12-24 11:54:30,684 - httpx - INFO - HTTP Request: POST https://api.telegram.org/bot8476521610:AAFKJ_XrFUB5-reI1OjwvQ4vAPimyVMai3I/getUpdates "HTTP/1.1 200 OK"
2025-12-24 11:54:40,900 - httpx - INFO - HTTP Request: POST https://api.telegram.org/bot8476521610:AAFKJ_XrFUB5-reI1OjwvQ4vAPimyVMai3I/getUpdates "HTTP/1.1 200 OK"
2025-12-24 11:54:51,123 - httpx - INFO - HTTP Request: POST https://api.telegram.org/bot8476521610:AAFKJ_XrFUB5-reI1OjwvQ4vAPimyVMai3I/getUpdates "HTTP/1.1 200 OK"
2025-12-24 11:55:01,335 - httpx - INFO - HTTP Request: POST https://api.telegram.org/bot8476521610:AAFKJ_XrFUB5-reI1OjwvQ4vAPimyVMai3I/getUpdates "HTTP/1.1 200 OK"
2025-12-24 11:55:11,546 - httpx - INFO - HTTP Request: POST https://api.telegram.org/bot8476521610:AAFKJ_XrFUB5-reI1OjwvQ4vAPimyVMai3I/getUpdates "HTTP/1.1 200 OK"
2025-12-24 11:55:21,758 - httpx - INFO - HTTP Request: POST https://api.telegram.org/bot8476521610:AAFKJ_XrFUB5-reI1OjwvQ4vAPimyVMai3I/getUpdates "HTTP/1.1 200 OK"
2025-12-24 11:55:31,976 - httpx - INFO - HTTP Request: POST https://api.telegram.org/bot8476521610:AAFKJ_XrFUB5-reI1OjwvQ4vAPimyVMai3I/getUpdates "HTTP/1.1 200 OK"
2025-12-24 11:55:42,192 - httpx - INFO - HTTP Request: POST https://api.telegram.org/bot8476521610:AAFKJ_XrFUB5-reI1OjwvQ4vAPimyVMai3I/getUpdates "HTTP/1.1 200 OK"
2025-12-24 11:55:52,408 - httpx - INFO - HTTP Request: POST https://api.telegram.org/bot8476521610:AAFKJ_XrFUB5-reI1OjwvQ4vAPimyVMai3I/getUpdates "HTTP/1.1 200 OK"
2025-12-24 11:56:02,623 - httpx - INFO - HTTP Request: POST https://api.telegram.org/bot8476521610:AAFKJ_XrFUB5-reI1OjwvQ4vAPimyVMai3I/getUpdates "HTTP/1.1 200 OK"
2025-12-24 11:56:12,840 - httpx - INFO - HTTP Request: POST https://api.telegram.org/bot8476521610:AAFKJ_XrFUB5-reI1OjwvQ4vAPimyVMai3I/getUpdates "HTTP/1.1 200 OK"
2025-12-24 11:56:23,057 - httpx - INFO - HTTP Request: POST https://api.telegram.org/bot8476521610:AAFKJ_XrFUB5-reI1OjwvQ4vAPimyVMai3I/getUpdates "HTTP/1.1 200 OK"
2025-12-24 11:56:33,274 - httpx - INFO - HTTP Request: POST https://api.telegram.org/bot8476521610:AAFKJ_XrFUB5-reI1OjwvQ4vAPimyVMai3I/getUpdates "HTTP/1.1 200 OK"
2025-12-24 11:56:43,491 - httpx - INFO - HTTP Request: POST https://api.telegram.org/bot8476521610:AAFKJ_XrFUB5-reI1OjwvQ4vAPimyVMai3I/getUpdates "HTTP/1.1 200 OK"
2025-12-24 11:56:53,707 - httpx - INFO - HTTP Request: POST https://api.telegram.org/bot8476521610:AAFKJ_XrFUB5-reI1OjwvQ4vAPimyVMai3I/getUpdates "HTTP/1.1 200 OK"
2025-12-24 11:57:03,925 - httpx - INFO - HTTP Request: POST https://api.telegram.org/bot8476521610:AAFKJ_XrFUB5-reI1OjwvQ4vAPimyVMai3I/getUpdates "HTTP/1.1 200 OK"
2025-12-24 11:57:14,141 - httpx - INFO - HTTP Request: POST https://api.telegram.org/bot8476521610:AAFKJ_XrFUB5-reI1OjwvQ4vAPimyVMai3I/getUpdates "HTTP/1.1 200 OK"
2025-12-24 11:57:24,358 - httpx - INFO - HTTP Request: POST https://api.telegram.org/bot8476521610:AAFKJ_XrFUB5-reI1OjwvQ4vAPimyVMai3I/getUpdates "HTTP/1.1 200 OK"
2025-12-24 11:57:34,576 - httpx - INFO - HTTP Request: POST https://api.telegram.org/bot8476521610:AAFKJ_XrFUB5-reI1OjwvQ4vAPimyVMai3I/getUpdates "HTTP/1.1 200 OK"
2025-12-24 11:57:44,793 - httpx - INFO - HTTP Request: POST https://api.telegram.org/bot8476521610:AAFKJ_XrFUB5-reI1OjwvQ4vAPimyVMai3I/getUpdates "HTTP/1.1 200 OK"
2025-12-24 11:57:55,009 - httpx - INFO - HTTP Request: POST https://api.telegram.org/bot8476521610:AAFKJ_XrFUB5-reI1OjwvQ4vAPimyVMai3I/getUpdates "HTTP/1.1 200 OK"
2025-12-24 11:58:05,226 - httpx - INFO - HTTP Request: POST https://api.telegram.org/bot8476521610:AAFKJ_XrFUB5-reI1OjwvQ4vAPimyVMai3I/getUpdates "HTTP/1.1 200 OK"
2025-12-24 11:58:15,442 - httpx - INFO - HTTP Request: POST https://api.telegram.org/bot8476521610:AAFKJ_XrFUB5-reI1OjwvQ4vAPimyVMai3I/getUpdates "HTTP/1.1 200 OK"
2025-12-24 11:58:25,659 - httpx - INFO - HTTP Request: POST https://api.telegram.org/bot8476521610:AAFKJ_XrFUB5-reI1OjwvQ4vAPimyVMai3I/getUpdates "HTTP/1.1 200 OK"
2025-12-24 11:58:35,875 - httpx - INFO - HTTP Request: POST https://api.telegram.org/bot8476521610:AAFKJ_XrFUB5-reI1OjwvQ4vAPimyVMai3I/getUpdates "HTTP/1.1 200 OK"
2025-12-24 11:58:46,514 - httpx - INFO - HTTP Request: POST https://api.telegram.org/bot8476521610:AAFKJ_XrFUB5-reI1OjwvQ4vAPimyVMai3I/getUpdates "HTTP/1.1 200 OK"
2025-12-24 11:58:56,728 - httpx - INFO - HTTP Request: POST https://api.telegram.org/bot8476521610:AAFKJ_XrFUB5-reI1OjwvQ4vAPimyVMai3I/getUpdates "HTTP/1.1 200 OK"
2025-12-24 11:59:06,945 - httpx - INFO - HTTP Request: POST https://api.telegram.org/bot8476521610:AAFKJ_XrFUB5-reI1OjwvQ4vAPimyVMai3I/getUpdates "HTTP/1.1 200 OK"
2025-12-24 11:59:17,163 - httpx - INFO - HTTP Request: POST https://api.telegram.org/bot8476521610:AAFKJ_XrFUB5-reI1OjwvQ4vAPimyVMai3I/getUpdates "HTTP/1.1 200 OK"
2025-12-24 11:59:27,380 - httpx - INFO - HTTP Request: POST https://api.telegram.org/bot8476521610:AAFKJ_XrFUB5-reI1OjwvQ4vAPimyVMai3I/getUpdates "HTTP/1.1 200 OK"
2025-12-24 11:59:37,598 - httpx - INFO - HTTP Request: POST https://api.telegram.org/bot8476521610:AAFKJ_XrFUB5-reI1OjwvQ4vAPimyVMai3I/getUpdates "HTTP/1.1 200 OK"
2025-12-24 11:59:47,813 - httpx - INFO - HTTP Request: POST https://api.telegram.org/bot8476521610:AAFKJ_XrFUB5-reI1OjwvQ4vAPimyVMai3I/getUpdates "HTTP/1.1 200 OK"
2025-12-24 11:59:58,029 - httpx - INFO - HTTP Request: POST https://api.telegram.org/bot8476521610:AAFKJ_XrFUB5-reI1OjwvQ4vAPimyVMai3I/getUpdates "HTTP/1.1 200 OK"
2025-12-24 12:00:08,243 - httpx - INFO - HTTP Request: POST https://api.telegram.org/bot8476521610:AAFKJ_XrFUB5-reI1OjwvQ4vAPimyVMai3I/getUpdates "HTTP/1.1 200 OK"
2025-12-24 12:00:18,461 - httpx - INFO - HTTP Request: POST https://api.telegram.org/bot8476521610:AAFKJ_XrFUB5-reI1OjwvQ4vAPimyVMai3I/getUpdates "HTTP/1.1 200 OK"
2025-12-24 12:00:28,677 - httpx - INFO - HTTP Request: POST https://api.telegram.org/bot8476521610:AAFKJ_XrFUB5-reI1OjwvQ4vAPimyVMai3I/getUpdates "HTTP/1.1 200 OK"
2025-12-24 12:00:38,893 - httpx - INFO - HTTP Request: POST https://api.telegram.org/bot8476521610:AAFKJ_XrFUB5-reI1OjwvQ4vAPimyVMai3I/getUpdates "HTTP/1.1 200 OK"
2025-12-24 12:00:49,107 - httpx - INFO - HTTP Request: POST https://api.telegram.org/bot8476521610:AAFKJ_XrFUB5-reI1OjwvQ4vAPimyVMai3I/getUpdates "HTTP/1.1 200 OK"
2025-12-24 12:00:59,321 - httpx - INFO - HTTP Request: POST https://api.telegram.org/bot8476521610:AAFKJ_XrFUB5-reI1OjwvQ4vAPimyVMai3I/getUpdates "HTTP/1.1 200 OK"
2025-12-24 12:01:09,545 - httpx - INFO - HTTP Request: POST https://api.telegram.org/bot8476521610:AAFKJ_XrFUB5-reI1OjwvQ4vAPimyVMai3I/getUpdates "HTTP/1.1 200 OK"
2025-12-24 12:01:19,760 - httpx - INFO - HTTP Request: POST https://api.telegram.org/bot8476521610:AAFKJ_XrFUB5-reI1OjwvQ4vAPimyVMai3I/getUpdates "HTTP/1.1 200 OK"
2025-12-24 12:01:29,976 - httpx - INFO - HTTP Request: POST https://api.telegram.org/bot8476521610:AAFKJ_XrFUB5-reI1OjwvQ4vAPimyVMai3I/getUpdates "HTTP/1.1 200 OK"
2025-12-24 12:01:40,232 - httpx - INFO - HTTP Request: POST https://api.telegram.org/bot8476521610:AAFKJ_XrFUB5-reI1OjwvQ4vAPimyVMai3I/getUpdates "HTTP/1.1 200 OK"
2025-12-24 12:01:50,454 - httpx - INFO - HTTP Request: POST https://api.telegram.org/bot8476521610:AAFKJ_XrFUB5-reI1OjwvQ4vAPimyVMai3I/getUpdates "HTTP/1.1 200 OK"
2025-12-24 12:02:00,672 - httpx - INFO - HTTP Request: POST https://api.telegram.org/bot8476521610:AAFKJ_XrFUB5-reI1OjwvQ4vAPimyVMai3I/getUpdates "HTTP/1.1 200 OK"
2025-12-24 12:02:10,889 - httpx - INFO - HTTP Request: POST https://api.telegram.org/bot8476521610:AAFKJ_XrFUB5-reI1OjwvQ4vAPimyVMai3I/getUpdates "HTTP/1.1 200 OK"
2025-12-24 12:02:21,102 - httpx - INFO - HTTP Request: POST https://api.telegram.org/bot8476521610:AAFKJ_XrFUB5-reI1OjwvQ4vAPimyVMai3I/getUpdates "HTTP/1.1 200 OK"
2025-12-24 12:02:31,319 - httpx - INFO - HTTP Request: POST https://api.telegram.org/bot8476521610:AAFKJ_XrFUB5-reI1OjwvQ4vAPimyVMai3I/getUpdates "HTTP/1.1 200 OK"
2025-12-24 12:02:41,534 - httpx - INFO - HTTP Request: POST https://api.telegram.org/bot8476521610:AAFKJ_XrFUB5-reI1OjwvQ4vAPimyVMai3I/getUpdates "HTTP/1.1 200 OK"
2025-12-24 12:02:51,775 - httpx - INFO - HTTP Request: POST https://api.telegram.org/bot8476521610:AAFKJ_XrFUB5-reI1OjwvQ4vAPimyVMai3I/getUpdates "HTTP/1.1 200 OK"
2025-12-24 12:03:01,991 - httpx - INFO - HTTP Request: POST https://api.telegram.org/bot8476521610:AAFKJ_XrFUB5-reI1OjwvQ4vAPimyVMai3I/getUpdates "HTTP/1.1 200 OK"
2025-12-24 12:03:12,204 - httpx - INFO - HTTP Request: POST https://api.telegram.org/bot8476521610:AAFKJ_XrFUB5-reI1OjwvQ4vAPimyVMai3I/getUpdates "HTTP/1.1 200 OK"
2025-12-24 12:03:22,427 - httpx - INFO - HTTP Request: POST https://api.telegram.org/bot8476521610:AAFKJ_XrFUB5-reI1OjwvQ4vAPimyVMai3I/getUpdates "HTTP/1.1 200 OK"
2025-12-24 12:03:32,641 - httpx - INFO - HTTP Request: POST https://api.telegram.org/bot8476521610:AAFKJ_XrFUB5-reI1OjwvQ4vAPimyVMai3I/getUpdates "HTTP/1.1 200 OK"
2025-12-24 12:03:42,856 - httpx - INFO - HTTP Request: POST https://api.telegram.org/bot8476521610:AAFKJ_XrFUB5-reI1OjwvQ4vAPimyVMai3I/getUpdates "HTTP/1.1 200 OK"
2025-12-24 12:03:53,079 - httpx - INFO - HTTP Request: POST https://api.telegram.org/bot8476521610:AAFKJ_XrFUB5-reI1OjwvQ4vAPimyVMai3I/getUpdates "HTTP/1.1 200 OK"
2025-12-24 12:04:03,303 - httpx - INFO - HTTP Request: POST https://api.telegram.org/bot8476521610:AAFKJ_XrFUB5-reI1OjwvQ4vAPimyVMai3I/getUpdates "HTTP/1.1 200 OK"
2025-12-24 12:04:13,532 - httpx - INFO - HTTP Request: POST https://api.telegram.org/bot8476521610:AAFKJ_XrFUB5-reI1OjwvQ4vAPimyVMai3I/getUpdates "HTTP/1.1 200 OK"
2025-12-24 12:04:23,749 - httpx - INFO - HTTP Request: POST https://api.telegram.org/bot8476521610:AAFKJ_XrFUB5-reI1OjwvQ4vAPimyVMai3I/getUpdates "HTTP/1.1 200 OK"
2025-12-24 12:04:33,968 - httpx - INFO - HTTP Request: POST https://api.telegram.org/bot8476521610:AAFKJ_XrFUB5-reI1OjwvQ4vAPimyVMai3I/getUpdates "HTTP/1.1 200 OK"
2025-12-24 12:04:44,182 - httpx - INFO - HTTP Request: POST https://api.telegram.org/bot8476521610:AAFKJ_XrFUB5-reI1OjwvQ4vAPimyVMai3I/getUpdates "HTTP/1.1 200 OK"
2025-12-24 12:04:54,396 - httpx - INFO - HTTP Request: POST https://api.telegram.org/bot8476521610:AAFKJ_XrFUB5-reI1OjwvQ4vAPimyVMai3I/getUpdates "HTTP/1.1 200 OK"
2025-12-24 12:05:04,615 - httpx - INFO - HTTP Request: POST https://api.telegram.org/bot8476521610:AAFKJ_XrFUB5-reI1OjwvQ4vAPimyVMai3I/getUpdates "HTTP/1.1 200 OK"
2025-12-24 12:05:14,831 - httpx - INFO - HTTP Request: POST https://api.telegram.org/bot8476521610:AAFKJ_XrFUB5-reI1OjwvQ4vAPimyVMai3I/getUpdates "HTTP/1.1 200 OK"
2025-12-24 12:05:25,046 - httpx - INFO - HTTP Request: POST https://api.telegram.org/bot8476521610:AAFKJ_XrFUB5-reI1OjwvQ4vAPimyVMai3I/getUpdates "HTTP/1.1 200 OK"
2025-12-24 12:05:35,267 - httpx - INFO - HTTP Request: POST https://api.telegram.org/bot8476521610:AAFKJ_XrFUB5-reI1OjwvQ4vAPimyVMai3I/getUpdates "HTTP/1.1 200 OK"
2025-12-24 12:05:45,479 - httpx - INFO - HTTP Request: POST https://api.telegram.org/bot8476521610:AAFKJ_XrFUB5-reI1OjwvQ4vAPimyVMai3I/getUpdates "HTTP/1.1 200 OK"
2025-12-24 12:05:55,695 - httpx - INFO - HTTP Request: POST https://api.telegram.org/bot8476521610:AAFKJ_XrFUB5-reI1OjwvQ4vAPimyVMai3I/getUpdates "HTTP/1.1 200 OK"
2025-12-24 12:06:05,909 - httpx - INFO - HTTP Request: POST https://api.telegram.org/bot8476521610:AAFKJ_XrFUB5-reI1OjwvQ4vAPimyVMai3I/getUpdates "HTTP/1.1 200 OK"
2025-12-24 12:06:16,122 - httpx - INFO - HTTP Request: POST https://api.telegram.org/bot8476521610:AAFKJ_XrFUB5-reI1OjwvQ4vAPimyVMai3I/getUpdates "HTTP/1.1 200 OK"
2025-12-24 12:06:26,339 - httpx - INFO - HTTP Request: POST https://api.telegram.org/bot8476521610:AAFKJ_XrFUB5-reI1OjwvQ4vAPimyVMai3I/getUpdates "HTTP/1.1 200 OK"
2025-12-24 12:06:36,556 - httpx - INFO - HTTP Request: POST https://api.telegram.org/bot8476521610:AAFKJ_XrFUB5-reI1OjwvQ4vAPimyVMai3I/getUpdates "HTTP/1.1 200 OK"
2025-12-24 12:06:46,770 - httpx - INFO - HTTP Request: POST https://api.telegram.org/bot8476521610:AAFKJ_XrFUB5-reI1OjwvQ4vAPimyVMai3I/getUpdates "HTTP/1.1 200 OK"
2025-12-24 12:06:56,987 - httpx - INFO - HTTP Request: POST https://api.telegram.org/bot8476521610:AAFKJ_XrFUB5-reI1OjwvQ4vAPimyVMai3I/getUpdates "HTTP/1.1 200 OK"
2025-12-24 12:07:07,202 - httpx - INFO - HTTP Request: POST https://api.telegram.org/bot8476521610:AAFKJ_XrFUB5-reI1OjwvQ4vAPimyVMai3I/getUpdates "HTTP/1.1 200 OK"
2025-12-24 12:07:17,416 - httpx - INFO - HTTP Request: POST https://api.telegram.org/bot8476521610:AAFKJ_XrFUB5-reI1OjwvQ4vAPimyVMai3I/getUpdates "HTTP/1.1 200 OK"
2025-12-24 12:07:27,632 - httpx - INFO - HTTP Request: POST https://api.telegram.org/bot8476521610:AAFKJ_XrFUB5-reI1OjwvQ4vAPimyVMai3I/getUpdates "HTTP/1.1 200 OK"
2025-12-24 12:07:37,847 - httpx - INFO - HTTP Request: POST https://api.telegram.org/bot8476521610:AAFKJ_XrFUB5-reI1OjwvQ4vAPimyVMai3I/getUpdates "HTTP/1.1 200 OK"
2025-12-24 12:07:48,061 - httpx - INFO - HTTP Request: POST https://api.telegram.org/bot8476521610:AAFKJ_XrFUB5-reI1OjwvQ4vAPimyVMai3I/getUpdates "HTTP/1.1 200 OK"
2025-12-24 12:07:58,275 - httpx - INFO - HTTP Request: POST https://api.telegram.org/bot8476521610:AAFKJ_XrFUB5-reI1OjwvQ4vAPimyVMai3I/getUpdates "HTTP/1.1 200 OK"
2025-12-24 12:08:08,486 - httpx - INFO - HTTP Request: POST https://api.telegram.org/bot8476521610:AAFKJ_XrFUB5-reI1OjwvQ4vAPimyVMai3I/getUpdates "HTTP/1.1 200 OK"
2025-12-24 12:08:18,704 - httpx - INFO - HTTP Request: POST https://api.telegram.org/bot8476521610:AAFKJ_XrFUB5-reI1OjwvQ4vAPimyVMai3I/getUpdates "HTTP/1.1 200 OK"
2025-12-24 12:08:28,925 - httpx - INFO - HTTP Request: POST https://api.telegram.org/bot8476521610:AAFKJ_XrFUB5-reI1OjwvQ4vAPimyVMai3I/getUpdates "HTTP/1.1 200 OK"
2025-12-24 12:08:39,141 - httpx - INFO - HTTP Request: POST https://api.telegram.org/bot8476521610:AAFKJ_XrFUB5-reI1OjwvQ4vAPimyVMai3I/getUpdates "HTTP/1.1 200 OK"
2025-12-24 12:08:49,362 - httpx - INFO - HTTP Request: POST https://api.telegram.org/bot8476521610:AAFKJ_XrFUB5-reI1OjwvQ4vAPimyVMai3I/getUpdates "HTTP/1.1 200 OK"
2025-12-24 12:08:59,576 - httpx - INFO - HTTP Request: POST https://api.telegram.org/bot8476521610:AAFKJ_XrFUB5-reI1OjwvQ4vAPimyVMai3I/getUpdates "HTTP/1.1 200 OK"
2025-12-24 12:09:09,792 - httpx - INFO - HTTP Request: POST https://api.telegram.org/bot8476521610:AAFKJ_XrFUB5-reI1OjwvQ4vAPimyVMai3I/getUpdates "HTTP/1.1 200 OK"
2025-12-24 12:09:20,007 - httpx - INFO - HTTP Request: POST https://api.telegram.org/bot8476521610:AAFKJ_XrFUB5-reI1OjwvQ4vAPimyVMai3I/getUpdates "HTTP/1.1 200 OK"
2025-12-24 12:09:30,220 - httpx - INFO - HTTP Request: POST https://api.telegram.org/bot8476521610:AAFKJ_XrFUB5-reI1OjwvQ4vAPimyVMai3I/getUpdates "HTTP/1.1 200 OK"
2025-12-24 12:09:40,434 - httpx - INFO - HTTP Request: POST https://api.telegram.org/bot8476521610:AAFKJ_XrFUB5-reI1OjwvQ4vAPimyVMai3I/getUpdates "HTTP/1.1 200 OK"
2025-12-24 12:09:50,656 - httpx - INFO - HTTP Request: POST https://api.telegram.org/bot8476521610:AAFKJ_XrFUB5-reI1OjwvQ4vAPimyVMai3I/getUpdates "HTTP/1.1 200 OK"
2025-12-24 12:10:00,874 - httpx - INFO - HTTP Request: POST https://api.telegram.org/bot8476521610:AAFKJ_XrFUB5-reI1OjwvQ4vAPimyVMai3I/getUpdates "HTTP/1.1 200 OK"
2025-12-24 12:10:11,092 - httpx - INFO - HTTP Request: POST https://api.telegram.org/bot8476521610:AAFKJ_XrFUB5-reI1OjwvQ4vAPimyVMai3I/getUpdates "HTTP/1.1 200 OK"
2025-12-24 12:10:21,306 - httpx - INFO - HTTP Request: POST https://api.telegram.org/bot8476521610:AAFKJ_XrFUB5-reI1OjwvQ4vAPimyVMai3I/getUpdates "HTTP/1.1 200 OK"
2025-12-24 12:10:31,520 - httpx - INFO - HTTP Request: POST https://api.telegram.org/bot8476521610:AAFKJ_XrFUB5-reI1OjwvQ4vAPimyVMai3I/getUpdates "HTTP/1.1 200 OK"
2025-12-24 12:10:41,733 - httpx - INFO - HTTP Request: POST https://api.telegram.org/bot8476521610:AAFKJ_XrFUB5-reI1OjwvQ4vAPimyVMai3I/getUpdates "HTTP/1.1 200 OK"
2025-12-24 12:10:51,953 - httpx - INFO - HTTP Request: POST https://api.telegram.org/bot8476521610:AAFKJ_XrFUB5-reI1OjwvQ4vAPimyVMai3I/getUpdates "HTTP/1.1 200 OK"
2025-12-24 12:11:02,171 - httpx - INFO - HTTP Request: POST https://api.telegram.org/bot8476521610:AAFKJ_XrFUB5-reI1OjwvQ4vAPimyVMai3I/getUpdates "HTTP/1.1 200 OK"
2025-12-24 12:11:12,387 - httpx - INFO - HTTP Request: POST https://api.telegram.org/bot8476521610:AAFKJ_XrFUB5-reI1OjwvQ4vAPimyVMai3I/getUpdates "HTTP/1.1 200 OK"
2025-12-24 12:11:22,602 - httpx - INFO - HTTP Request: POST https://api.telegram.org/bot8476521610:AAFKJ_XrFUB5-reI1OjwvQ4vAPimyVMai3I/getUpdates "HTTP/1.1 200 OK"
2025-12-24 12:11:32,820 - httpx - INFO - HTTP Request: POST https://api.telegram.org/bot8476521610:AAFKJ_XrFUB5-reI1OjwvQ4vAPimyVMai3I/getUpdates "HTTP/1.1 200 OK"
2025-12-24 12:11:43,034 - httpx - INFO - HTTP Request: POST https://api.telegram.org/bot8476521610:AAFKJ_XrFUB5-reI1OjwvQ4vAPimyVMai3I/getUpdates "HTTP/1.1 200 OK"
2025-12-24 12:11:53,249 - httpx - INFO - HTTP Request: POST https://api.telegram.org/bot8476521610:AAFKJ_XrFUB5-reI1OjwvQ4vAPimyVMai3I/getUpdates "HTTP/1.1 200 OK"
2025-12-24 12:12:03,465 - httpx - INFO - HTTP Request: POST https://api.telegram.org/bot8476521610:AAFKJ_XrFUB5-reI1OjwvQ4vAPimyVMai3I/getUpdates "HTTP/1.1 200 OK"
2025-12-24 12:12:13,689 - httpx - INFO - HTTP Request: POST https://api.telegram.org/bot8476521610:AAFKJ_XrFUB5-reI1OjwvQ4vAPimyVMai3I/getUpdates "HTTP/1.1 200 OK"
2025-12-24 12:12:23,907 - httpx - INFO - HTTP Request: POST https://api.telegram.org/bot8476521610:AAFKJ_XrFUB5-reI1OjwvQ4vAPimyVMai3I/getUpdates "HTTP/1.1 200 OK"
2025-12-24 12:12:34,124 - httpx - INFO - HTTP Request: POST https://api.telegram.org/bot8476521610:AAFKJ_XrFUB5-reI1OjwvQ4vAPimyVMai3I/getUpdates "HTTP/1.1 200 OK"
2025-12-24 12:12:44,340 - httpx - INFO - HTTP Request: POST https://api.telegram.org/bot8476521610:AAFKJ_XrFUB5-reI1OjwvQ4vAPimyVMai3I/getUpdates "HTTP/1.1 200 OK"
2025-12-24 12:12:54,556 - httpx - INFO - HTTP Request: POST https://api.telegram.org/bot8476521610:AAFKJ_XrFUB5-reI1OjwvQ4vAPimyVMai3I/getUpdates "HTTP/1.1 200 OK"
2025-12-24 12:13:04,773 - httpx - INFO - HTTP Request: POST https://api.telegram.org/bot8476521610:AAFKJ_XrFUB5-reI1OjwvQ4vAPimyVMai3I/getUpdates "HTTP/1.1 200 OK"
2025-12-24 12:13:15,025 - httpx - INFO - HTTP Request: POST https://api.telegram.org/bot8476521610:AAFKJ_XrFUB5-reI1OjwvQ4vAPimyVMai3I/getUpdates "HTTP/1.1 200 OK"
2025-12-24 12:13:25,240 - httpx - INFO - HTTP Request: POST https://api.telegram.org/bot8476521610:AAFKJ_XrFUB5-reI1OjwvQ4vAPimyVMai3I/getUpdates "HTTP/1.1 200 OK"
2025-12-24 12:13:35,455 - httpx - INFO - HTTP Request: POST https://api.telegram.org/bot8476521610:AAFKJ_XrFUB5-reI1OjwvQ4vAPimyVMai3I/getUpdates "HTTP/1.1 200 OK"
2025-12-24 12:13:45,669 - httpx - INFO - HTTP Request: POST https://api.telegram.org/bot8476521610:AAFKJ_XrFUB5-reI1OjwvQ4vAPimyVMai3I/getUpdates "HTTP/1.1 200 OK"
2025-12-24 12:13:55,884 - httpx - INFO - HTTP Request: POST https://api.telegram.org/bot8476521610:AAFKJ_XrFUB5-reI1OjwvQ4vAPimyVMai3I/getUpdates "HTTP/1.1 200 OK"
2025-12-24 12:14:06,099 - httpx - INFO - HTTP Request: POST https://api.telegram.org/bot8476521610:AAFKJ_XrFUB5-reI1OjwvQ4vAPimyVMai3I/getUpdates "HTTP/1.1 200 OK"
2025-12-24 12:14:16,315 - httpx - INFO - HTTP Request: POST https://api.telegram.org/bot8476521610:AAFKJ_XrFUB5-reI1OjwvQ4vAPimyVMai3I/getUpdates "HTTP/1.1 200 OK"
2025-12-24 12:14:26,531 - httpx - INFO - HTTP Request: POST https://api.telegram.org/bot8476521610:AAFKJ_XrFUB5-reI1OjwvQ4vAPimyVMai3I/getUpdates "HTTP/1.1 200 OK"
2025-12-24 12:14:36,745 - httpx - INFO - HTTP Request: POST https://api.telegram.org/bot8476521610:AAFKJ_XrFUB5-reI1OjwvQ4vAPimyVMai3I/getUpdates "HTTP/1.1 200 OK"
2025-12-24 12:14:46,958 - httpx - INFO - HTTP Request: POST https://api.telegram.org/bot8476521610:AAFKJ_XrFUB5-reI1OjwvQ4vAPimyVMai3I/getUpdates "HTTP/1.1 200 OK"
2025-12-24 12:14:57,174 - httpx - INFO - HTTP Request: POST https://api.telegram.org/bot8476521610:AAFKJ_XrFUB5-reI1OjwvQ4vAPimyVMai3I/getUpdates "HTTP/1.1 200 OK"
2025-12-24 12:15:07,389 - httpx - INFO - HTTP Request: POST https://api.telegram.org/bot8476521610:AAFKJ_XrFUB5-reI1OjwvQ4vAPimyVMai3I/getUpdates "HTTP/1.1 200 OK"
2025-12-24 12:15:17,610 - httpx - INFO - HTTP Request: POST https://api.telegram.org/bot8476521610:AAFKJ_XrFUB5-reI1OjwvQ4vAPimyVMai3I/getUpdates "HTTP/1.1 200 OK"
2025-12-24 12:15:27,824 - httpx - INFO - HTTP Request: POST https://api.telegram.org/bot8476521610:AAFKJ_XrFUB5-reI1OjwvQ4vAPimyVMai3I/getUpdates "HTTP/1.1 200 OK"
2025-12-24 12:15:38,081 - httpx - INFO - HTTP Request: POST https://api.telegram.org/bot8476521610:AAFKJ_XrFUB5-reI1OjwvQ4vAPimyVMai3I/getUpdates "HTTP/1.1 200 OK"
2025-12-24 12:15:48,720 - httpx - INFO - HTTP Request: POST https://api.telegram.org/bot8476521610:AAFKJ_XrFUB5-reI1OjwvQ4vAPimyVMai3I/getUpdates "HTTP/1.1 200 OK"
2025-12-24 12:15:58,937 - httpx - INFO - HTTP Request: POST https://api.telegram.org/bot8476521610:AAFKJ_XrFUB5-reI1OjwvQ4vAPimyVMai3I/getUpdates "HTTP/1.1 200 OK"
2025-12-24 12:16:09,153 - httpx - INFO - HTTP Request: POST https://api.telegram.org/bot8476521610:AAFKJ_XrFUB5-reI1OjwvQ4vAPimyVMai3I/getUpdates "HTTP/1.1 200 OK"
2025-12-24 12:16:19,373 - httpx - INFO - HTTP Request: POST https://api.telegram.org/bot8476521610:AAFKJ_XrFUB5-reI1OjwvQ4vAPimyVMai3I/getUpdates "HTTP/1.1 200 OK"
2025-12-24 12:16:29,587 - httpx - INFO - HTTP Request: POST https://api.telegram.org/bot8476521610:AAFKJ_XrFUB5-reI1OjwvQ4vAPimyVMai3I/getUpdates "HTTP/1.1 200 OK"
2025-12-24 12:16:39,809 - httpx - INFO - HTTP Request: POST https://api.telegram.org/bot8476521610:AAFKJ_XrFUB5-reI1OjwvQ4vAPimyVMai3I/getUpdates "HTTP/1.1 200 OK"
2025-12-24 12:16:50,024 - httpx - INFO - HTTP Request: POST https://api.telegram.org/bot8476521610:AAFKJ_XrFUB5-reI1OjwvQ4vAPimyVMai3I/getUpdates "HTTP/1.1 200 OK"
2025-12-24 12:17:00,242 - httpx - INFO - HTTP Request: POST https://api.telegram.org/bot8476521610:AAFKJ_XrFUB5-reI1OjwvQ4vAPimyVMai3I/getUpdates "HTTP/1.1 200 OK"
2025-12-24 12:17:10,456 - httpx - INFO - HTTP Request: POST https://api.telegram.org/bot8476521610:AAFKJ_XrFUB5-reI1OjwvQ4vAPimyVMai3I/getUpdates "HTTP/1.1 200 OK"
2025-12-24 12:17:20,666 - httpx - INFO - HTTP Request: POST https://api.telegram.org/bot8476521610:AAFKJ_XrFUB5-reI1OjwvQ4vAPimyVMai3I/getUpdates "HTTP/1.1 200 OK"
2025-12-24 12:17:30,884 - httpx - INFO - HTTP Request: POST https://api.telegram.org/bot8476521610:AAFKJ_XrFUB5-reI1OjwvQ4vAPimyVMai3I/getUpdates "HTTP/1.1 200 OK"
2025-12-24 12:17:41,099 - httpx - INFO - HTTP Request: POST https://api.telegram.org/bot8476521610:AAFKJ_XrFUB5-reI1OjwvQ4vAPimyVMai3I/getUpdates "HTTP/1.1 200 OK"
2025-12-24 12:17:51,316 - httpx - INFO - HTTP Request: POST https://api.telegram.org/bot8476521610:AAFKJ_XrFUB5-reI1OjwvQ4vAPimyVMai3I/getUpdates "HTTP/1.1 200 OK"
2025-12-24 12:20:01,977 - httpx - INFO - HTTP Request: POST https://api.telegram.org/bot8476521610:AAFKJ_XrFUB5-reI1OjwvQ4vAPimyVMai3I/getUpdates "HTTP/1.1 200 OK"
2025-12-24 12:20:12,180 - httpx - INFO - HTTP Request: POST https://api.telegram.org/bot8476521610:AAFKJ_XrFUB5-reI1OjwvQ4vAPimyVMai3I/getUpdates "HTTP/1.1 200 OK"
2025-12-24 12:20:22,396 - httpx - INFO - HTTP Request: POST https://api.telegram.org/bot8476521610:AAFKJ_XrFUB5-reI1OjwvQ4vAPimyVMai3I/getUpdates "HTTP/1.1 200 OK"
2025-12-24 12:20:32,599 - httpx - INFO - HTTP Request: POST https://api.telegram.org/bot8476521610:AAFKJ_XrFUB5-reI1OjwvQ4vAPimyVMai3I/getUpdates "HTTP/1.1 200 OK"
2025-12-24 12:20:42,818 - httpx - INFO - HTTP Request: POST https://api.telegram.org/bot8476521610:AAFKJ_XrFUB5-reI1OjwvQ4vAPimyVMai3I/getUpdates "HTTP/1.1 200 OK"
2025-12-24 12:20:53,032 - httpx - INFO - HTTP Request: POST https://api.telegram.org/bot8476521610:AAFKJ_XrFUB5-reI1OjwvQ4vAPimyVMai3I/getUpdates "HTTP/1.1 200 OK"
2025-12-24 12:21:03,242 - httpx - INFO - HTTP Request: POST https://api.telegram.org/bot8476521610:AAFKJ_XrFUB5-reI1OjwvQ4vAPimyVMai3I/getUpdates "HTTP/1.1 200 OK"
2025-12-24 12:21:13,455 - httpx - INFO - HTTP Request: POST https://api.telegram.org/bot8476521610:AAFKJ_XrFUB5-reI1OjwvQ4vAPimyVMai3I/getUpdates "HTTP/1.1 200 OK"
2025-12-24 12:21:23,670 - httpx - INFO - HTTP Request: POST https://api.telegram.org/bot8476521610:AAFKJ_XrFUB5-reI1OjwvQ4vAPimyVMai3I/getUpdates "HTTP/1.1 200 OK"
2025-12-24 12:21:33,890 - httpx - INFO - HTTP Request: POST https://api.telegram.org/bot8476521610:AAFKJ_XrFUB5-reI1OjwvQ4vAPimyVMai3I/getUpdates "HTTP/1.1 200 OK"
2025-12-24 12:21:44,105 - httpx - INFO - HTTP Request: POST https://api.telegram.org/bot8476521610:AAFKJ_XrFUB5-reI1OjwvQ4vAPimyVMai3I/getUpdates "HTTP/1.1 200 OK"
2025-12-24 12:21:54,326 - httpx - INFO - HTTP Request: POST https://api.telegram.org/bot8476521610:AAFKJ_XrFUB5-reI1OjwvQ4vAPimyVMai3I/getUpdates "HTTP/1.1 200 OK"
2025-12-24 12:22:04,540 - httpx - INFO - HTTP Request: POST https://api.telegram.org/bot8476521610:AAFKJ_XrFUB5-reI1OjwvQ4vAPimyVMai3I/getUpdates "HTTP/1.1 200 OK"
2025-12-24 12:22:14,759 - httpx - INFO - HTTP Request: POST https://api.telegram.org/bot8476521610:AAFKJ_XrFUB5-reI1OjwvQ4vAPimyVMai3I/getUpdates "HTTP/1.1 200 OK"
2025-12-24 12:22:24,974 - httpx - INFO - HTTP Request: POST https://api.telegram.org/bot8476521610:AAFKJ_XrFUB5-reI1OjwvQ4vAPimyVMai3I/getUpdates "HTTP/1.1 200 OK"
2025-12-24 12:22:35,190 - httpx - INFO - HTTP Request: POST https://api.telegram.org/bot8476521610:AAFKJ_XrFUB5-reI1OjwvQ4vAPimyVMai3I/getUpdates "HTTP/1.1 200 OK"
2025-12-24 12:22:45,457 - httpx - INFO - HTTP Request: POST https://api.telegram.org/bot8476521610:AAFKJ_XrFUB5-reI1OjwvQ4vAPimyVMai3I/getUpdates "HTTP/1.1 200 OK"
2025-12-24 12:22:55,672 - httpx - INFO - HTTP Request: POST https://api.telegram.org/bot8476521610:AAFKJ_XrFUB5-reI1OjwvQ4vAPimyVMai3I/getUpdates "HTTP/1.1 200 OK"
2025-12-24 12:23:05,898 - httpx - INFO - HTTP Request: POST https://api.telegram.org/bot8476521610:AAFKJ_XrFUB5-reI1OjwvQ4vAPimyVMai3I/getUpdates "HTTP/1.1 200 OK"
2025-12-24 12:23:16,112 - httpx - INFO - HTTP Request: POST https://api.telegram.org/bot8476521610:AAFKJ_XrFUB5-reI1OjwvQ4vAPimyVMai3I/getUpdates "HTTP/1.1 200 OK"
2025-12-24 12:23:26,334 - httpx - INFO - HTTP Request: POST https://api.telegram.org/bot8476521610:AAFKJ_XrFUB5-reI1OjwvQ4vAPimyVMai3I/getUpdates "HTTP/1.1 200 OK"
2025-12-24 12:23:36,552 - httpx - INFO - HTTP Request: POST https://api.telegram.org/bot8476521610:AAFKJ_XrFUB5-reI1OjwvQ4vAPimyVMai3I/getUpdates "HTTP/1.1 200 OK"
2025-12-24 12:23:46,771 - httpx - INFO - HTTP Request: POST https://api.telegram.org/bot8476521610:AAFKJ_XrFUB5-reI1OjwvQ4vAPimyVMai3I/getUpdates "HTTP/1.1 200 OK"
2025-12-24 12:23:56,987 - httpx - INFO - HTTP Request: POST https://api.telegram.org/bot8476521610:AAFKJ_XrFUB5-reI1OjwvQ4vAPimyVMai3I/getUpdates "HTTP/1.1 200 OK"
2025-12-24 12:24:07,203 - httpx - INFO - HTTP Request: POST https://api.telegram.org/bot8476521610:AAFKJ_XrFUB5-reI1OjwvQ4vAPimyVMai3I/getUpdates "HTTP/1.1 200 OK"
2025-12-24 12:24:17,417 - httpx - INFO - HTTP Request: POST https://api.telegram.org/bot8476521610:AAFKJ_XrFUB5-reI1OjwvQ4vAPimyVMai3I/getUpdates "HTTP/1.1 200 OK"
2025-12-24 12:24:27,632 - httpx - INFO - HTTP Request: POST https://api.telegram.org/bot8476521610:AAFKJ_XrFUB5-reI1OjwvQ4vAPimyVMai3I/getUpdates "HTTP/1.1 200 OK"
2025-12-24 12:24:37,852 - httpx - INFO - HTTP Request: POST https://api.telegram.org/bot8476521610:AAFKJ_XrFUB5-reI1OjwvQ4vAPimyVMai3I/getUpdates "HTTP/1.1 200 OK"
2025-12-24 12:24:48,068 - httpx - INFO - HTTP Request: POST https://api.telegram.org/bot8476521610:AAFKJ_XrFUB5-reI1OjwvQ4vAPimyVMai3I/getUpdates "HTTP/1.1 200 OK"
2025-12-24 12:24:58,283 - httpx - INFO - HTTP Request: POST https://api.telegram.org/bot8476521610:AAFKJ_XrFUB5-reI1OjwvQ4vAPimyVMai3I/getUpdates "HTTP/1.1 200 OK"
2025-12-24 12:25:08,498 - httpx - INFO - HTTP Request: POST https://api.telegram.org/bot8476521610:AAFKJ_XrFUB5-reI1OjwvQ4vAPimyVMai3I/getUpdates "HTTP/1.1 200 OK"
2025-12-24 12:25:18,714 - httpx - INFO - HTTP Request: POST https://api.telegram.org/bot8476521610:AAFKJ_XrFUB5-reI1OjwvQ4vAPimyVMai3I/getUpdates "HTTP/1.1 200 OK"
2025-12-24 12:25:28,932 - httpx - INFO - HTTP Request: POST https://api.telegram.org/bot8476521610:AAFKJ_XrFUB5-reI1OjwvQ4vAPimyVMai3I/getUpdates "HTTP/1.1 200 OK"
2025-12-24 12:25:39,150 - httpx - INFO - HTTP Request: POST https://api.telegram.org/bot8476521610:AAFKJ_XrFUB5-reI1OjwvQ4vAPimyVMai3I/getUpdates "HTTP/1.1 200 OK"
2025-12-24 12:25:49,382 - httpx - INFO - HTTP Request: POST https://api.telegram.org/bot8476521610:AAFKJ_XrFUB5-reI1OjwvQ4vAPimyVMai3I/getUpdates "HTTP/1.1 200 OK"
2025-12-24 12:25:59,596 - httpx - INFO - HTTP Request: POST https://api.telegram.org/bot8476521610:AAFKJ_XrFUB5-reI1OjwvQ4vAPimyVMai3I/getUpdates "HTTP/1.1 200 OK"
2025-12-24 12:26:09,814 - httpx - INFO - HTTP Request: POST https://api.telegram.org/bot8476521610:AAFKJ_XrFUB5-reI1OjwvQ4vAPimyVMai3I/getUpdates "HTTP/1.1 200 OK"
2025-12-24 12:26:20,050 - httpx - INFO - HTTP Request: POST https://api.telegram.org/bot8476521610:AAFKJ_XrFUB5-reI1OjwvQ4vAPimyVMai3I/getUpdates "HTTP/1.1 200 OK"
2025-12-24 12:26:30,268 - httpx - INFO - HTTP Request: POST https://api.telegram.org/bot8476521610:AAFKJ_XrFUB5-reI1OjwvQ4vAPimyVMai3I/getUpdates "HTTP/1.1 200 OK"
2025-12-24 12:26:40,485 - httpx - INFO - HTTP Request: POST https://api.telegram.org/bot8476521610:AAFKJ_XrFUB5-reI1OjwvQ4vAPimyVMai3I/getUpdates "HTTP/1.1 200 OK"
2025-12-24 12:26:50,705 - httpx - INFO - HTTP Request: POST https://api.telegram.org/bot8476521610:AAFKJ_XrFUB5-reI1OjwvQ4vAPimyVMai3I/getUpdates "HTTP/1.1 200 OK"
2025-12-24 12:27:00,919 - httpx - INFO - HTTP Request: POST https://api.telegram.org/bot8476521610:AAFKJ_XrFUB5-reI1OjwvQ4vAPimyVMai3I/getUpdates "HTTP/1.1 200 OK"
2025-12-24 12:27:11,135 - httpx - INFO - HTTP Request: POST https://api.telegram.org/bot8476521610:AAFKJ_XrFUB5-reI1OjwvQ4vAPimyVMai3I/getUpdates "HTTP/1.1 200 OK"
2025-12-24 12:27:21,351 - httpx - INFO - HTTP Request: POST https://api.telegram.org/bot8476521610:AAFKJ_XrFUB5-reI1OjwvQ4vAPimyVMai3I/getUpdates "HTTP/1.1 200 OK"
2025-12-24 12:27:31,586 - httpx - INFO - HTTP Request: POST https://api.telegram.org/bot8476521610:AAFKJ_XrFUB5-reI1OjwvQ4vAPimyVMai3I/getUpdates "HTTP/1.1 200 OK"
2025-12-24 12:27:41,805 - httpx - INFO - HTTP Request: POST https://api.telegram.org/bot8476521610:AAFKJ_XrFUB5-reI1OjwvQ4vAPimyVMai3I/getUpdates "HTTP/1.1 200 OK"
2025-12-24 12:27:52,020 - httpx - INFO - HTTP Request: POST https://api.telegram.org/bot8476521610:AAFKJ_XrFUB5-reI1OjwvQ4vAPimyVMai3I/getUpdates "HTTP/1.1 200 OK"
2025-12-24 12:28:02,235 - httpx - INFO - HTTP Request: POST https://api.telegram.org/bot8476521610:AAFKJ_XrFUB5-reI1OjwvQ4vAPimyVMai3I/getUpdates "HTTP/1.1 200 OK"
2025-12-24 12:28:12,451 - httpx - INFO - HTTP Request: POST https://api.telegram.org/bot8476521610:AAFKJ_XrFUB5-reI1OjwvQ4vAPimyVMai3I/getUpdates "HTTP/1.1 200 OK"
2025-12-24 12:28:22,666 - httpx - INFO - HTTP Request: POST https://api.telegram.org/bot8476521610:AAFKJ_XrFUB5-reI1OjwvQ4vAPimyVMai3I/getUpdates "HTTP/1.1 200 OK"
2025-12-24 12:28:32,883 - httpx - INFO - HTTP Request: POST https://api.telegram.org/bot8476521610:AAFKJ_XrFUB5-reI1OjwvQ4vAPimyVMai3I/getUpdates "HTTP/1.1 200 OK"
2025-12-24 12:28:43,103 - httpx - INFO - HTTP Request: POST https://api.telegram.org/bot8476521610:AAFKJ_XrFUB5-reI1OjwvQ4vAPimyVMai3I/getUpdates "HTTP/1.1 200 OK"
2025-12-24 12:28:53,319 - httpx - INFO - HTTP Request: POST https://api.telegram.org/bot8476521610:AAFKJ_XrFUB5-reI1OjwvQ4vAPimyVMai3I/getUpdates "HTTP/1.1 200 OK"
2025-12-24 12:29:03,537 - httpx - INFO - HTTP Request: POST https://api.telegram.org/bot8476521610:AAFKJ_XrFUB5-reI1OjwvQ4vAPimyVMai3I/getUpdates "HTTP/1.1 200 OK"
2025-12-24 12:29:13,753 - httpx - INFO - HTTP Request: POST https://api.telegram.org/bot8476521610:AAFKJ_XrFUB5-reI1OjwvQ4vAPimyVMai3I/getUpdates "HTTP/1.1 200 OK"
2025-12-24 12:29:23,969 - httpx - INFO - HTTP Request: POST https://api.telegram.org/bot8476521610:AAFKJ_XrFUB5-reI1OjwvQ4vAPimyVMai3I/getUpdates "HTTP/1.1 200 OK"
2025-12-24 12:29:34,184 - httpx - INFO - HTTP Request: POST https://api.telegram.org/bot8476521610:AAFKJ_XrFUB5-reI1OjwvQ4vAPimyVMai3I/getUpdates "HTTP/1.1 200 OK"
2025-12-24 12:29:44,397 - httpx - INFO - HTTP Request: POST https://api.telegram.org/bot8476521610:AAFKJ_XrFUB5-reI1OjwvQ4vAPimyVMai3I/getUpdates "HTTP/1.1 200 OK"
2025-12-24 12:29:54,613 - httpx - INFO - HTTP Request: POST https://api.telegram.org/bot8476521610:AAFKJ_XrFUB5-reI1OjwvQ4vAPimyVMai3I/getUpdates "HTTP/1.1 200 OK"
2025-12-24 12:30:04,824 - httpx - INFO - HTTP Request: POST https://api.telegram.org/bot8476521610:AAFKJ_XrFUB5-reI1OjwvQ4vAPimyVMai3I/getUpdates "HTTP/1.1 200 OK"
2025-12-24 12:30:15,047 - httpx - INFO - HTTP Request: POST https://api.telegram.org/bot8476521610:AAFKJ_XrFUB5-reI1OjwvQ4vAPimyVMai3I/getUpdates "HTTP/1.1 200 OK"
2025-12-24 12:30:25,265 - httpx - INFO - HTTP Request: POST https://api.telegram.org/bot8476521610:AAFKJ_XrFUB5-reI1OjwvQ4vAPimyVMai3I/getUpdates "HTTP/1.1 200 OK"
2025-12-24 12:30:35,479 - httpx - INFO - HTTP Request: POST https://api.telegram.org/bot8476521610:AAFKJ_XrFUB5-reI1OjwvQ4vAPimyVMai3I/getUpdates "HTTP/1.1 200 OK"
2025-12-24 12:30:45,695 - httpx - INFO - HTTP Request: POST https://api.telegram.org/bot8476521610:AAFKJ_XrFUB5-reI1OjwvQ4vAPimyVMai3I/getUpdates "HTTP/1.1 200 OK"
2025-12-24 12:30:55,910 - httpx - INFO - HTTP Request: POST https://api.telegram.org/bot8476521610:AAFKJ_XrFUB5-reI1OjwvQ4vAPimyVMai3I/getUpdates "HTTP/1.1 200 OK"
2025-12-24 12:31:06,125 - httpx - INFO - HTTP Request: POST https://api.telegram.org/bot8476521610:AAFKJ_XrFUB5-reI1OjwvQ4vAPimyVMai3I/getUpdates "HTTP/1.1 200 OK"
2025-12-24 12:31:16,340 - httpx - INFO - HTTP Request: POST https://api.telegram.org/bot8476521610:AAFKJ_XrFUB5-reI1OjwvQ4vAPimyVMai3I/getUpdates "HTTP/1.1 200 OK"
2025-12-24 12:31:26,579 - httpx - INFO - HTTP Request: POST https://api.telegram.org/bot8476521610:AAFKJ_XrFUB5-reI1OjwvQ4vAPimyVMai3I/getUpdates "HTTP/1.1 200 OK"
2025-12-24 12:31:36,795 - httpx - INFO - HTTP Request: POST https://api.telegram.org/bot8476521610:AAFKJ_XrFUB5-reI1OjwvQ4vAPimyVMai3I/getUpdates "HTTP/1.1 200 OK"
2025-12-24 12:31:47,024 - httpx - INFO - HTTP Request: POST https://api.telegram.org/bot8476521610:AAFKJ_XrFUB5-reI1OjwvQ4vAPimyVMai3I/getUpdates "HTTP/1.1 200 OK"
2025-12-24 12:31:57,318 - httpx - INFO - HTTP Request: POST https://api.telegram.org/bot8476521610:AAFKJ_XrFUB5-reI1OjwvQ4vAPimyVMai3I/getUpdates "HTTP/1.1 200 OK"
2025-12-24 12:32:07,533 - httpx - INFO - HTTP Request: POST https://api.telegram.org/bot8476521610:AAFKJ_XrFUB5-reI1OjwvQ4vAPimyVMai3I/getUpdates "HTTP/1.1 200 OK"
2025-12-24 12:32:17,775 - httpx - INFO - HTTP Request: POST https://api.telegram.org/bot8476521610:AAFKJ_XrFUB5-reI1OjwvQ4vAPimyVMai3I/getUpdates "HTTP/1.1 200 OK"
2025-12-24 12:32:27,990 - httpx - INFO - HTTP Request: POST https://api.telegram.org/bot8476521610:AAFKJ_XrFUB5-reI1OjwvQ4vAPimyVMai3I/getUpdates "HTTP/1.1 200 OK"
2025-12-24 12:32:38,207 - httpx - INFO - HTTP Request: POST https://api.telegram.org/bot8476521610:AAFKJ_XrFUB5-reI1OjwvQ4vAPimyVMai3I/getUpdates "HTTP/1.1 200 OK"
2025-12-24 12:32:48,426 - httpx - INFO - HTTP Request: POST https://api.telegram.org/bot8476521610:AAFKJ_XrFUB5-reI1OjwvQ4vAPimyVMai3I/getUpdates "HTTP/1.1 200 OK"
2025-12-24 12:32:58,640 - httpx - INFO - HTTP Request: POST https://api.telegram.org/bot8476521610:AAFKJ_XrFUB5-reI1OjwvQ4vAPimyVMai3I/getUpdates "HTTP/1.1 200 OK"
2025-12-24 12:33:08,859 - httpx - INFO - HTTP Request: POST https://api.telegram.org/bot8476521610:AAFKJ_XrFUB5-reI1OjwvQ4vAPimyVMai3I/getUpdates "HTTP/1.1 200 OK"
2025-12-24 12:33:19,074 - httpx - INFO - HTTP Request: POST https://api.telegram.org/bot8476521610:AAFKJ_XrFUB5-reI1OjwvQ4vAPimyVMai3I/getUpdates "HTTP/1.1 200 OK"
2025-12-24 12:33:29,290 - httpx - INFO - HTTP Request: POST https://api.telegram.org/bot8476521610:AAFKJ_XrFUB5-reI1OjwvQ4vAPimyVMai3I/getUpdates "HTTP/1.1 200 OK"
2025-12-24 12:33:39,524 - httpx - INFO - HTTP Request: POST https://api.telegram.org/bot8476521610:AAFKJ_XrFUB5-reI1OjwvQ4vAPimyVMai3I/getUpdates "HTTP/1.1 200 OK"
2025-12-24 12:33:49,740 - httpx - INFO - HTTP Request: POST https://api.telegram.org/bot8476521610:AAFKJ_XrFUB5-reI1OjwvQ4vAPimyVMai3I/getUpdates "HTTP/1.1 200 OK"
2025-12-24 12:33:59,953 - httpx - INFO - HTTP Request: POST https://api.telegram.org/bot8476521610:AAFKJ_XrFUB5-reI1OjwvQ4vAPimyVMai3I/getUpdates "HTTP/1.1 200 OK"
2025-12-24 12:34:10,178 - httpx - INFO - HTTP Request: POST https://api.telegram.org/bot8476521610:AAFKJ_XrFUB5-reI1OjwvQ4vAPimyVMai3I/getUpdates "HTTP/1.1 200 OK"
2025-12-24 12:34:20,394 - httpx - INFO - HTTP Request: POST https://api.telegram.org/bot8476521610:AAFKJ_XrFUB5-reI1OjwvQ4vAPimyVMai3I/getUpdates "HTTP/1.1 200 OK"
2025-12-24 12:34:30,609 - httpx - INFO - HTTP Request: POST https://api.telegram.org/bot8476521610:AAFKJ_XrFUB5-reI1OjwvQ4vAPimyVMai3I/getUpdates "HTTP/1.1 200 OK"
2025-12-24 12:34:40,823 - httpx - INFO - HTTP Request: POST https://api.telegram.org/bot8476521610:AAFKJ_XrFUB5-reI1OjwvQ4vAPimyVMai3I/getUpdates "HTTP/1.1 200 OK"
2025-12-24 12:34:51,034 - httpx - INFO - HTTP Request: POST https://api.telegram.org/bot8476521610:AAFKJ_XrFUB5-reI1OjwvQ4vAPimyVMai3I/getUpdates "HTTP/1.1 200 OK"
2025-12-24 12:35:01,253 - httpx - INFO - HTTP Request: POST https://api.telegram.org/bot8476521610:AAFKJ_XrFUB5-reI1OjwvQ4vAPimyVMai3I/getUpdates "HTTP/1.1 200 OK"
2025-12-24 12:35:11,468 - httpx - INFO - HTTP Request: POST https://api.telegram.org/bot8476521610:AAFKJ_XrFUB5-reI1OjwvQ4vAPimyVMai3I/getUpdates "HTTP/1.1 200 OK"
2025-12-24 12:35:21,681 - httpx - INFO - HTTP Request: POST https://api.telegram.org/bot8476521610:AAFKJ_XrFUB5-reI1OjwvQ4vAPimyVMai3I/getUpdates "HTTP/1.1 200 OK"
2025-12-24 12:35:31,894 - httpx - INFO - HTTP Request: POST https://api.telegram.org/bot8476521610:AAFKJ_XrFUB5-reI1OjwvQ4vAPimyVMai3I/getUpdates "HTTP/1.1 200 OK"
2025-12-24 12:35:42,108 - httpx - INFO - HTTP Request: POST https://api.telegram.org/bot8476521610:AAFKJ_XrFUB5-reI1OjwvQ4vAPimyVMai3I/getUpdates "HTTP/1.1 200 OK"
2025-12-24 12:35:52,332 - httpx - INFO - HTTP Request: POST https://api.telegram.org/bot8476521610:AAFKJ_XrFUB5-reI1OjwvQ4vAPimyVMai3I/getUpdates "HTTP/1.1 200 OK"
2025-12-24 12:36:02,546 - httpx - INFO - HTTP Request: POST https://api.telegram.org/bot8476521610:AAFKJ_XrFUB5-reI1OjwvQ4vAPimyVMai3I/getUpdates "HTTP/1.1 200 OK"
2025-12-24 12:36:12,762 - httpx - INFO - HTTP Request: POST https://api.telegram.org/bot8476521610:AAFKJ_XrFUB5-reI1OjwvQ4vAPimyVMai3I/getUpdates "HTTP/1.1 200 OK"
2025-12-24 12:36:22,975 - httpx - INFO - HTTP Request: POST https://api.telegram.org/bot8476521610:AAFKJ_XrFUB5-reI1OjwvQ4vAPimyVMai3I/getUpdates "HTTP/1.1 200 OK"
2025-12-24 12:36:33,187 - httpx - INFO - HTTP Request: POST https://api.telegram.org/bot8476521610:AAFKJ_XrFUB5-reI1OjwvQ4vAPimyVMai3I/getUpdates "HTTP/1.1 200 OK"
2025-12-24 12:36:43,416 - httpx - INFO - HTTP Request: POST https://api.telegram.org/bot8476521610:AAFKJ_XrFUB5-reI1OjwvQ4vAPimyVMai3I/getUpdates "HTTP/1.1 200 OK"
2025-12-24 12:36:53,632 - httpx - INFO - HTTP Request: POST https://api.telegram.org/bot8476521610:AAFKJ_XrFUB5-reI1OjwvQ4vAPimyVMai3I/getUpdates "HTTP/1.1 200 OK"
2025-12-24 12:37:04,269 - httpx - INFO - HTTP Request: POST https://api.telegram.org/bot8476521610:AAFKJ_XrFUB5-reI1OjwvQ4vAPimyVMai3I/getUpdates "HTTP/1.1 200 OK"
2025-12-24 12:37:14,484 - httpx - INFO - HTTP Request: POST https://api.telegram.org/bot8476521610:AAFKJ_XrFUB5-reI1OjwvQ4vAPimyVMai3I/getUpdates "HTTP/1.1 200 OK"
2025-12-24 12:37:24,695 - httpx - INFO - HTTP Request: POST https://api.telegram.org/bot8476521610:AAFKJ_XrFUB5-reI1OjwvQ4vAPimyVMai3I/getUpdates "HTTP/1.1 200 OK"
2025-12-24 12:37:34,909 - httpx - INFO - HTTP Request: POST https://api.telegram.org/bot8476521610:AAFKJ_XrFUB5-reI1OjwvQ4vAPimyVMai3I/getUpdates "HTTP/1.1 200 OK"
2025-12-24 12:37:45,123 - httpx - INFO - HTTP Request: POST https://api.telegram.org/bot8476521610:AAFKJ_XrFUB5-reI1OjwvQ4vAPimyVMai3I/getUpdates "HTTP/1.1 200 OK"
2025-12-24 12:37:55,338 - httpx - INFO - HTTP Request: POST https://api.telegram.org/bot8476521610:AAFKJ_XrFUB5-reI1OjwvQ4vAPimyVMai3I/getUpdates "HTTP/1.1 200 OK"
2025-12-24 12:38:05,552 - httpx - INFO - HTTP Request: POST https://api.telegram.org/bot8476521610:AAFKJ_XrFUB5-reI1OjwvQ4vAPimyVMai3I/getUpdates "HTTP/1.1 200 OK"
2025-12-24 12:38:15,768 - httpx - INFO - HTTP Request: POST https://api.telegram.org/bot8476521610:AAFKJ_XrFUB5-reI1OjwvQ4vAPimyVMai3I/getUpdates "HTTP/1.1 200 OK"
2025-12-24 12:38:25,981 - httpx - INFO - HTTP Request: POST https://api.telegram.org/bot8476521610:AAFKJ_XrFUB5-reI1OjwvQ4vAPimyVMai3I/getUpdates "HTTP/1.1 200 OK"
2025-12-24 12:38:36,191 - httpx - INFO - HTTP Request: POST https://api.telegram.org/bot8476521610:AAFKJ_XrFUB5-reI1OjwvQ4vAPimyVMai3I/getUpdates "HTTP/1.1 200 OK"
2025-12-24 12:38:46,405 - httpx - INFO - HTTP Request: POST https://api.telegram.org/bot8476521610:AAFKJ_XrFUB5-reI1OjwvQ4vAPimyVMai3I/getUpdates "HTTP/1.1 200 OK"
2025-12-24 12:38:56,619 - httpx - INFO - HTTP Request: POST https://api.telegram.org/bot8476521610:AAFKJ_XrFUB5-reI1OjwvQ4vAPimyVMai3I/getUpdates "HTTP/1.1 200 OK"
2025-12-24 12:39:06,832 - httpx - INFO - HTTP Request: POST https://api.telegram.org/bot8476521610:AAFKJ_XrFUB5-reI1OjwvQ4vAPimyVMai3I/getUpdates "HTTP/1.1 200 OK"
2025-12-24 12:39:17,041 - httpx - INFO - HTTP Request: POST https://api.telegram.org/bot8476521610:AAFKJ_XrFUB5-reI1OjwvQ4vAPimyVMai3I/getUpdates "HTTP/1.1 200 OK"
2025-12-24 12:39:27,256 - httpx - INFO - HTTP Request: POST https://api.telegram.org/bot8476521610:AAFKJ_XrFUB5-reI1OjwvQ4vAPimyVMai3I/getUpdates "HTTP/1.1 200 OK"
2025-12-24 12:39:37,471 - httpx - INFO - HTTP Request: POST https://api.telegram.org/bot8476521610:AAFKJ_XrFUB5-reI1OjwvQ4vAPimyVMai3I/getUpdates "HTTP/1.1 200 OK"
2025-12-24 12:39:47,685 - httpx - INFO - HTTP Request: POST https://api.telegram.org/bot8476521610:AAFKJ_XrFUB5-reI1OjwvQ4vAPimyVMai3I/getUpdates "HTTP/1.1 200 OK"
2025-12-24 12:39:57,895 - httpx - INFO - HTTP Request: POST https://api.telegram.org/bot8476521610:AAFKJ_XrFUB5-reI1OjwvQ4vAPimyVMai3I/getUpdates "HTTP/1.1 200 OK"
2025-12-24 12:40:08,112 - httpx - INFO - HTTP Request: POST https://api.telegram.org/bot8476521610:AAFKJ_XrFUB5-reI1OjwvQ4vAPimyVMai3I/getUpdates "HTTP/1.1 200 OK"
2025-12-24 12:40:18,327 - httpx - INFO - HTTP Request: POST https://api.telegram.org/bot8476521610:AAFKJ_XrFUB5-reI1OjwvQ4vAPimyVMai3I/getUpdates "HTTP/1.1 200 OK"
2025-12-24 12:40:28,540 - httpx - INFO - HTTP Request: POST https://api.telegram.org/bot8476521610:AAFKJ_XrFUB5-reI1OjwvQ4vAPimyVMai3I/getUpdates "HTTP/1.1 200 OK"
2025-12-24 12:40:38,754 - httpx - INFO - HTTP Request: POST https://api.telegram.org/bot8476521610:AAFKJ_XrFUB5-reI1OjwvQ4vAPimyVMai3I/getUpdates "HTTP/1.1 200 OK"
2025-12-24 12:40:48,969 - httpx - INFO - HTTP Request: POST https://api.telegram.org/bot8476521610:AAFKJ_XrFUB5-reI1OjwvQ4vAPimyVMai3I/getUpdates "HTTP/1.1 200 OK"
2025-12-24 12:40:59,183 - httpx - INFO - HTTP Request: POST https://api.telegram.org/bot8476521610:AAFKJ_XrFUB5-reI1OjwvQ4vAPimyVMai3I/getUpdates "HTTP/1.1 200 OK"
2025-12-24 12:41:09,399 - httpx - INFO - HTTP Request: POST https://api.telegram.org/bot8476521610:AAFKJ_XrFUB5-reI1OjwvQ4vAPimyVMai3I/getUpdates "HTTP/1.1 200 OK"
2025-12-24 12:41:19,614 - httpx - INFO - HTTP Request: POST https://api.telegram.org/bot8476521610:AAFKJ_XrFUB5-reI1OjwvQ4vAPimyVMai3I/getUpdates "HTTP/1.1 200 OK"
2025-12-24 12:41:29,828 - httpx - INFO - HTTP Request: POST https://api.telegram.org/bot8476521610:AAFKJ_XrFUB5-reI1OjwvQ4vAPimyVMai3I/getUpdates "HTTP/1.1 200 OK"
2025-12-24 12:41:40,042 - httpx - INFO - HTTP Request: POST https://api.telegram.org/bot8476521610:AAFKJ_XrFUB5-reI1OjwvQ4vAPimyVMai3I/getUpdates "HTTP/1.1 200 OK"
2025-12-24 12:41:50,257 - httpx - INFO - HTTP Request: POST https://api.telegram.org/bot8476521610:AAFKJ_XrFUB5-reI1OjwvQ4vAPimyVMai3I/getUpdates "HTTP/1.1 200 OK"
2025-12-24 12:42:00,471 - httpx - INFO - HTTP Request: POST https://api.telegram.org/bot8476521610:AAFKJ_XrFUB5-reI1OjwvQ4vAPimyVMai3I/getUpdates "HTTP/1.1 200 OK"
2025-12-24 12:42:10,686 - httpx - INFO - HTTP Request: POST https://api.telegram.org/bot8476521610:AAFKJ_XrFUB5-reI1OjwvQ4vAPimyVMai3I/getUpdates "HTTP/1.1 200 OK"
2025-12-24 12:42:20,901 - httpx - INFO - HTTP Request: POST https://api.telegram.org/bot8476521610:AAFKJ_XrFUB5-reI1OjwvQ4vAPimyVMai3I/getUpdates "HTTP/1.1 200 OK"
2025-12-24 12:42:31,114 - httpx - INFO - HTTP Request: POST https://api.telegram.org/bot8476521610:AAFKJ_XrFUB5-reI1OjwvQ4vAPimyVMai3I/getUpdates "HTTP/1.1 200 OK"
2025-12-24 12:42:41,329 - httpx - INFO - HTTP Request: POST https://api.telegram.org/bot8476521610:AAFKJ_XrFUB5-reI1OjwvQ4vAPimyVMai3I/getUpdates "HTTP/1.1 200 OK"
2025-12-24 12:42:51,543 - httpx - INFO - HTTP Request: POST https://api.telegram.org/bot8476521610:AAFKJ_XrFUB5-reI1OjwvQ4vAPimyVMai3I/getUpdates "HTTP/1.1 200 OK"
2025-12-24 12:43:01,756 - httpx - INFO - HTTP Request: POST https://api.telegram.org/bot8476521610:AAFKJ_XrFUB5-reI1OjwvQ4vAPimyVMai3I/getUpdates "HTTP/1.1 200 OK"
2025-12-24 12:43:11,971 - httpx - INFO - HTTP Request: POST https://api.telegram.org/bot8476521610:AAFKJ_XrFUB5-reI1OjwvQ4vAPimyVMai3I/getUpdates "HTTP/1.1 200 OK"
2025-12-24 12:43:22,185 - httpx - INFO - HTTP Request: POST https://api.telegram.org/bot8476521610:AAFKJ_XrFUB5-reI1OjwvQ4vAPimyVMai3I/getUpdates "HTTP/1.1 200 OK"
2025-12-24 12:43:32,399 - httpx - INFO - HTTP Request: POST https://api.telegram.org/bot8476521610:AAFKJ_XrFUB5-reI1OjwvQ4vAPimyVMai3I/getUpdates "HTTP/1.1 200 OK"
2025-12-24 12:43:42,614 - httpx - INFO - HTTP Request: POST https://api.telegram.org/bot8476521610:AAFKJ_XrFUB5-reI1OjwvQ4vAPimyVMai3I/getUpdates "HTTP/1.1 200 OK"
2025-12-24 12:43:52,828 - httpx - INFO - HTTP Request: POST https://api.telegram.org/bot8476521610:AAFKJ_XrFUB5-reI1OjwvQ4vAPimyVMai3I/getUpdates "HTTP/1.1 200 OK"
2025-12-24 12:44:03,043 - httpx - INFO - HTTP Request: POST https://api.telegram.org/bot8476521610:AAFKJ_XrFUB5-reI1OjwvQ4vAPimyVMai3I/getUpdates "HTTP/1.1 200 OK"
2025-12-24 12:44:13,257 - httpx - INFO - HTTP Request: POST https://api.telegram.org/bot8476521610:AAFKJ_XrFUB5-reI1OjwvQ4vAPimyVMai3I/getUpdates "HTTP/1.1 200 OK"
2025-12-24 12:44:23,471 - httpx - INFO - HTTP Request: POST https://api.telegram.org/bot8476521610:AAFKJ_XrFUB5-reI1OjwvQ4vAPimyVMai3I/getUpdates "HTTP/1.1 200 OK"
2025-12-24 12:44:33,684 - httpx - INFO - HTTP Request: POST https://api.telegram.org/bot8476521610:AAFKJ_XrFUB5-reI1OjwvQ4vAPimyVMai3I/getUpdates "HTTP/1.1 200 OK"
2025-12-24 12:44:43,899 - httpx - INFO - HTTP Request: POST https://api.telegram.org/bot8476521610:AAFKJ_XrFUB5-reI1OjwvQ4vAPimyVMai3I/getUpdates "HTTP/1.1 200 OK"
2025-12-24 12:44:54,113 - httpx - INFO - HTTP Request: POST https://api.telegram.org/bot8476521610:AAFKJ_XrFUB5-reI1OjwvQ4vAPimyVMai3I/getUpdates "HTTP/1.1 200 OK"
2025-12-24 12:45:04,327 - httpx - INFO - HTTP Request: POST https://api.telegram.org/bot8476521610:AAFKJ_XrFUB5-reI1OjwvQ4vAPimyVMai3I/getUpdates "HTTP/1.1 200 OK"
2025-12-24 12:45:14,540 - httpx - INFO - HTTP Request: POST https://api.telegram.org/bot8476521610:AAFKJ_XrFUB5-reI1OjwvQ4vAPimyVMai3I/getUpdates "HTTP/1.1 200 OK"
2025-12-24 12:45:24,754 - httpx - INFO - HTTP Request: POST https://api.telegram.org/bot8476521610:AAFKJ_XrFUB5-reI1OjwvQ4vAPimyVMai3I/getUpdates "HTTP/1.1 200 OK"
2025-12-24 12:45:34,969 - httpx - INFO - HTTP Request: POST https://api.telegram.org/bot8476521610:AAFKJ_XrFUB5-reI1OjwvQ4vAPimyVMai3I/getUpdates "HTTP/1.1 200 OK"
2025-12-24 12:45:45,182 - httpx - INFO - HTTP Request: POST https://api.telegram.org/bot8476521610:AAFKJ_XrFUB5-reI1OjwvQ4vAPimyVMai3I/getUpdates "HTTP/1.1 200 OK"
2025-12-24 12:45:55,397 - httpx - INFO - HTTP Request: POST https://api.telegram.org/bot8476521610:AAFKJ_XrFUB5-reI1OjwvQ4vAPimyVMai3I/getUpdates "HTTP/1.1 200 OK"
2025-12-24 12:46:05,611 - httpx - INFO - HTTP Request: POST https://api.telegram.org/bot8476521610:AAFKJ_XrFUB5-reI1OjwvQ4vAPimyVMai3I/getUpdates "HTTP/1.1 200 OK"
2025-12-24 12:46:15,828 - httpx - INFO - HTTP Request: POST https://api.telegram.org/bot8476521610:AAFKJ_XrFUB5-reI1OjwvQ4vAPimyVMai3I/getUpdates "HTTP/1.1 200 OK"
2025-12-24 12:46:26,041 - httpx - INFO - HTTP Request: POST https://api.telegram.org/bot8476521610:AAFKJ_XrFUB5-reI1OjwvQ4vAPimyVMai3I/getUpdates "HTTP/1.1 200 OK"
2025-12-24 12:46:36,255 - httpx - INFO - HTTP Request: POST https://api.telegram.org/bot8476521610:AAFKJ_XrFUB5-reI1OjwvQ4vAPimyVMai3I/getUpdates "HTTP/1.1 200 OK"
2025-12-24 12:46:46,469 - httpx - INFO - HTTP Request: POST https://api.telegram.org/bot8476521610:AAFKJ_XrFUB5-reI1OjwvQ4vAPimyVMai3I/getUpdates "HTTP/1.1 200 OK"
2025-12-24 12:46:56,682 - httpx - INFO - HTTP Request: POST https://api.telegram.org/bot8476521610:AAFKJ_XrFUB5-reI1OjwvQ4vAPimyVMai3I/getUpdates "HTTP/1.1 200 OK"
2025-12-24 12:47:06,892 - httpx - INFO - HTTP Request: POST https://api.telegram.org/bot8476521610:AAFKJ_XrFUB5-reI1OjwvQ4vAPimyVMai3I/getUpdates "HTTP/1.1 200 OK"
2025-12-24 12:47:17,108 - httpx - INFO - HTTP Request: POST https://api.telegram.org/bot8476521610:AAFKJ_XrFUB5-reI1OjwvQ4vAPimyVMai3I/getUpdates "HTTP/1.1 200 OK"
2025-12-24 12:47:27,322 - httpx - INFO - HTTP Request: POST https://api.telegram.org/bot8476521610:AAFKJ_XrFUB5-reI1OjwvQ4vAPimyVMai3I/getUpdates "HTTP/1.1 200 OK"
2025-12-24 12:47:37,535 - httpx - INFO - HTTP Request: POST https://api.telegram.org/bot8476521610:AAFKJ_XrFUB5-reI1OjwvQ4vAPimyVMai3I/getUpdates "HTTP/1.1 200 OK"
2025-12-24 12:47:47,750 - httpx - INFO - HTTP Request: POST https://api.telegram.org/bot8476521610:AAFKJ_XrFUB5-reI1OjwvQ4vAPimyVMai3I/getUpdates "HTTP/1.1 200 OK"
2025-12-24 12:47:57,963 - httpx - INFO - HTTP Request: POST https://api.telegram.org/bot8476521610:AAFKJ_XrFUB5-reI1OjwvQ4vAPimyVMai3I/getUpdates "HTTP/1.1 200 OK"
2025-12-24 12:48:08,177 - httpx - INFO - HTTP Request: POST https://api.telegram.org/bot8476521610:AAFKJ_XrFUB5-reI1OjwvQ4vAPimyVMai3I/getUpdates "HTTP/1.1 200 OK"
2025-12-24 12:48:18,388 - httpx - INFO - HTTP Request: POST https://api.telegram.org/bot8476521610:AAFKJ_XrFUB5-reI1OjwvQ4vAPimyVMai3I/getUpdates "HTTP/1.1 200 OK"
2025-12-24 12:48:28,604 - httpx - INFO - HTTP Request: POST https://api.telegram.org/bot8476521610:AAFKJ_XrFUB5-reI1OjwvQ4vAPimyVMai3I/getUpdates "HTTP/1.1 200 OK"
2025-12-24 12:48:38,818 - httpx - INFO - HTTP Request: POST https://api.telegram.org/bot8476521610:AAFKJ_XrFUB5-reI1OjwvQ4vAPimyVMai3I/getUpdates "HTTP/1.1 200 OK"
2025-12-24 12:48:49,032 - httpx - INFO - HTTP Request: POST https://api.telegram.org/bot8476521610:AAFKJ_XrFUB5-reI1OjwvQ4vAPimyVMai3I/getUpdates "HTTP/1.1 200 OK"
2025-12-24 12:48:59,248 - httpx - INFO - HTTP Request: POST https://api.telegram.org/bot8476521610:AAFKJ_XrFUB5-reI1OjwvQ4vAPimyVMai3I/getUpdates "HTTP/1.1 200 OK"
2025-12-24 12:49:09,461 - httpx - INFO - HTTP Request: POST https://api.telegram.org/bot8476521610:AAFKJ_XrFUB5-reI1OjwvQ4vAPimyVMai3I/getUpdates "HTTP/1.1 200 OK"
2025-12-24 12:49:19,675 - httpx - INFO - HTTP Request: POST https://api.telegram.org/bot8476521610:AAFKJ_XrFUB5-reI1OjwvQ4vAPimyVMai3I/getUpdates "HTTP/1.1 200 OK"
2025-12-24 12:49:29,889 - httpx - INFO - HTTP Request: POST https://api.telegram.org/bot8476521610:AAFKJ_XrFUB5-reI1OjwvQ4vAPimyVMai3I/getUpdates "HTTP/1.1 200 OK"
2025-12-24 12:49:40,104 - httpx - INFO - HTTP Request: POST https://api.telegram.org/bot8476521610:AAFKJ_XrFUB5-reI1OjwvQ4vAPimyVMai3I/getUpdates "HTTP/1.1 200 OK"
2025-12-24 12:49:50,318 - httpx - INFO - HTTP Request: POST https://api.telegram.org/bot8476521610:AAFKJ_XrFUB5-reI1OjwvQ4vAPimyVMai3I/getUpdates "HTTP/1.1 200 OK"
2025-12-24 12:50:00,533 - httpx - INFO - HTTP Request: POST https://api.telegram.org/bot8476521610:AAFKJ_XrFUB5-reI1OjwvQ4vAPimyVMai3I/getUpdates "HTTP/1.1 200 OK"
2025-12-24 12:51:02,448 - httpx - INFO - HTTP Request: POST https://api.telegram.org/bot8476521610:AAFKJ_XrFUB5-reI1OjwvQ4vAPimyVMai3I/getUpdates "HTTP/1.1 200 OK"
2025-12-24 12:51:12,675 - httpx - INFO - HTTP Request: POST https://api.telegram.org/bot8476521610:AAFKJ_XrFUB5-reI1OjwvQ4vAPimyVMai3I/getUpdates "HTTP/1.1 200 OK"
2025-12-24 12:51:22,894 - httpx - INFO - HTTP Request: POST https://api.telegram.org/bot8476521610:AAFKJ_XrFUB5-reI1OjwvQ4vAPimyVMai3I/getUpdates "HTTP/1.1 200 OK"
2025-12-24 12:51:33,113 - httpx - INFO - HTTP Request: POST https://api.telegram.org/bot8476521610:AAFKJ_XrFUB5-reI1OjwvQ4vAPimyVMai3I/getUpdates "HTTP/1.1 200 OK"
2025-12-24 12:51:43,332 - httpx - INFO - HTTP Request: POST https://api.telegram.org/bot8476521610:AAFKJ_XrFUB5-reI1OjwvQ4vAPimyVMai3I/getUpdates "HTTP/1.1 200 OK"
2025-12-24 12:51:53,559 - httpx - INFO - HTTP Request: POST https://api.telegram.org/bot8476521610:AAFKJ_XrFUB5-reI1OjwvQ4vAPimyVMai3I/getUpdates "HTTP/1.1 200 OK"
2025-12-24 12:52:03,779 - httpx - INFO - HTTP Request: POST https://api.telegram.org/bot8476521610:AAFKJ_XrFUB5-reI1OjwvQ4vAPimyVMai3I/getUpdates "HTTP/1.1 200 OK"
2025-12-24 12:52:13,995 - httpx - INFO - HTTP Request: POST https://api.telegram.org/bot8476521610:AAFKJ_XrFUB5-reI1OjwvQ4vAPimyVMai3I/getUpdates "HTTP/1.1 200 OK"
2025-12-24 12:52:24,217 - httpx - INFO - HTTP Request: POST https://api.telegram.org/bot8476521610:AAFKJ_XrFUB5-reI1OjwvQ4vAPimyVMai3I/getUpdates "HTTP/1.1 200 OK"
2025-12-24 12:52:34,443 - httpx - INFO - HTTP Request: POST https://api.telegram.org/bot8476521610:AAFKJ_XrFUB5-reI1OjwvQ4vAPimyVMai3I/getUpdates "HTTP/1.1 200 OK"
2025-12-24 12:52:44,668 - httpx - INFO - HTTP Request: POST https://api.telegram.org/bot8476521610:AAFKJ_XrFUB5-reI1OjwvQ4vAPimyVMai3I/getUpdates "HTTP/1.1 200 OK"
2025-12-24 12:52:54,892 - httpx - INFO - HTTP Request: POST https://api.telegram.org/bot8476521610:AAFKJ_XrFUB5-reI1OjwvQ4vAPimyVMai3I/getUpdates "HTTP/1.1 200 OK"
2025-12-24 12:53:05,119 - httpx - INFO - HTTP Request: POST https://api.telegram.org/bot8476521610:AAFKJ_XrFUB5-reI1OjwvQ4vAPimyVMai3I/getUpdates "HTTP/1.1 200 OK"
2025-12-24 12:53:15,341 - httpx - INFO - HTTP Request: POST https://api.telegram.org/bot8476521610:AAFKJ_XrFUB5-reI1OjwvQ4vAPimyVMai3I/getUpdates "HTTP/1.1 200 OK"
2025-12-24 12:53:25,563 - httpx - INFO - HTTP Request: POST https://api.telegram.org/bot8476521610:AAFKJ_XrFUB5-reI1OjwvQ4vAPimyVMai3I/getUpdates "HTTP/1.1 200 OK"
2025-12-24 12:53:35,785 - httpx - INFO - HTTP Request: POST https://api.telegram.org/bot8476521610:AAFKJ_XrFUB5-reI1OjwvQ4vAPimyVMai3I/getUpdates "HTTP/1.1 200 OK"
2025-12-24 12:53:46,008 - httpx - INFO - HTTP Request: POST https://api.telegram.org/bot8476521610:AAFKJ_XrFUB5-reI1OjwvQ4vAPimyVMai3I/getUpdates "HTTP/1.1 200 OK"
2025-12-24 12:53:56,230 - httpx - INFO - HTTP Request: POST https://api.telegram.org/bot8476521610:AAFKJ_XrFUB5-reI1OjwvQ4vAPimyVMai3I/getUpdates "HTTP/1.1 200 OK"
2025-12-24 12:54:06,448 - httpx - INFO - HTTP Request: POST https://api.telegram.org/bot8476521610:AAFKJ_XrFUB5-reI1OjwvQ4vAPimyVMai3I/getUpdates "HTTP/1.1 200 OK"
2025-12-24 12:54:16,673 - httpx - INFO - HTTP Request: POST https://api.telegram.org/bot8476521610:AAFKJ_XrFUB5-reI1OjwvQ4vAPimyVMai3I/getUpdates "HTTP/1.1 200 OK"
2025-12-24 12:54:26,901 - httpx - INFO - HTTP Request: POST https://api.telegram.org/bot8476521610:AAFKJ_XrFUB5-reI1OjwvQ4vAPimyVMai3I/getUpdates "HTTP/1.1 200 OK"
2025-12-24 12:54:37,123 - httpx - INFO - HTTP Request: POST https://api.telegram.org/bot8476521610:AAFKJ_XrFUB5-reI1OjwvQ4vAPimyVMai3I/getUpdates "HTTP/1.1 200 OK"
2025-12-24 12:54:47,349 - httpx - INFO - HTTP Request: POST https://api.telegram.org/bot8476521610:AAFKJ_XrFUB5-reI1OjwvQ4vAPimyVMai3I/getUpdates "HTTP/1.1 200 OK"
2025-12-24 12:54:57,571 - httpx - INFO - HTTP Request: POST https://api.telegram.org/bot8476521610:AAFKJ_XrFUB5-reI1OjwvQ4vAPimyVMai3I/getUpdates "HTTP/1.1 200 OK"
2025-12-24 12:55:07,793 - httpx - INFO - HTTP Request: POST https://api.telegram.org/bot8476521610:AAFKJ_XrFUB5-reI1OjwvQ4vAPimyVMai3I/getUpdates "HTTP/1.1 200 OK"
2025-12-24 12:55:18,016 - httpx - INFO - HTTP Request: POST https://api.telegram.org/bot8476521610:AAFKJ_XrFUB5-reI1OjwvQ4vAPimyVMai3I/getUpdates "HTTP/1.1 200 OK"
2025-12-24 12:55:28,241 - httpx - INFO - HTTP Request: POST https://api.telegram.org/bot8476521610:AAFKJ_XrFUB5-reI1OjwvQ4vAPimyVMai3I/getUpdates "HTTP/1.1 200 OK"
2025-12-24 12:55:38,463 - httpx - INFO - HTTP Request: POST https://api.telegram.org/bot8476521610:AAFKJ_XrFUB5-reI1OjwvQ4vAPimyVMai3I/getUpdates "HTTP/1.1 200 OK"
2025-12-24 12:55:48,688 - httpx - INFO - HTTP Request: POST https://api.telegram.org/bot8476521610:AAFKJ_XrFUB5-reI1OjwvQ4vAPimyVMai3I/getUpdates "HTTP/1.1 200 OK"
2025-12-24 12:55:58,912 - httpx - INFO - HTTP Request: POST https://api.telegram.org/bot8476521610:AAFKJ_XrFUB5-reI1OjwvQ4vAPimyVMai3I/getUpdates "HTTP/1.1 200 OK"
2025-12-24 12:56:09,137 - httpx - INFO - HTTP Request: POST https://api.telegram.org/bot8476521610:AAFKJ_XrFUB5-reI1OjwvQ4vAPimyVMai3I/getUpdates "HTTP/1.1 200 OK"
2025-12-24 12:56:19,359 - httpx - INFO - HTTP Request: POST https://api.telegram.org/bot8476521610:AAFKJ_XrFUB5-reI1OjwvQ4vAPimyVMai3I/getUpdates "HTTP/1.1 200 OK"
2025-12-24 12:56:29,589 - httpx - INFO - HTTP Request: POST https://api.telegram.org/bot8476521610:AAFKJ_XrFUB5-reI1OjwvQ4vAPimyVMai3I/getUpdates "HTTP/1.1 200 OK"
2025-12-24 12:56:39,812 - httpx - INFO - HTTP Request: POST https://api.telegram.org/bot8476521610:AAFKJ_XrFUB5-reI1OjwvQ4vAPimyVMai3I/getUpdates "HTTP/1.1 200 OK"
2025-12-24 12:56:50,036 - httpx - INFO - HTTP Request: POST https://api.telegram.org/bot8476521610:AAFKJ_XrFUB5-reI1OjwvQ4vAPimyVMai3I/getUpdates "HTTP/1.1 200 OK"
2025-12-24 12:57:00,256 - httpx - INFO - HTTP Request: POST https://api.telegram.org/bot8476521610:AAFKJ_XrFUB5-reI1OjwvQ4vAPimyVMai3I/getUpdates "HTTP/1.1 200 OK"
2025-12-24 12:57:10,493 - httpx - INFO - HTTP Request: POST https://api.telegram.org/bot8476521610:AAFKJ_XrFUB5-reI1OjwvQ4vAPimyVMai3I/getUpdates "HTTP/1.1 200 OK"
2025-12-24 12:57:20,719 - httpx - INFO - HTTP Request: POST https://api.telegram.org/bot8476521610:AAFKJ_XrFUB5-reI1OjwvQ4vAPimyVMai3I/getUpdates "HTTP/1.1 200 OK"
2025-12-24 12:57:30,942 - httpx - INFO - HTTP Request: POST https://api.telegram.org/bot8476521610:AAFKJ_XrFUB5-reI1OjwvQ4vAPimyVMai3I/getUpdates "HTTP/1.1 200 OK"
2025-12-24 12:57:41,170 - httpx - INFO - HTTP Request: POST https://api.telegram.org/bot8476521610:AAFKJ_XrFUB5-reI1OjwvQ4vAPimyVMai3I/getUpdates "HTTP/1.1 200 OK"
2025-12-24 12:57:51,394 - httpx - INFO - HTTP Request: POST https://api.telegram.org/bot8476521610:AAFKJ_XrFUB5-reI1OjwvQ4vAPimyVMai3I/getUpdates "HTTP/1.1 200 OK"
2025-12-24 12:58:01,622 - httpx - INFO - HTTP Request: POST https://api.telegram.org/bot8476521610:AAFKJ_XrFUB5-reI1OjwvQ4vAPimyVMai3I/getUpdates "HTTP/1.1 200 OK"
2025-12-24 12:58:11,844 - httpx - INFO - HTTP Request: POST https://api.telegram.org/bot8476521610:AAFKJ_XrFUB5-reI1OjwvQ4vAPimyVMai3I/getUpdates "HTTP/1.1 200 OK"
2025-12-24 12:58:22,067 - httpx - INFO - HTTP Request: POST https://api.telegram.org/bot8476521610:AAFKJ_XrFUB5-reI1OjwvQ4vAPimyVMai3I/getUpdates "HTTP/1.1 200 OK"
2025-12-24 12:58:32,288 - httpx - INFO - HTTP Request: POST https://api.telegram.org/bot8476521610:AAFKJ_XrFUB5-reI1OjwvQ4vAPimyVMai3I/getUpdates "HTTP/1.1 200 OK"
2025-12-24 12:58:42,510 - httpx - INFO - HTTP Request: POST https://api.telegram.org/bot8476521610:AAFKJ_XrFUB5-reI1OjwvQ4vAPimyVMai3I/getUpdates "HTTP/1.1 200 OK"
2025-12-24 12:58:52,732 - httpx - INFO - HTTP Request: POST https://api.telegram.org/bot8476521610:AAFKJ_XrFUB5-reI1OjwvQ4vAPimyVMai3I/getUpdates "HTTP/1.1 200 OK"
2025-12-24 12:59:02,957 - httpx - INFO - HTTP Request: POST https://api.telegram.org/bot8476521610:AAFKJ_XrFUB5-reI1OjwvQ4vAPimyVMai3I/getUpdates "HTTP/1.1 200 OK"
2025-12-24 12:59:13,179 - httpx - INFO - HTTP Request: POST https://api.telegram.org/bot8476521610:AAFKJ_XrFUB5-reI1OjwvQ4vAPimyVMai3I/getUpdates "HTTP/1.1 200 OK"
2025-12-24 12:59:23,414 - httpx - INFO - HTTP Request: POST https://api.telegram.org/bot8476521610:AAFKJ_XrFUB5-reI1OjwvQ4vAPimyVMai3I/getUpdates "HTTP/1.1 200 OK"
2025-12-24 12:59:33,637 - httpx - INFO - HTTP Request: POST https://api.telegram.org/bot8476521610:AAFKJ_XrFUB5-reI1OjwvQ4vAPimyVMai3I/getUpdates "HTTP/1.1 200 OK"
2025-12-24 12:59:43,859 - httpx - INFO - HTTP Request: POST https://api.telegram.org/bot8476521610:AAFKJ_XrFUB5-reI1OjwvQ4vAPimyVMai3I/getUpdates "HTTP/1.1 200 OK"
2025-12-24 12:59:54,084 - httpx - INFO - HTTP Request: POST https://api.telegram.org/bot8476521610:AAFKJ_XrFUB5-reI1OjwvQ4vAPimyVMai3I/getUpdates "HTTP/1.1 200 OK"
2025-12-24 13:00:04,322 - httpx - INFO - HTTP Request: POST https://api.telegram.org/bot8476521610:AAFKJ_XrFUB5-reI1OjwvQ4vAPimyVMai3I/getUpdates "HTTP/1.1 200 OK"
2025-12-24 13:00:14,657 - httpx - INFO - HTTP Request: POST https://api.telegram.org/bot8476521610:AAFKJ_XrFUB5-reI1OjwvQ4vAPimyVMai3I/getUpdates "HTTP/1.1 200 OK"
2025-12-24 13:00:24,879 - httpx - INFO - HTTP Request: POST https://api.telegram.org/bot8476521610:AAFKJ_XrFUB5-reI1OjwvQ4vAPimyVMai3I/getUpdates "HTTP/1.1 200 OK"
2025-12-24 13:00:35,149 - httpx - INFO - HTTP Request: POST https://api.telegram.org/bot8476521610:AAFKJ_XrFUB5-reI1OjwvQ4vAPimyVMai3I/getUpdates "HTTP/1.1 200 OK"
2025-12-24 13:00:45,373 - httpx - INFO - HTTP Request: POST https://api.telegram.org/bot8476521610:AAFKJ_XrFUB5-reI1OjwvQ4vAPimyVMai3I/getUpdates "HTTP/1.1 200 OK"
2025-12-24 13:00:55,597 - httpx - INFO - HTTP Request: POST https://api.telegram.org/bot8476521610:AAFKJ_XrFUB5-reI1OjwvQ4vAPimyVMai3I/getUpdates "HTTP/1.1 200 OK"
2025-12-24 13:01:05,820 - httpx - INFO - HTTP Request: POST https://api.telegram.org/bot8476521610:AAFKJ_XrFUB5-reI1OjwvQ4vAPimyVMai3I/getUpdates "HTTP/1.1 200 OK"
2025-12-24 13:01:16,044 - httpx - INFO - HTTP Request: POST https://api.telegram.org/bot8476521610:AAFKJ_XrFUB5-reI1OjwvQ4vAPimyVMai3I/getUpdates "HTTP/1.1 200 OK"
2025-12-24 13:01:26,271 - httpx - INFO - HTTP Request: POST https://api.telegram.org/bot8476521610:AAFKJ_XrFUB5-reI1OjwvQ4vAPimyVMai3I/getUpdates "HTTP/1.1 200 OK"
2025-12-24 13:01:36,494 - httpx - INFO - HTTP Request: POST https://api.telegram.org/bot8476521610:AAFKJ_XrFUB5-reI1OjwvQ4vAPimyVMai3I/getUpdates "HTTP/1.1 200 OK"
2025-12-24 13:01:46,720 - httpx - INFO - HTTP Request: POST https://api.telegram.org/bot8476521610:AAFKJ_XrFUB5-reI1OjwvQ4vAPimyVMai3I/getUpdates "HTTP/1.1 200 OK"
2025-12-24 13:01:56,945 - httpx - INFO - HTTP Request: POST https://api.telegram.org/bot8476521610:AAFKJ_XrFUB5-reI1OjwvQ4vAPimyVMai3I/getUpdates "HTTP/1.1 200 OK"
2025-12-24 13:02:07,169 - httpx - INFO - HTTP Request: POST https://api.telegram.org/bot8476521610:AAFKJ_XrFUB5-reI1OjwvQ4vAPimyVMai3I/getUpdates "HTTP/1.1 200 OK"
2025-12-24 13:02:17,393 - httpx - INFO - HTTP Request: POST https://api.telegram.org/bot8476521610:AAFKJ_XrFUB5-reI1OjwvQ4vAPimyVMai3I/getUpdates "HTTP/1.1 200 OK"
2025-12-24 13:02:27,625 - httpx - INFO - HTTP Request: POST https://api.telegram.org/bot8476521610:AAFKJ_XrFUB5-reI1OjwvQ4vAPimyVMai3I/getUpdates "HTTP/1.1 200 OK"
2025-12-24 13:02:37,857 - httpx - INFO - HTTP Request: POST https://api.telegram.org/bot8476521610:AAFKJ_XrFUB5-reI1OjwvQ4vAPimyVMai3I/getUpdates "HTTP/1.1 200 OK"
2025-12-24 13:02:48,080 - httpx - INFO - HTTP Request: POST https://api.telegram.org/bot8476521610:AAFKJ_XrFUB5-reI1OjwvQ4vAPimyVMai3I/getUpdates "HTTP/1.1 200 OK"
2025-12-24 13:02:58,305 - httpx - INFO - HTTP Request: POST https://api.telegram.org/bot8476521610:AAFKJ_XrFUB5-reI1OjwvQ4vAPimyVMai3I/getUpdates "HTTP/1.1 200 OK"
2025-12-24 13:03:08,527 - httpx - INFO - HTTP Request: POST https://api.telegram.org/bot8476521610:AAFKJ_XrFUB5-reI1OjwvQ4vAPimyVMai3I/getUpdates "HTTP/1.1 200 OK"
2025-12-24 13:03:18,749 - httpx - INFO - HTTP Request: POST https://api.telegram.org/bot8476521610:AAFKJ_XrFUB5-reI1OjwvQ4vAPimyVMai3I/getUpdates "HTTP/1.1 200 OK"
2025-12-24 13:03:28,976 - httpx - INFO - HTTP Request: POST https://api.telegram.org/bot8476521610:AAFKJ_XrFUB5-reI1OjwvQ4vAPimyVMai3I/getUpdates "HTTP/1.1 200 OK"
2025-12-24 13:03:39,200 - httpx - INFO - HTTP Request: POST https://api.telegram.org/bot8476521610:AAFKJ_XrFUB5-reI1OjwvQ4vAPimyVMai3I/getUpdates "HTTP/1.1 200 OK"
2025-12-24 13:03:49,421 - httpx - INFO - HTTP Request: POST https://api.telegram.org/bot8476521610:AAFKJ_XrFUB5-reI1OjwvQ4vAPimyVMai3I/getUpdates "HTTP/1.1 200 OK"
2025-12-24 13:03:59,644 - httpx - INFO - HTTP Request: POST https://api.telegram.org/bot8476521610:AAFKJ_XrFUB5-reI1OjwvQ4vAPimyVMai3I/getUpdates "HTTP/1.1 200 OK"
2025-12-24 13:04:09,869 - httpx - INFO - HTTP Request: POST https://api.telegram.org/bot8476521610:AAFKJ_XrFUB5-reI1OjwvQ4vAPimyVMai3I/getUpdates "HTTP/1.1 200 OK"
2025-12-24 13:04:20,097 - httpx - INFO - HTTP Request: POST https://api.telegram.org/bot8476521610:AAFKJ_XrFUB5-reI1OjwvQ4vAPimyVMai3I/getUpdates "HTTP/1.1 200 OK"
2025-12-24 13:04:30,319 - httpx - INFO - HTTP Request: POST https://api.telegram.org/bot8476521610:AAFKJ_XrFUB5-reI1OjwvQ4vAPimyVMai3I/getUpdates "HTTP/1.1 200 OK"
2025-12-24 13:04:40,541 - httpx - INFO - HTTP Request: POST https://api.telegram.org/bot8476521610:AAFKJ_XrFUB5-reI1OjwvQ4vAPimyVMai3I/getUpdates "HTTP/1.1 200 OK"
2025-12-24 13:04:50,760 - httpx - INFO - HTTP Request: POST https://api.telegram.org/bot8476521610:AAFKJ_XrFUB5-reI1OjwvQ4vAPimyVMai3I/getUpdates "HTTP/1.1 200 OK"
2025-12-24 13:05:00,983 - httpx - INFO - HTTP Request: POST https://api.telegram.org/bot8476521610:AAFKJ_XrFUB5-reI1OjwvQ4vAPimyVMai3I/getUpdates "HTTP/1.1 200 OK"
2025-12-24 13:05:11,205 - httpx - INFO - HTTP Request: POST https://api.telegram.org/bot8476521610:AAFKJ_XrFUB5-reI1OjwvQ4vAPimyVMai3I/getUpdates "HTTP/1.1 200 OK"
2025-12-24 13:05:21,425 - httpx - INFO - HTTP Request: POST https://api.telegram.org/bot8476521610:AAFKJ_XrFUB5-reI1OjwvQ4vAPimyVMai3I/getUpdates "HTTP/1.1 200 OK"
2025-12-24 13:05:31,653 - httpx - INFO - HTTP Request: POST https://api.telegram.org/bot8476521610:AAFKJ_XrFUB5-reI1OjwvQ4vAPimyVMai3I/getUpdates "HTTP/1.1 200 OK"
2025-12-24 13:05:41,875 - httpx - INFO - HTTP Request: POST https://api.telegram.org/bot8476521610:AAFKJ_XrFUB5-reI1OjwvQ4vAPimyVMai3I/getUpdates "HTTP/1.1 200 OK"
2025-12-24 13:05:52,101 - httpx - INFO - HTTP Request: POST https://api.telegram.org/bot8476521610:AAFKJ_XrFUB5-reI1OjwvQ4vAPimyVMai3I/getUpdates "HTTP/1.1 200 OK"
2025-12-24 13:06:02,333 - httpx - INFO - HTTP Request: POST https://api.telegram.org/bot8476521610:AAFKJ_XrFUB5-reI1OjwvQ4vAPimyVMai3I/getUpdates "HTTP/1.1 200 OK"
2025-12-24 13:06:12,555 - httpx - INFO - HTTP Request: POST https://api.telegram.org/bot8476521610:AAFKJ_XrFUB5-reI1OjwvQ4vAPimyVMai3I/getUpdates "HTTP/1.1 200 OK"
2025-12-24 13:06:22,782 - httpx - INFO - HTTP Request: POST https://api.telegram.org/bot8476521610:AAFKJ_XrFUB5-reI1OjwvQ4vAPimyVMai3I/getUpdates "HTTP/1.1 200 OK"
2025-12-24 13:06:33,011 - httpx - INFO - HTTP Request: POST https://api.telegram.org/bot8476521610:AAFKJ_XrFUB5-reI1OjwvQ4vAPimyVMai3I/getUpdates "HTTP/1.1 200 OK"
2025-12-24 13:06:43,236 - httpx - INFO - HTTP Request: POST https://api.telegram.org/bot8476521610:AAFKJ_XrFUB5-reI1OjwvQ4vAPimyVMai3I/getUpdates "HTTP/1.1 200 OK"
2025-12-24 13:06:53,461 - httpx - INFO - HTTP Request: POST https://api.telegram.org/bot8476521610:AAFKJ_XrFUB5-reI1OjwvQ4vAPimyVMai3I/getUpdates "HTTP/1.1 200 OK"
2025-12-24 13:07:03,685 - httpx - INFO - HTTP Request: POST https://api.telegram.org/bot8476521610:AAFKJ_XrFUB5-reI1OjwvQ4vAPimyVMai3I/getUpdates "HTTP/1.1 200 OK"
2025-12-24 13:07:13,906 - httpx - INFO - HTTP Request: POST https://api.telegram.org/bot8476521610:AAFKJ_XrFUB5-reI1OjwvQ4vAPimyVMai3I/getUpdates "HTTP/1.1 200 OK"
2025-12-24 13:07:24,124 - httpx - INFO - HTTP Request: POST https://api.telegram.org/bot8476521610:AAFKJ_XrFUB5-reI1OjwvQ4vAPimyVMai3I/getUpdates "HTTP/1.1 200 OK"
2025-12-24 13:07:34,345 - httpx - INFO - HTTP Request: POST https://api.telegram.org/bot8476521610:AAFKJ_XrFUB5-reI1OjwvQ4vAPimyVMai3I/getUpdates "HTTP/1.1 200 OK"
2025-12-24 13:07:44,568 - httpx - INFO - HTTP Request: POST https://api.telegram.org/bot8476521610:AAFKJ_XrFUB5-reI1OjwvQ4vAPimyVMai3I/getUpdates "HTTP/1.1 200 OK"
2025-12-24 13:07:54,791 - httpx - INFO - HTTP Request: POST https://api.telegram.org/bot8476521610:AAFKJ_XrFUB5-reI1OjwvQ4vAPimyVMai3I/getUpdates "HTTP/1.1 200 OK"
2025-12-24 13:08:05,424 - httpx - INFO - HTTP Request: POST https://api.telegram.org/bot8476521610:AAFKJ_XrFUB5-reI1OjwvQ4vAPimyVMai3I/getUpdates "HTTP/1.1 200 OK"
2025-12-24 13:08:15,634 - httpx - INFO - HTTP Request: POST https://api.telegram.org/bot8476521610:AAFKJ_XrFUB5-reI1OjwvQ4vAPimyVMai3I/getUpdates "HTTP/1.1 200 OK"
2025-12-24 13:08:25,866 - httpx - INFO - HTTP Request: POST https://api.telegram.org/bot8476521610:AAFKJ_XrFUB5-reI1OjwvQ4vAPimyVMai3I/getUpdates "HTTP/1.1 200 OK"
2025-12-24 13:08:36,076 - httpx - INFO - HTTP Request: POST https://api.telegram.org/bot8476521610:AAFKJ_XrFUB5-reI1OjwvQ4vAPimyVMai3I/getUpdates "HTTP/1.1 200 OK"
2025-12-24 13:08:46,288 - httpx - INFO - HTTP Request: POST https://api.telegram.org/bot8476521610:AAFKJ_XrFUB5-reI1OjwvQ4vAPimyVMai3I/getUpdates "HTTP/1.1 200 OK"
2025-12-24 13:08:56,503 - httpx - INFO - HTTP Request: POST https://api.telegram.org/bot8476521610:AAFKJ_XrFUB5-reI1OjwvQ4vAPimyVMai3I/getUpdates "HTTP/1.1 200 OK"
2025-12-24 13:09:06,715 - httpx - INFO - HTTP Request: POST https://api.telegram.org/bot8476521610:AAFKJ_XrFUB5-reI1OjwvQ4vAPimyVMai3I/getUpdates "HTTP/1.1 200 OK"
2025-12-24 13:09:16,926 - httpx - INFO - HTTP Request: POST https://api.telegram.org/bot8476521610:AAFKJ_XrFUB5-reI1OjwvQ4vAPimyVMai3I/getUpdates "HTTP/1.1 200 OK"
2025-12-24 13:09:27,138 - httpx - INFO - HTTP Request: POST https://api.telegram.org/bot8476521610:AAFKJ_XrFUB5-reI1OjwvQ4vAPimyVMai3I/getUpdates "HTTP/1.1 200 OK"
2025-12-24 13:09:37,350 - httpx - INFO - HTTP Request: POST https://api.telegram.org/bot8476521610:AAFKJ_XrFUB5-reI1OjwvQ4vAPimyVMai3I/getUpdates "HTTP/1.1 200 OK"
2025-12-24 13:09:47,562 - httpx - INFO - HTTP Request: POST https://api.telegram.org/bot8476521610:AAFKJ_XrFUB5-reI1OjwvQ4vAPimyVMai3I/getUpdates "HTTP/1.1 200 OK"
2025-12-24 13:09:57,773 - httpx - INFO - HTTP Request: POST https://api.telegram.org/bot8476521610:AAFKJ_XrFUB5-reI1OjwvQ4vAPimyVMai3I/getUpdates "HTTP/1.1 200 OK"
2025-12-24 13:10:07,988 - httpx - INFO - HTTP Request: POST https://api.telegram.org/bot8476521610:AAFKJ_XrFUB5-reI1OjwvQ4vAPimyVMai3I/getUpdates "HTTP/1.1 200 OK"
2025-12-24 13:10:18,201 - httpx - INFO - HTTP Request: POST https://api.telegram.org/bot8476521610:AAFKJ_XrFUB5-reI1OjwvQ4vAPimyVMai3I/getUpdates "HTTP/1.1 200 OK"
2025-12-24 13:10:28,416 - httpx - INFO - HTTP Request: POST https://api.telegram.org/bot8476521610:AAFKJ_XrFUB5-reI1OjwvQ4vAPimyVMai3I/getUpdates "HTTP/1.1 200 OK"
2025-12-24 13:10:38,626 - httpx - INFO - HTTP Request: POST https://api.telegram.org/bot8476521610:AAFKJ_XrFUB5-reI1OjwvQ4vAPimyVMai3I/getUpdates "HTTP/1.1 200 OK"
2025-12-24 13:10:48,841 - httpx - INFO - HTTP Request: POST https://api.telegram.org/bot8476521610:AAFKJ_XrFUB5-reI1OjwvQ4vAPimyVMai3I/getUpdates "HTTP/1.1 200 OK"
2025-12-24 13:10:59,055 - httpx - INFO - HTTP Request: POST https://api.telegram.org/bot8476521610:AAFKJ_XrFUB5-reI1OjwvQ4vAPimyVMai3I/getUpdates "HTTP/1.1 200 OK"
2025-12-24 13:11:09,267 - httpx - INFO - HTTP Request: POST https://api.telegram.org/bot8476521610:AAFKJ_XrFUB5-reI1OjwvQ4vAPimyVMai3I/getUpdates "HTTP/1.1 200 OK"
2025-12-24 13:11:19,481 - httpx - INFO - HTTP Request: POST https://api.telegram.org/bot8476521610:AAFKJ_XrFUB5-reI1OjwvQ4vAPimyVMai3I/getUpdates "HTTP/1.1 200 OK"
2025-12-24 13:11:29,721 - httpx - INFO - HTTP Request: POST https://api.telegram.org/bot8476521610:AAFKJ_XrFUB5-reI1OjwvQ4vAPimyVMai3I/getUpdates "HTTP/1.1 200 OK"
2025-12-24 13:11:39,932 - httpx - INFO - HTTP Request: POST https://api.telegram.org/bot8476521610:AAFKJ_XrFUB5-reI1OjwvQ4vAPimyVMai3I/getUpdates "HTTP/1.1 200 OK"
2025-12-24 13:11:50,147 - httpx - INFO - HTTP Request: POST https://api.telegram.org/bot8476521610:AAFKJ_XrFUB5-reI1OjwvQ4vAPimyVMai3I/getUpdates "HTTP/1.1 200 OK"
2025-12-24 13:12:00,361 - httpx - INFO - HTTP Request: POST https://api.telegram.org/bot8476521610:AAFKJ_XrFUB5-reI1OjwvQ4vAPimyVMai3I/getUpdates "HTTP/1.1 200 OK"
2025-12-24 13:12:10,576 - httpx - INFO - HTTP Request: POST https://api.telegram.org/bot8476521610:AAFKJ_XrFUB5-reI1OjwvQ4vAPimyVMai3I/getUpdates "HTTP/1.1 200 OK"
2025-12-24 13:12:20,788 - httpx - INFO - HTTP Request: POST https://api.telegram.org/bot8476521610:AAFKJ_XrFUB5-reI1OjwvQ4vAPimyVMai3I/getUpdates "HTTP/1.1 200 OK"
2025-12-24 13:12:30,998 - httpx - INFO - HTTP Request: POST https://api.telegram.org/bot8476521610:AAFKJ_XrFUB5-reI1OjwvQ4vAPimyVMai3I/getUpdates "HTTP/1.1 200 OK"
2025-12-24 13:12:41,209 - httpx - INFO - HTTP Request: POST https://api.telegram.org/bot8476521610:AAFKJ_XrFUB5-reI1OjwvQ4vAPimyVMai3I/getUpdates "HTTP/1.1 200 OK"
2025-12-24 13:12:51,420 - httpx - INFO - HTTP Request: POST https://api.telegram.org/bot8476521610:AAFKJ_XrFUB5-reI1OjwvQ4vAPimyVMai3I/getUpdates "HTTP/1.1 200 OK"
2025-12-24 13:13:01,632 - httpx - INFO - HTTP Request: POST https://api.telegram.org/bot8476521610:AAFKJ_XrFUB5-reI1OjwvQ4vAPimyVMai3I/getUpdates "HTTP/1.1 200 OK"
2025-12-24 13:13:11,842 - httpx - INFO - HTTP Request: POST https://api.telegram.org/bot8476521610:AAFKJ_XrFUB5-reI1OjwvQ4vAPimyVMai3I/getUpdates "HTTP/1.1 200 OK"
2025-12-24 13:13:22,059 - httpx - INFO - HTTP Request: POST https://api.telegram.org/bot8476521610:AAFKJ_XrFUB5-reI1OjwvQ4vAPimyVMai3I/getUpdates "HTTP/1.1 200 OK"
2025-12-24 13:13:32,272 - httpx - INFO - HTTP Request: POST https://api.telegram.org/bot8476521610:AAFKJ_XrFUB5-reI1OjwvQ4vAPimyVMai3I/getUpdates "HTTP/1.1 200 OK"
2025-12-24 13:13:42,483 - httpx - INFO - HTTP Request: POST https://api.telegram.org/bot8476521610:AAFKJ_XrFUB5-reI1OjwvQ4vAPimyVMai3I/getUpdates "HTTP/1.1 200 OK"
2025-12-24 13:13:52,702 - httpx - INFO - HTTP Request: POST https://api.telegram.org/bot8476521610:AAFKJ_XrFUB5-reI1OjwvQ4vAPimyVMai3I/getUpdates "HTTP/1.1 200 OK"
2025-12-24 13:14:02,914 - httpx - INFO - HTTP Request: POST https://api.telegram.org/bot8476521610:AAFKJ_XrFUB5-reI1OjwvQ4vAPimyVMai3I/getUpdates "HTTP/1.1 200 OK"
2025-12-24 13:14:13,128 - httpx - INFO - HTTP Request: POST https://api.telegram.org/bot8476521610:AAFKJ_XrFUB5-reI1OjwvQ4vAPimyVMai3I/getUpdates "HTTP/1.1 200 OK"
2025-12-24 13:14:23,341 - httpx - INFO - HTTP Request: POST https://api.telegram.org/bot8476521610:AAFKJ_XrFUB5-reI1OjwvQ4vAPimyVMai3I/getUpdates "HTTP/1.1 200 OK"
2025-12-24 13:14:33,553 - httpx - INFO - HTTP Request: POST https://api.telegram.org/bot8476521610:AAFKJ_XrFUB5-reI1OjwvQ4vAPimyVMai3I/getUpdates "HTTP/1.1 200 OK"
2025-12-24 13:14:43,765 - httpx - INFO - HTTP Request: POST https://api.telegram.org/bot8476521610:AAFKJ_XrFUB5-reI1OjwvQ4vAPimyVMai3I/getUpdates "HTTP/1.1 200 OK"
2025-12-24 13:14:53,975 - httpx - INFO - HTTP Request: POST https://api.telegram.org/bot8476521610:AAFKJ_XrFUB5-reI1OjwvQ4vAPimyVMai3I/getUpdates "HTTP/1.1 200 OK"
2025-12-24 13:15:04,186 - httpx - INFO - HTTP Request: POST https://api.telegram.org/bot8476521610:AAFKJ_XrFUB5-reI1OjwvQ4vAPimyVMai3I/getUpdates "HTTP/1.1 200 OK"
2025-12-24 13:15:14,405 - httpx - INFO - HTTP Request: POST https://api.telegram.org/bot8476521610:AAFKJ_XrFUB5-reI1OjwvQ4vAPimyVMai3I/getUpdates "HTTP/1.1 200 OK"
2025-12-24 13:15:24,620 - httpx - INFO - HTTP Request: POST https://api.telegram.org/bot8476521610:AAFKJ_XrFUB5-reI1OjwvQ4vAPimyVMai3I/getUpdates "HTTP/1.1 200 OK"
2025-12-24 13:15:34,831 - httpx - INFO - HTTP Request: POST https://api.telegram.org/bot8476521610:AAFKJ_XrFUB5-reI1OjwvQ4vAPimyVMai3I/getUpdates "HTTP/1.1 200 OK"
2025-12-24 13:15:45,043 - httpx - INFO - HTTP Request: POST https://api.telegram.org/bot8476521610:AAFKJ_XrFUB5-reI1OjwvQ4vAPimyVMai3I/getUpdates "HTTP/1.1 200 OK"
2025-12-24 13:15:55,255 - httpx - INFO - HTTP Request: POST https://api.telegram.org/bot8476521610:AAFKJ_XrFUB5-reI1OjwvQ4vAPimyVMai3I/getUpdates "HTTP/1.1 200 OK"
2025-12-24 13:16:05,467 - httpx - INFO - HTTP Request: POST https://api.telegram.org/bot8476521610:AAFKJ_XrFUB5-reI1OjwvQ4vAPimyVMai3I/getUpdates "HTTP/1.1 200 OK"
2025-12-24 13:16:15,679 - httpx - INFO - HTTP Request: POST https://api.telegram.org/bot8476521610:AAFKJ_XrFUB5-reI1OjwvQ4vAPimyVMai3I/getUpdates "HTTP/1.1 200 OK"
2025-12-24 13:16:25,892 - httpx - INFO - HTTP Request: POST https://api.telegram.org/bot8476521610:AAFKJ_XrFUB5-reI1OjwvQ4vAPimyVMai3I/getUpdates "HTTP/1.1 200 OK"
2025-12-24 13:16:36,104 - httpx - INFO - HTTP Request: POST https://api.telegram.org/bot8476521610:AAFKJ_XrFUB5-reI1OjwvQ4vAPimyVMai3I/getUpdates "HTTP/1.1 200 OK"
2025-12-24 13:16:46,316 - httpx - INFO - HTTP Request: POST https://api.telegram.org/bot8476521610:AAFKJ_XrFUB5-reI1OjwvQ4vAPimyVMai3I/getUpdates "HTTP/1.1 200 OK"
2025-12-24 13:16:56,528 - httpx - INFO - HTTP Request: POST https://api.telegram.org/bot8476521610:AAFKJ_XrFUB5-reI1OjwvQ4vAPimyVMai3I/getUpdates "HTTP/1.1 200 OK"
2025-12-24 13:17:06,742 - httpx - INFO - HTTP Request: POST https://api.telegram.org/bot8476521610:AAFKJ_XrFUB5-reI1OjwvQ4vAPimyVMai3I/getUpdates "HTTP/1.1 200 OK"
2025-12-24 13:17:16,954 - httpx - INFO - HTTP Request: POST https://api.telegram.org/bot8476521610:AAFKJ_XrFUB5-reI1OjwvQ4vAPimyVMai3I/getUpdates "HTTP/1.1 200 OK"
2025-12-24 13:17:27,165 - httpx - INFO - HTTP Request: POST https://api.telegram.org/bot8476521610:AAFKJ_XrFUB5-reI1OjwvQ4vAPimyVMai3I/getUpdates "HTTP/1.1 200 OK"
2025-12-24 13:17:37,419 - httpx - INFO - HTTP Request: POST https://api.telegram.org/bot8476521610:AAFKJ_XrFUB5-reI1OjwvQ4vAPimyVMai3I/getUpdates "HTTP/1.1 200 OK"
2025-12-24 13:17:47,630 - httpx - INFO - HTTP Request: POST https://api.telegram.org/bot8476521610:AAFKJ_XrFUB5-reI1OjwvQ4vAPimyVMai3I/getUpdates "HTTP/1.1 200 OK"
2025-12-24 13:17:57,842 - httpx - INFO - HTTP Request: POST https://api.telegram.org/bot8476521610:AAFKJ_XrFUB5-reI1OjwvQ4vAPimyVMai3I/getUpdates "HTTP/1.1 200 OK"
2025-12-24 13:18:08,054 - httpx - INFO - HTTP Request: POST https://api.telegram.org/bot8476521610:AAFKJ_XrFUB5-reI1OjwvQ4vAPimyVMai3I/getUpdates "HTTP/1.1 200 OK"
2025-12-24 13:18:18,268 - httpx - INFO - HTTP Request: POST https://api.telegram.org/bot8476521610:AAFKJ_XrFUB5-reI1OjwvQ4vAPimyVMai3I/getUpdates "HTTP/1.1 200 OK"
2025-12-24 13:18:28,482 - httpx - INFO - HTTP Request: POST https://api.telegram.org/bot8476521610:AAFKJ_XrFUB5-reI1OjwvQ4vAPimyVMai3I/getUpdates "HTTP/1.1 200 OK"
2025-12-24 13:18:38,695 - httpx - INFO - HTTP Request: POST https://api.telegram.org/bot8476521610:AAFKJ_XrFUB5-reI1OjwvQ4vAPimyVMai3I/getUpdates "HTTP/1.1 200 OK"
2025-12-24 13:18:48,908 - httpx - INFO - HTTP Request: POST https://api.telegram.org/bot8476521610:AAFKJ_XrFUB5-reI1OjwvQ4vAPimyVMai3I/getUpdates "HTTP/1.1 200 OK"
2025-12-24 13:18:59,124 - httpx - INFO - HTTP Request: POST https://api.telegram.org/bot8476521610:AAFKJ_XrFUB5-reI1OjwvQ4vAPimyVMai3I/getUpdates "HTTP/1.1 200 OK"
2025-12-24 13:19:09,352 - httpx - INFO - HTTP Request: POST https://api.telegram.org/bot8476521610:AAFKJ_XrFUB5-reI1OjwvQ4vAPimyVMai3I/getUpdates "HTTP/1.1 200 OK"
2025-12-24 13:19:19,563 - httpx - INFO - HTTP Request: POST https://api.telegram.org/bot8476521610:AAFKJ_XrFUB5-reI1OjwvQ4vAPimyVMai3I/getUpdates "HTTP/1.1 200 OK"
2025-12-24 13:19:29,785 - httpx - INFO - HTTP Request: POST https://api.telegram.org/bot8476521610:AAFKJ_XrFUB5-reI1OjwvQ4vAPimyVMai3I/getUpdates "HTTP/1.1 200 OK"
2025-12-24 13:19:39,996 - httpx - INFO - HTTP Request: POST https://api.telegram.org/bot8476521610:AAFKJ_XrFUB5-reI1OjwvQ4vAPimyVMai3I/getUpdates "HTTP/1.1 200 OK"
2025-12-24 13:19:50,209 - httpx - INFO - HTTP Request: POST https://api.telegram.org/bot8476521610:AAFKJ_XrFUB5-reI1OjwvQ4vAPimyVMai3I/getUpdates "HTTP/1.1 200 OK"
2025-12-24 13:20:00,423 - httpx - INFO - HTTP Request: POST https://api.telegram.org/bot8476521610:AAFKJ_XrFUB5-reI1OjwvQ4vAPimyVMai3I/getUpdates "HTTP/1.1 200 OK"
2025-12-24 13:20:10,636 - httpx - INFO - HTTP Request: POST https://api.telegram.org/bot8476521610:AAFKJ_XrFUB5-reI1OjwvQ4vAPimyVMai3I/getUpdates "HTTP/1.1 200 OK"
2025-12-24 13:20:20,849 - httpx - INFO - HTTP Request: POST https://api.telegram.org/bot8476521610:AAFKJ_XrFUB5-reI1OjwvQ4vAPimyVMai3I/getUpdates "HTTP/1.1 200 OK"
2025-12-24 13:20:31,062 - httpx - INFO - HTTP Request: POST https://api.telegram.org/bot8476521610:AAFKJ_XrFUB5-reI1OjwvQ4vAPimyVMai3I/getUpdates "HTTP/1.1 200 OK"
2025-12-24 13:20:41,274 - httpx - INFO - HTTP Request: POST https://api.telegram.org/bot8476521610:AAFKJ_XrFUB5-reI1OjwvQ4vAPimyVMai3I/getUpdates "HTTP/1.1 200 OK"
2025-12-24 13:20:51,485 - httpx - INFO - HTTP Request: POST https://api.telegram.org/bot8476521610:AAFKJ_XrFUB5-reI1OjwvQ4vAPimyVMai3I/getUpdates "HTTP/1.1 200 OK"
2025-12-24 13:21:01,698 - httpx - INFO - HTTP Request: POST https://api.telegram.org/bot8476521610:AAFKJ_XrFUB5-reI1OjwvQ4vAPimyVMai3I/getUpdates "HTTP/1.1 200 OK"
2025-12-24 13:22:04,765 - httpx - INFO - HTTP Request: POST https://api.telegram.org/bot8476521610:AAFKJ_XrFUB5-reI1OjwvQ4vAPimyVMai3I/getUpdates "HTTP/1.1 200 OK"
2025-12-24 13:22:14,969 - httpx - INFO - HTTP Request: POST https://api.telegram.org/bot8476521610:AAFKJ_XrFUB5-reI1OjwvQ4vAPimyVMai3I/getUpdates "HTTP/1.1 200 OK"
2025-12-24 13:22:25,171 - httpx - INFO - HTTP Request: POST https://api.telegram.org/bot8476521610:AAFKJ_XrFUB5-reI1OjwvQ4vAPimyVMai3I/getUpdates "HTTP/1.1 200 OK"
2025-12-24 13:22:35,372 - httpx - INFO - HTTP Request: POST https://api.telegram.org/bot8476521610:AAFKJ_XrFUB5-reI1OjwvQ4vAPimyVMai3I/getUpdates "HTTP/1.1 200 OK"
2025-12-24 13:22:45,575 - httpx - INFO - HTTP Request: POST https://api.telegram.org/bot8476521610:AAFKJ_XrFUB5-reI1OjwvQ4vAPimyVMai3I/getUpdates "HTTP/1.1 200 OK"
2025-12-24 13:22:55,772 - httpx - INFO - HTTP Request: POST https://api.telegram.org/bot8476521610:AAFKJ_XrFUB5-reI1OjwvQ4vAPimyVMai3I/getUpdates "HTTP/1.1 200 OK"
2025-12-24 13:23:05,970 - httpx - INFO - HTTP Request: POST https://api.telegram.org/bot8476521610:AAFKJ_XrFUB5-reI1OjwvQ4vAPimyVMai3I/getUpdates "HTTP/1.1 200 OK"
2025-12-24 13:23:16,169 - httpx - INFO - HTTP Request: POST https://api.telegram.org/bot8476521610:AAFKJ_XrFUB5-reI1OjwvQ4vAPimyVMai3I/getUpdates "HTTP/1.1 200 OK"
2025-12-24 13:23:26,371 - httpx - INFO - HTTP Request: POST https://api.telegram.org/bot8476521610:AAFKJ_XrFUB5-reI1OjwvQ4vAPimyVMai3I/getUpdates "HTTP/1.1 200 OK"
2025-12-24 13:23:36,576 - httpx - INFO - HTTP Request: POST https://api.telegram.org/bot8476521610:AAFKJ_XrFUB5-reI1OjwvQ4vAPimyVMai3I/getUpdates "HTTP/1.1 200 OK"
2025-12-24 13:23:46,782 - httpx - INFO - HTTP Request: POST https://api.telegram.org/bot8476521610:AAFKJ_XrFUB5-reI1OjwvQ4vAPimyVMai3I/getUpdates "HTTP/1.1 200 OK"
2025-12-24 13:23:56,987 - httpx - INFO - HTTP Request: POST https://api.telegram.org/bot8476521610:AAFKJ_XrFUB5-reI1OjwvQ4vAPimyVMai3I/getUpdates "HTTP/1.1 200 OK"
2025-12-24 13:24:07,191 - httpx - INFO - HTTP Request: POST https://api.telegram.org/bot8476521610:AAFKJ_XrFUB5-reI1OjwvQ4vAPimyVMai3I/getUpdates "HTTP/1.1 200 OK"
2025-12-24 13:24:17,396 - httpx - INFO - HTTP Request: POST https://api.telegram.org/bot8476521610:AAFKJ_XrFUB5-reI1OjwvQ4vAPimyVMai3I/getUpdates "HTTP/1.1 200 OK"
2025-12-24 13:24:27,600 - httpx - INFO - HTTP Request: POST https://api.telegram.org/bot8476521610:AAFKJ_XrFUB5-reI1OjwvQ4vAPimyVMai3I/getUpdates "HTTP/1.1 200 OK"
2025-12-24 13:24:38,305 - httpx - INFO - HTTP Request: POST https://api.telegram.org/bot8476521610:AAFKJ_XrFUB5-reI1OjwvQ4vAPimyVMai3I/getUpdates "HTTP/1.1 200 OK"
2025-12-24 13:24:48,509 - httpx - INFO - HTTP Request: POST https://api.telegram.org/bot8476521610:AAFKJ_XrFUB5-reI1OjwvQ4vAPimyVMai3I/getUpdates "HTTP/1.1 200 OK"
2025-12-24 13:24:58,712 - httpx - INFO - HTTP Request: POST https://api.telegram.org/bot8476521610:AAFKJ_XrFUB5-reI1OjwvQ4vAPimyVMai3I/getUpdates "HTTP/1.1 200 OK"
2025-12-24 13:25:08,915 - httpx - INFO - HTTP Request: POST https://api.telegram.org/bot8476521610:AAFKJ_XrFUB5-reI1OjwvQ4vAPimyVMai3I/getUpdates "HTTP/1.1 200 OK"
2025-12-24 13:25:19,121 - httpx - INFO - HTTP Request: POST https://api.telegram.org/bot8476521610:AAFKJ_XrFUB5-reI1OjwvQ4vAPimyVMai3I/getUpdates "HTTP/1.1 200 OK"
2025-12-24 13:25:29,822 - httpx - INFO - HTTP Request: POST https://api.telegram.org/bot8476521610:AAFKJ_XrFUB5-reI1OjwvQ4vAPimyVMai3I/getUpdates "HTTP/1.1 200 OK"
2025-12-24 13:25:40,338 - httpx - INFO - HTTP Request: POST https://api.telegram.org/bot8476521610:AAFKJ_XrFUB5-reI1OjwvQ4vAPimyVMai3I/getUpdates "HTTP/1.1 200 OK"
2025-12-24 13:25:50,542 - httpx - INFO - HTTP Request: POST https://api.telegram.org/bot8476521610:AAFKJ_XrFUB5-reI1OjwvQ4vAPimyVMai3I/getUpdates "HTTP/1.1 200 OK"
2025-12-24 13:26:00,747 - httpx - INFO - HTTP Request: POST https://api.telegram.org/bot8476521610:AAFKJ_XrFUB5-reI1OjwvQ4vAPimyVMai3I/getUpdates "HTTP/1.1 200 OK"
2025-12-24 13:26:10,949 - httpx - INFO - HTTP Request: POST https://api.telegram.org/bot8476521610:AAFKJ_XrFUB5-reI1OjwvQ4vAPimyVMai3I/getUpdates "HTTP/1.1 200 OK"
2025-12-24 13:26:21,152 - httpx - INFO - HTTP Request: POST https://api.telegram.org/bot8476521610:AAFKJ_XrFUB5-reI1OjwvQ4vAPimyVMai3I/getUpdates "HTTP/1.1 200 OK"
2025-12-24 13:26:31,354 - httpx - INFO - HTTP Request: POST https://api.telegram.org/bot8476521610:AAFKJ_XrFUB5-reI1OjwvQ4vAPimyVMai3I/getUpdates "HTTP/1.1 200 OK"
2025-12-24 13:26:41,558 - httpx - INFO - HTTP Request: POST https://api.telegram.org/bot8476521610:AAFKJ_XrFUB5-reI1OjwvQ4vAPimyVMai3I/getUpdates "HTTP/1.1 200 OK"
2025-12-24 13:26:51,758 - httpx - INFO - HTTP Request: POST https://api.telegram.org/bot8476521610:AAFKJ_XrFUB5-reI1OjwvQ4vAPimyVMai3I/getUpdates "HTTP/1.1 200 OK"
2025-12-24 13:27:01,960 - httpx - INFO - HTTP Request: POST https://api.telegram.org/bot8476521610:AAFKJ_XrFUB5-reI1OjwvQ4vAPimyVMai3I/getUpdates "HTTP/1.1 200 OK"
2025-12-24 13:27:12,164 - httpx - INFO - HTTP Request: POST https://api.telegram.org/bot8476521610:AAFKJ_XrFUB5-reI1OjwvQ4vAPimyVMai3I/getUpdates "HTTP/1.1 200 OK"
2025-12-24 13:27:22,366 - httpx - INFO - HTTP Request: POST https://api.telegram.org/bot8476521610:AAFKJ_XrFUB5-reI1OjwvQ4vAPimyVMai3I/getUpdates "HTTP/1.1 200 OK"
2025-12-24 13:27:32,573 - httpx - INFO - HTTP Request: POST https://api.telegram.org/bot8476521610:AAFKJ_XrFUB5-reI1OjwvQ4vAPimyVMai3I/getUpdates "HTTP/1.1 200 OK"
2025-12-24 13:27:42,776 - httpx - INFO - HTTP Request: POST https://api.telegram.org/bot8476521610:AAFKJ_XrFUB5-reI1OjwvQ4vAPimyVMai3I/getUpdates "HTTP/1.1 200 OK"
2025-12-24 13:27:52,983 - httpx - INFO - HTTP Request: POST https://api.telegram.org/bot8476521610:AAFKJ_XrFUB5-reI1OjwvQ4vAPimyVMai3I/getUpdates "HTTP/1.1 200 OK"
2025-12-24 13:28:03,187 - httpx - INFO - HTTP Request: POST https://api.telegram.org/bot8476521610:AAFKJ_XrFUB5-reI1OjwvQ4vAPimyVMai3I/getUpdates "HTTP/1.1 200 OK"
2025-12-24 13:28:13,391 - httpx - INFO - HTTP Request: POST https://api.telegram.org/bot8476521610:AAFKJ_XrFUB5-reI1OjwvQ4vAPimyVMai3I/getUpdates "HTTP/1.1 200 OK"
2025-12-24 13:28:23,596 - httpx - INFO - HTTP Request: POST https://api.telegram.org/bot8476521610:AAFKJ_XrFUB5-reI1OjwvQ4vAPimyVMai3I/getUpdates "HTTP/1.1 200 OK"
2025-12-24 13:28:33,803 - httpx - INFO - HTTP Request: POST https://api.telegram.org/bot8476521610:AAFKJ_XrFUB5-reI1OjwvQ4vAPimyVMai3I/getUpdates "HTTP/1.1 200 OK"
2025-12-24 13:28:44,006 - httpx - INFO - HTTP Request: POST https://api.telegram.org/bot8476521610:AAFKJ_XrFUB5-reI1OjwvQ4vAPimyVMai3I/getUpdates "HTTP/1.1 200 OK"
2025-12-24 13:28:54,215 - httpx - INFO - HTTP Request: POST https://api.telegram.org/bot8476521610:AAFKJ_XrFUB5-reI1OjwvQ4vAPimyVMai3I/getUpdates "HTTP/1.1 200 OK"
2025-12-24 13:29:04,420 - httpx - INFO - HTTP Request: POST https://api.telegram.org/bot8476521610:AAFKJ_XrFUB5-reI1OjwvQ4vAPimyVMai3I/getUpdates "HTTP/1.1 200 OK"
2025-12-24 13:29:14,625 - httpx - INFO - HTTP Request: POST https://api.telegram.org/bot8476521610:AAFKJ_XrFUB5-reI1OjwvQ4vAPimyVMai3I/getUpdates "HTTP/1.1 200 OK"
2025-12-24 13:29:24,830 - httpx - INFO - HTTP Request: POST https://api.telegram.org/bot8476521610:AAFKJ_XrFUB5-reI1OjwvQ4vAPimyVMai3I/getUpdates "HTTP/1.1 200 OK"
2025-12-24 13:29:35,035 - httpx - INFO - HTTP Request: POST https://api.telegram.org/bot8476521610:AAFKJ_XrFUB5-reI1OjwvQ4vAPimyVMai3I/getUpdates "HTTP/1.1 200 OK"
2025-12-24 13:29:45,243 - httpx - INFO - HTTP Request: POST https://api.telegram.org/bot8476521610:AAFKJ_XrFUB5-reI1OjwvQ4vAPimyVMai3I/getUpdates "HTTP/1.1 200 OK"
2025-12-24 13:29:55,448 - httpx - INFO - HTTP Request: POST https://api.telegram.org/bot8476521610:AAFKJ_XrFUB5-reI1OjwvQ4vAPimyVMai3I/getUpdates "HTTP/1.1 200 OK"
2025-12-24 13:30:05,654 - httpx - INFO - HTTP Request: POST https://api.telegram.org/bot8476521610:AAFKJ_XrFUB5-reI1OjwvQ4vAPimyVMai3I/getUpdates "HTTP/1.1 200 OK"
2025-12-24 13:30:15,857 - httpx - INFO - HTTP Request: POST https://api.telegram.org/bot8476521610:AAFKJ_XrFUB5-reI1OjwvQ4vAPimyVMai3I/getUpdates "HTTP/1.1 200 OK"
2025-12-24 13:30:26,364 - httpx - INFO - HTTP Request: POST https://api.telegram.org/bot8476521610:AAFKJ_XrFUB5-reI1OjwvQ4vAPimyVMai3I/getUpdates "HTTP/1.1 200 OK"
2025-12-24 13:30:36,568 - httpx - INFO - HTTP Request: POST https://api.telegram.org/bot8476521610:AAFKJ_XrFUB5-reI1OjwvQ4vAPimyVMai3I/getUpdates "HTTP/1.1 200 OK"
2025-12-24 13:30:46,772 - httpx - INFO - HTTP Request: POST https://api.telegram.org/bot8476521610:AAFKJ_XrFUB5-reI1OjwvQ4vAPimyVMai3I/getUpdates "HTTP/1.1 200 OK"
2025-12-24 13:30:56,975 - httpx - INFO - HTTP Request: POST https://api.telegram.org/bot8476521610:AAFKJ_XrFUB5-reI1OjwvQ4vAPimyVMai3I/getUpdates "HTTP/1.1 200 OK"
2025-12-24 13:31:07,192 - httpx - INFO - HTTP Request: POST https://api.telegram.org/bot8476521610:AAFKJ_XrFUB5-reI1OjwvQ4vAPimyVMai3I/getUpdates "HTTP/1.1 200 OK"
2025-12-24 13:31:17,397 - httpx - INFO - HTTP Request: POST https://api.telegram.org/bot8476521610:AAFKJ_XrFUB5-reI1OjwvQ4vAPimyVMai3I/getUpdates "HTTP/1.1 200 OK"
2025-12-24 13:31:27,609 - httpx - INFO - HTTP Request: POST https://api.telegram.org/bot8476521610:AAFKJ_XrFUB5-reI1OjwvQ4vAPimyVMai3I/getUpdates "HTTP/1.1 200 OK"
2025-12-24 13:31:38,309 - httpx - INFO - HTTP Request: POST https://api.telegram.org/bot8476521610:AAFKJ_XrFUB5-reI1OjwvQ4vAPimyVMai3I/getUpdates "HTTP/1.1 200 OK"
2025-12-24 13:31:49,009 - httpx - INFO - HTTP Request: POST https://api.telegram.org/bot8476521610:AAFKJ_XrFUB5-reI1OjwvQ4vAPimyVMai3I/getUpdates "HTTP/1.1 200 OK"
2025-12-24 13:31:59,212 - httpx - INFO - HTTP Request: POST https://api.telegram.org/bot8476521610:AAFKJ_XrFUB5-reI1OjwvQ4vAPimyVMai3I/getUpdates "HTTP/1.1 200 OK"
2025-12-24 13:32:09,426 - httpx - INFO - HTTP Request: POST https://api.telegram.org/bot8476521610:AAFKJ_XrFUB5-reI1OjwvQ4vAPimyVMai3I/getUpdates "HTTP/1.1 200 OK"
2025-12-24 13:32:19,633 - httpx - INFO - HTTP Request: POST https://api.telegram.org/bot8476521610:AAFKJ_XrFUB5-reI1OjwvQ4vAPimyVMai3I/getUpdates "HTTP/1.1 200 OK"
2025-12-24 13:32:29,852 - httpx - INFO - HTTP Request: POST https://api.telegram.org/bot8476521610:AAFKJ_XrFUB5-reI1OjwvQ4vAPimyVMai3I/getUpdates "HTTP/1.1 200 OK"
2025-12-24 13:32:40,054 - httpx - INFO - HTTP Request: POST https://api.telegram.org/bot8476521610:AAFKJ_XrFUB5-reI1OjwvQ4vAPimyVMai3I/getUpdates "HTTP/1.1 200 OK"
2025-12-24 13:32:50,267 - httpx - INFO - HTTP Request: POST https://api.telegram.org/bot8476521610:AAFKJ_XrFUB5-reI1OjwvQ4vAPimyVMai3I/getUpdates "HTTP/1.1 200 OK"
2025-12-24 13:33:00,471 - httpx - INFO - HTTP Request: POST https://api.telegram.org/bot8476521610:AAFKJ_XrFUB5-reI1OjwvQ4vAPimyVMai3I/getUpdates "HTTP/1.1 200 OK"
2025-12-24 13:33:10,672 - httpx - INFO - HTTP Request: POST https://api.telegram.org/bot8476521610:AAFKJ_XrFUB5-reI1OjwvQ4vAPimyVMai3I/getUpdates "HTTP/1.1 200 OK"
2025-12-24 13:33:20,876 - httpx - INFO - HTTP Request: POST https://api.telegram.org/bot8476521610:AAFKJ_XrFUB5-reI1OjwvQ4vAPimyVMai3I/getUpdates "HTTP/1.1 200 OK"
2025-12-24 13:33:31,395 - httpx - INFO - HTTP Request: POST https://api.telegram.org/bot8476521610:AAFKJ_XrFUB5-reI1OjwvQ4vAPimyVMai3I/getUpdates "HTTP/1.1 200 OK"
2025-12-24 13:33:41,601 - httpx - INFO - HTTP Request: POST https://api.telegram.org/bot8476521610:AAFKJ_XrFUB5-reI1OjwvQ4vAPimyVMai3I/getUpdates "HTTP/1.1 200 OK"
2025-12-24 13:33:51,806 - httpx - INFO - HTTP Request: POST https://api.telegram.org/bot8476521610:AAFKJ_XrFUB5-reI1OjwvQ4vAPimyVMai3I/getUpdates "HTTP/1.1 200 OK"
2025-12-24 13:34:02,027 - httpx - INFO - HTTP Request: POST https://api.telegram.org/bot8476521610:AAFKJ_XrFUB5-reI1OjwvQ4vAPimyVMai3I/getUpdates "HTTP/1.1 200 OK"
2025-12-24 13:34:12,230 - httpx - INFO - HTTP Request: POST https://api.telegram.org/bot8476521610:AAFKJ_XrFUB5-reI1OjwvQ4vAPimyVMai3I/getUpdates "HTTP/1.1 200 OK"
2025-12-24 13:34:22,432 - httpx - INFO - HTTP Request: POST https://api.telegram.org/bot8476521610:AAFKJ_XrFUB5-reI1OjwvQ4vAPimyVMai3I/getUpdates "HTTP/1.1 200 OK"
2025-12-24 13:34:33,136 - httpx - INFO - HTTP Request: POST https://api.telegram.org/bot8476521610:AAFKJ_XrFUB5-reI1OjwvQ4vAPimyVMai3I/getUpdates "HTTP/1.1 200 OK"
2025-12-24 13:34:43,336 - httpx - INFO - HTTP Request: POST https://api.telegram.org/bot8476521610:AAFKJ_XrFUB5-reI1OjwvQ4vAPimyVMai3I/getUpdates "HTTP/1.1 200 OK"
2025-12-24 13:34:53,541 - httpx - INFO - HTTP Request: POST https://api.telegram.org/bot8476521610:AAFKJ_XrFUB5-reI1OjwvQ4vAPimyVMai3I/getUpdates "HTTP/1.1 200 OK"
2025-12-24 13:35:03,747 - httpx - INFO - HTTP Request: POST https://api.telegram.org/bot8476521610:AAFKJ_XrFUB5-reI1OjwvQ4vAPimyVMai3I/getUpdates "HTTP/1.1 200 OK"
2025-12-24 13:35:13,958 - httpx - INFO - HTTP Request: POST https://api.telegram.org/bot8476521610:AAFKJ_XrFUB5-reI1OjwvQ4vAPimyVMai3I/getUpdates "HTTP/1.1 200 OK"
2025-12-24 13:35:24,161 - httpx - INFO - HTTP Request: POST https://api.telegram.org/bot8476521610:AAFKJ_XrFUB5-reI1OjwvQ4vAPimyVMai3I/getUpdates "HTTP/1.1 200 OK"
2025-12-24 13:35:34,366 - httpx - INFO - HTTP Request: POST https://api.telegram.org/bot8476521610:AAFKJ_XrFUB5-reI1OjwvQ4vAPimyVMai3I/getUpdates "HTTP/1.1 200 OK"
2025-12-24 13:35:44,570 - httpx - INFO - HTTP Request: POST https://api.telegram.org/bot8476521610:AAFKJ_XrFUB5-reI1OjwvQ4vAPimyVMai3I/getUpdates "HTTP/1.1 200 OK"
2025-12-24 13:35:54,774 - httpx - INFO - HTTP Request: POST https://api.telegram.org/bot8476521610:AAFKJ_XrFUB5-reI1OjwvQ4vAPimyVMai3I/getUpdates "HTTP/1.1 200 OK"
2025-12-24 13:36:04,999 - httpx - INFO - HTTP Request: POST https://api.telegram.org/bot8476521610:AAFKJ_XrFUB5-reI1OjwvQ4vAPimyVMai3I/getUpdates "HTTP/1.1 200 OK"
2025-12-24 13:36:15,202 - httpx - INFO - HTTP Request: POST https://api.telegram.org/bot8476521610:AAFKJ_XrFUB5-reI1OjwvQ4vAPimyVMai3I/getUpdates "HTTP/1.1 200 OK"
2025-12-24 13:36:25,406 - httpx - INFO - HTTP Request: POST https://api.telegram.org/bot8476521610:AAFKJ_XrFUB5-reI1OjwvQ4vAPimyVMai3I/getUpdates "HTTP/1.1 200 OK"
2025-12-24 13:36:35,609 - httpx - INFO - HTTP Request: POST https://api.telegram.org/bot8476521610:AAFKJ_XrFUB5-reI1OjwvQ4vAPimyVMai3I/getUpdates "HTTP/1.1 200 OK"
2025-12-24 13:36:45,812 - httpx - INFO - HTTP Request: POST https://api.telegram.org/bot8476521610:AAFKJ_XrFUB5-reI1OjwvQ4vAPimyVMai3I/getUpdates "HTTP/1.1 200 OK"
2025-12-24 13:36:56,018 - httpx - INFO - HTTP Request: POST https://api.telegram.org/bot8476521610:AAFKJ_XrFUB5-reI1OjwvQ4vAPimyVMai3I/getUpdates "HTTP/1.1 200 OK"
2025-12-24 13:37:06,734 - httpx - INFO - HTTP Request: POST https://api.telegram.org/bot8476521610:AAFKJ_XrFUB5-reI1OjwvQ4vAPimyVMai3I/getUpdates "HTTP/1.1 200 OK"
2025-12-24 13:37:16,943 - httpx - INFO - HTTP Request: POST https://api.telegram.org/bot8476521610:AAFKJ_XrFUB5-reI1OjwvQ4vAPimyVMai3I/getUpdates "HTTP/1.1 200 OK"
2025-12-24 13:37:27,147 - httpx - INFO - HTTP Request: POST https://api.telegram.org/bot8476521610:AAFKJ_XrFUB5-reI1OjwvQ4vAPimyVMai3I/getUpdates "HTTP/1.1 200 OK"
2025-12-24 13:37:37,352 - httpx - INFO - HTTP Request: POST https://api.telegram.org/bot8476521610:AAFKJ_XrFUB5-reI1OjwvQ4vAPimyVMai3I/getUpdates "HTTP/1.1 200 OK"
2025-12-24 13:37:47,555 - httpx - INFO - HTTP Request: POST https://api.telegram.org/bot8476521610:AAFKJ_XrFUB5-reI1OjwvQ4vAPimyVMai3I/getUpdates "HTTP/1.1 200 OK"
2025-12-24 13:37:57,761 - httpx - INFO - HTTP Request: POST https://api.telegram.org/bot8476521610:AAFKJ_XrFUB5-reI1OjwvQ4vAPimyVMai3I/getUpdates "HTTP/1.1 200 OK"
2025-12-24 13:38:07,967 - httpx - INFO - HTTP Request: POST https://api.telegram.org/bot8476521610:AAFKJ_XrFUB5-reI1OjwvQ4vAPimyVMai3I/getUpdates "HTTP/1.1 200 OK"
2025-12-24 13:38:18,168 - httpx - INFO - HTTP Request: POST https://api.telegram.org/bot8476521610:AAFKJ_XrFUB5-reI1OjwvQ4vAPimyVMai3I/getUpdates "HTTP/1.1 200 OK"
2025-12-24 13:38:28,371 - httpx - INFO - HTTP Request: POST https://api.telegram.org/bot8476521610:AAFKJ_XrFUB5-reI1OjwvQ4vAPimyVMai3I/getUpdates "HTTP/1.1 200 OK"
2025-12-24 13:38:38,575 - httpx - INFO - HTTP Request: POST https://api.telegram.org/bot8476521610:AAFKJ_XrFUB5-reI1OjwvQ4vAPimyVMai3I/getUpdates "HTTP/1.1 200 OK"
2025-12-24 13:38:48,778 - httpx - INFO - HTTP Request: POST https://api.telegram.org/bot8476521610:AAFKJ_XrFUB5-reI1OjwvQ4vAPimyVMai3I/getUpdates "HTTP/1.1 200 OK"
2025-12-24 13:38:58,981 - httpx - INFO - HTTP Request: POST https://api.telegram.org/bot8476521610:AAFKJ_XrFUB5-reI1OjwvQ4vAPimyVMai3I/getUpdates "HTTP/1.1 200 OK"
2025-12-24 13:39:09,574 - httpx - INFO - HTTP Request: POST https://api.telegram.org/bot8476521610:AAFKJ_XrFUB5-reI1OjwvQ4vAPimyVMai3I/getUpdates "HTTP/1.1 200 OK"
2025-12-24 13:39:19,774 - httpx - INFO - HTTP Request: POST https://api.telegram.org/bot8476521610:AAFKJ_XrFUB5-reI1OjwvQ4vAPimyVMai3I/getUpdates "HTTP/1.1 200 OK"
2025-12-24 13:39:29,975 - httpx - INFO - HTTP Request: POST https://api.telegram.org/bot8476521610:AAFKJ_XrFUB5-reI1OjwvQ4vAPimyVMai3I/getUpdates "HTTP/1.1 200 OK"
2025-12-24 13:39:40,176 - httpx - INFO - HTTP Request: POST https://api.telegram.org/bot8476521610:AAFKJ_XrFUB5-reI1OjwvQ4vAPimyVMai3I/getUpdates "HTTP/1.1 200 OK"
2025-12-24 13:39:50,377 - httpx - INFO - HTTP Request: POST https://api.telegram.org/bot8476521610:AAFKJ_XrFUB5-reI1OjwvQ4vAPimyVMai3I/getUpdates "HTTP/1.1 200 OK"
2025-12-24 13:40:00,585 - httpx - INFO - HTTP Request: POST https://api.telegram.org/bot8476521610:AAFKJ_XrFUB5-reI1OjwvQ4vAPimyVMai3I/getUpdates "HTTP/1.1 200 OK"
2025-12-24 13:40:10,784 - httpx - INFO - HTTP Request: POST https://api.telegram.org/bot8476521610:AAFKJ_XrFUB5-reI1OjwvQ4vAPimyVMai3I/getUpdates "HTTP/1.1 200 OK"
2025-12-24 13:40:20,985 - httpx - INFO - HTTP Request: POST https://api.telegram.org/bot8476521610:AAFKJ_XrFUB5-reI1OjwvQ4vAPimyVMai3I/getUpdates "HTTP/1.1 200 OK"
2025-12-24 13:40:31,185 - httpx - INFO - HTTP Request: POST https://api.telegram.org/bot8476521610:AAFKJ_XrFUB5-reI1OjwvQ4vAPimyVMai3I/getUpdates "HTTP/1.1 200 OK"
2025-12-24 13:40:41,386 - httpx - INFO - HTTP Request: POST https://api.telegram.org/bot8476521610:AAFKJ_XrFUB5-reI1OjwvQ4vAPimyVMai3I/getUpdates "HTTP/1.1 200 OK"
2025-12-24 13:40:51,585 - httpx - INFO - HTTP Request: POST https://api.telegram.org/bot8476521610:AAFKJ_XrFUB5-reI1OjwvQ4vAPimyVMai3I/getUpdates "HTTP/1.1 200 OK"
2025-12-24 13:41:01,786 - httpx - INFO - HTTP Request: POST https://api.telegram.org/bot8476521610:AAFKJ_XrFUB5-reI1OjwvQ4vAPimyVMai3I/getUpdates "HTTP/1.1 200 OK"
2025-12-24 13:41:11,988 - httpx - INFO - HTTP Request: POST https://api.telegram.org/bot8476521610:AAFKJ_XrFUB5-reI1OjwvQ4vAPimyVMai3I/getUpdates "HTTP/1.1 200 OK"
2025-12-24 13:41:22,189 - httpx - INFO - HTTP Request: POST https://api.telegram.org/bot8476521610:AAFKJ_XrFUB5-reI1OjwvQ4vAPimyVMai3I/getUpdates "HTTP/1.1 200 OK"
2025-12-24 13:41:32,391 - httpx - INFO - HTTP Request: POST https://api.telegram.org/bot8476521610:AAFKJ_XrFUB5-reI1OjwvQ4vAPimyVMai3I/getUpdates "HTTP/1.1 200 OK"
2025-12-24 13:41:42,593 - httpx - INFO - HTTP Request: POST https://api.telegram.org/bot8476521610:AAFKJ_XrFUB5-reI1OjwvQ4vAPimyVMai3I/getUpdates "HTTP/1.1 200 OK"
2025-12-24 13:41:52,799 - httpx - INFO - HTTP Request: POST https://api.telegram.org/bot8476521610:AAFKJ_XrFUB5-reI1OjwvQ4vAPimyVMai3I/getUpdates "HTTP/1.1 200 OK"
2025-12-24 13:42:03,029 - httpx - INFO - HTTP Request: POST https://api.telegram.org/bot8476521610:AAFKJ_XrFUB5-reI1OjwvQ4vAPimyVMai3I/getUpdates "HTTP/1.1 200 OK"
2025-12-24 13:42:13,236 - httpx - INFO - HTTP Request: POST https://api.telegram.org/bot8476521610:AAFKJ_XrFUB5-reI1OjwvQ4vAPimyVMai3I/getUpdates "HTTP/1.1 200 OK"
2025-12-24 13:42:23,437 - httpx - INFO - HTTP Request: POST https://api.telegram.org/bot8476521610:AAFKJ_XrFUB5-reI1OjwvQ4vAPimyVMai3I/getUpdates "HTTP/1.1 200 OK"
2025-12-24 13:42:33,637 - httpx - INFO - HTTP Request: POST https://api.telegram.org/bot8476521610:AAFKJ_XrFUB5-reI1OjwvQ4vAPimyVMai3I/getUpdates "HTTP/1.1 200 OK"
2025-12-24 13:42:43,838 - httpx - INFO - HTTP Request: POST https://api.telegram.org/bot8476521610:AAFKJ_XrFUB5-reI1OjwvQ4vAPimyVMai3I/getUpdates "HTTP/1.1 200 OK"
2025-12-24 13:42:54,040 - httpx - INFO - HTTP Request: POST https://api.telegram.org/bot8476521610:AAFKJ_XrFUB5-reI1OjwvQ4vAPimyVMai3I/getUpdates "HTTP/1.1 200 OK"
2025-12-24 13:43:04,242 - httpx - INFO - HTTP Request: POST https://api.telegram.org/bot8476521610:AAFKJ_XrFUB5-reI1OjwvQ4vAPimyVMai3I/getUpdates "HTTP/1.1 200 OK"
2025-12-24 13:43:14,442 - httpx - INFO - HTTP Request: POST https://api.telegram.org/bot8476521610:AAFKJ_XrFUB5-reI1OjwvQ4vAPimyVMai3I/getUpdates "HTTP/1.1 200 OK"
2025-12-24 13:43:24,643 - httpx - INFO - HTTP Request: POST https://api.telegram.org/bot8476521610:AAFKJ_XrFUB5-reI1OjwvQ4vAPimyVMai3I/getUpdates "HTTP/1.1 200 OK"
2025-12-24 13:43:34,848 - httpx - INFO - HTTP Request: POST https://api.telegram.org/bot8476521610:AAFKJ_XrFUB5-reI1OjwvQ4vAPimyVMai3I/getUpdates "HTTP/1.1 200 OK"
2025-12-24 13:43:45,057 - httpx - INFO - HTTP Request: POST https://api.telegram.org/bot8476521610:AAFKJ_XrFUB5-reI1OjwvQ4vAPimyVMai3I/getUpdates "HTTP/1.1 200 OK"
2025-12-24 13:43:55,258 - httpx - INFO - HTTP Request: POST https://api.telegram.org/bot8476521610:AAFKJ_XrFUB5-reI1OjwvQ4vAPimyVMai3I/getUpdates "HTTP/1.1 200 OK"
2025-12-24 13:44:05,460 - httpx - INFO - HTTP Request: POST https://api.telegram.org/bot8476521610:AAFKJ_XrFUB5-reI1OjwvQ4vAPimyVMai3I/getUpdates "HTTP/1.1 200 OK"
2025-12-24 13:44:15,656 - httpx - INFO - HTTP Request: POST https://api.telegram.org/bot8476521610:AAFKJ_XrFUB5-reI1OjwvQ4vAPimyVMai3I/getUpdates "HTTP/1.1 200 OK"
2025-12-24 13:44:25,855 - httpx - INFO - HTTP Request: POST https://api.telegram.org/bot8476521610:AAFKJ_XrFUB5-reI1OjwvQ4vAPimyVMai3I/getUpdates "HTTP/1.1 200 OK"
2025-12-24 13:44:36,057 - httpx - INFO - HTTP Request: POST https://api.telegram.org/bot8476521610:AAFKJ_XrFUB5-reI1OjwvQ4vAPimyVMai3I/getUpdates "HTTP/1.1 200 OK"
2025-12-24 13:44:46,258 - httpx - INFO - HTTP Request: POST https://api.telegram.org/bot8476521610:AAFKJ_XrFUB5-reI1OjwvQ4vAPimyVMai3I/getUpdates "HTTP/1.1 200 OK"
2025-12-24 13:44:56,455 - httpx - INFO - HTTP Request: POST https://api.telegram.org/bot8476521610:AAFKJ_XrFUB5-reI1OjwvQ4vAPimyVMai3I/getUpdates "HTTP/1.1 200 OK"
2025-12-24 13:45:06,655 - httpx - INFO - HTTP Request: POST https://api.telegram.org/bot8476521610:AAFKJ_XrFUB5-reI1OjwvQ4vAPimyVMai3I/getUpdates "HTTP/1.1 200 OK"
2025-12-24 13:45:16,861 - httpx - INFO - HTTP Request: POST https://api.telegram.org/bot8476521610:AAFKJ_XrFUB5-reI1OjwvQ4vAPimyVMai3I/getUpdates "HTTP/1.1 200 OK"
2025-12-24 13:45:27,064 - httpx - INFO - HTTP Request: POST https://api.telegram.org/bot8476521610:AAFKJ_XrFUB5-reI1OjwvQ4vAPimyVMai3I/getUpdates "HTTP/1.1 200 OK"
2025-12-24 13:45:37,265 - httpx - INFO - HTTP Request: POST https://api.telegram.org/bot8476521610:AAFKJ_XrFUB5-reI1OjwvQ4vAPimyVMai3I/getUpdates "HTTP/1.1 200 OK"
2025-12-24 13:45:47,465 - httpx - INFO - HTTP Request: POST https://api.telegram.org/bot8476521610:AAFKJ_XrFUB5-reI1OjwvQ4vAPimyVMai3I/getUpdates "HTTP/1.1 200 OK"
2025-12-24 13:45:57,667 - httpx - INFO - HTTP Request: POST https://api.telegram.org/bot8476521610:AAFKJ_XrFUB5-reI1OjwvQ4vAPimyVMai3I/getUpdates "HTTP/1.1 200 OK"
2025-12-24 13:46:07,868 - httpx - INFO - HTTP Request: POST https://api.telegram.org/bot8476521610:AAFKJ_XrFUB5-reI1OjwvQ4vAPimyVMai3I/getUpdates "HTTP/1.1 200 OK"
2025-12-24 13:46:18,068 - httpx - INFO - HTTP Request: POST https://api.telegram.org/bot8476521610:AAFKJ_XrFUB5-reI1OjwvQ4vAPimyVMai3I/getUpdates "HTTP/1.1 200 OK"
2025-12-24 13:46:28,274 - httpx - INFO - HTTP Request: POST https://api.telegram.org/bot8476521610:AAFKJ_XrFUB5-reI1OjwvQ4vAPimyVMai3I/getUpdates "HTTP/1.1 200 OK"
2025-12-24 13:46:38,474 - httpx - INFO - HTTP Request: POST https://api.telegram.org/bot8476521610:AAFKJ_XrFUB5-reI1OjwvQ4vAPimyVMai3I/getUpdates "HTTP/1.1 200 OK"
2025-12-24 13:46:48,686 - httpx - INFO - HTTP Request: POST https://api.telegram.org/bot8476521610:AAFKJ_XrFUB5-reI1OjwvQ4vAPimyVMai3I/getUpdates "HTTP/1.1 200 OK"
2025-12-24 13:46:58,919 - httpx - INFO - HTTP Request: POST https://api.telegram.org/bot8476521610:AAFKJ_XrFUB5-reI1OjwvQ4vAPimyVMai3I/getUpdates "HTTP/1.1 200 OK"
2025-12-24 13:47:09,119 - httpx - INFO - HTTP Request: POST https://api.telegram.org/bot8476521610:AAFKJ_XrFUB5-reI1OjwvQ4vAPimyVMai3I/getUpdates "HTTP/1.1 200 OK"
2025-12-24 13:47:19,322 - httpx - INFO - HTTP Request: POST https://api.telegram.org/bot8476521610:AAFKJ_XrFUB5-reI1OjwvQ4vAPimyVMai3I/getUpdates "HTTP/1.1 200 OK"
2025-12-24 13:47:29,523 - httpx - INFO - HTTP Request: POST https://api.telegram.org/bot8476521610:AAFKJ_XrFUB5-reI1OjwvQ4vAPimyVMai3I/getUpdates "HTTP/1.1 200 OK"
2025-12-24 13:47:39,723 - httpx - INFO - HTTP Request: POST https://api.telegram.org/bot8476521610:AAFKJ_XrFUB5-reI1OjwvQ4vAPimyVMai3I/getUpdates "HTTP/1.1 200 OK"
2025-12-24 13:47:49,938 - httpx - INFO - HTTP Request: POST https://api.telegram.org/bot8476521610:AAFKJ_XrFUB5-reI1OjwvQ4vAPimyVMai3I/getUpdates "HTTP/1.1 200 OK"
2025-12-24 13:48:00,139 - httpx - INFO - HTTP Request: POST https://api.telegram.org/bot8476521610:AAFKJ_XrFUB5-reI1OjwvQ4vAPimyVMai3I/getUpdates "HTTP/1.1 200 OK"
2025-12-24 13:48:10,338 - httpx - INFO - HTTP Request: POST https://api.telegram.org/bot8476521610:AAFKJ_XrFUB5-reI1OjwvQ4vAPimyVMai3I/getUpdates "HTTP/1.1 200 OK"
2025-12-24 13:48:20,535 - httpx - INFO - HTTP Request: POST https://api.telegram.org/bot8476521610:AAFKJ_XrFUB5-reI1OjwvQ4vAPimyVMai3I/getUpdates "HTTP/1.1 200 OK"
2025-12-24 13:48:30,740 - httpx - INFO - HTTP Request: POST https://api.telegram.org/bot8476521610:AAFKJ_XrFUB5-reI1OjwvQ4vAPimyVMai3I/getUpdates "HTTP/1.1 200 OK"
2025-12-24 13:48:40,941 - httpx - INFO - HTTP Request: POST https://api.telegram.org/bot8476521610:AAFKJ_XrFUB5-reI1OjwvQ4vAPimyVMai3I/getUpdates "HTTP/1.1 200 OK"
2025-12-24 13:48:51,141 - httpx - INFO - HTTP Request: POST https://api.telegram.org/bot8476521610:AAFKJ_XrFUB5-reI1OjwvQ4vAPimyVMai3I/getUpdates "HTTP/1.1 200 OK"
2025-12-24 13:49:01,342 - httpx - INFO - HTTP Request: POST https://api.telegram.org/bot8476521610:AAFKJ_XrFUB5-reI1OjwvQ4vAPimyVMai3I/getUpdates "HTTP/1.1 200 OK"
2025-12-24 13:49:11,545 - httpx - INFO - HTTP Request: POST https://api.telegram.org/bot8476521610:AAFKJ_XrFUB5-reI1OjwvQ4vAPimyVMai3I/getUpdates "HTTP/1.1 200 OK"
2025-12-24 13:49:21,746 - httpx - INFO - HTTP Request: POST https://api.telegram.org/bot8476521610:AAFKJ_XrFUB5-reI1OjwvQ4vAPimyVMai3I/getUpdates "HTTP/1.1 200 OK"
2025-12-24 13:49:31,946 - httpx - INFO - HTTP Request: POST https://api.telegram.org/bot8476521610:AAFKJ_XrFUB5-reI1OjwvQ4vAPimyVMai3I/getUpdates "HTTP/1.1 200 OK"
2025-12-24 13:49:42,147 - httpx - INFO - HTTP Request: POST https://api.telegram.org/bot8476521610:AAFKJ_XrFUB5-reI1OjwvQ4vAPimyVMai3I/getUpdates "HTTP/1.1 200 OK"
2025-12-24 13:49:52,344 - httpx - INFO - HTTP Request: POST https://api.telegram.org/bot8476521610:AAFKJ_XrFUB5-reI1OjwvQ4vAPimyVMai3I/getUpdates "HTTP/1.1 200 OK"
2025-12-24 13:50:02,542 - httpx - INFO - HTTP Request: POST https://api.telegram.org/bot8476521610:AAFKJ_XrFUB5-reI1OjwvQ4vAPimyVMai3I/getUpdates "HTTP/1.1 200 OK"
2025-12-24 13:50:12,743 - httpx - INFO - HTTP Request: POST https://api.telegram.org/bot8476521610:AAFKJ_XrFUB5-reI1OjwvQ4vAPimyVMai3I/getUpdates "HTTP/1.1 200 OK"
2025-12-24 13:50:22,943 - httpx - INFO - HTTP Request: POST https://api.telegram.org/bot8476521610:AAFKJ_XrFUB5-reI1OjwvQ4vAPimyVMai3I/getUpdates "HTTP/1.1 200 OK"
2025-12-24 13:50:33,144 - httpx - INFO - HTTP Request: POST https://api.telegram.org/bot8476521610:AAFKJ_XrFUB5-reI1OjwvQ4vAPimyVMai3I/getUpdates "HTTP/1.1 200 OK"
2025-12-24 13:50:43,344 - httpx - INFO - HTTP Request: POST https://api.telegram.org/bot8476521610:AAFKJ_XrFUB5-reI1OjwvQ4vAPimyVMai3I/getUpdates "HTTP/1.1 200 OK"
2025-12-24 13:50:53,547 - httpx - INFO - HTTP Request: POST https://api.telegram.org/bot8476521610:AAFKJ_XrFUB5-reI1OjwvQ4vAPimyVMai3I/getUpdates "HTTP/1.1 200 OK"
2025-12-24 13:51:03,748 - httpx - INFO - HTTP Request: POST https://api.telegram.org/bot8476521610:AAFKJ_XrFUB5-reI1OjwvQ4vAPimyVMai3I/getUpdates "HTTP/1.1 200 OK"
2025-12-24 13:51:13,951 - httpx - INFO - HTTP Request: POST https://api.telegram.org/bot8476521610:AAFKJ_XrFUB5-reI1OjwvQ4vAPimyVMai3I/getUpdates "HTTP/1.1 200 OK"
2025-12-24 13:51:24,154 - httpx - INFO - HTTP Request: POST https://api.telegram.org/bot8476521610:AAFKJ_XrFUB5-reI1OjwvQ4vAPimyVMai3I/getUpdates "HTTP/1.1 200 OK"
2025-12-24 13:51:34,354 - httpx - INFO - HTTP Request: POST https://api.telegram.org/bot8476521610:AAFKJ_XrFUB5-reI1OjwvQ4vAPimyVMai3I/getUpdates "HTTP/1.1 200 OK"
2025-12-24 13:51:44,556 - httpx - INFO - HTTP Request: POST https://api.telegram.org/bot8476521610:AAFKJ_XrFUB5-reI1OjwvQ4vAPimyVMai3I/getUpdates "HTTP/1.1 200 OK"
2025-12-24 13:51:54,756 - httpx - INFO - HTTP Request: POST https://api.telegram.org/bot8476521610:AAFKJ_XrFUB5-reI1OjwvQ4vAPimyVMai3I/getUpdates "HTTP/1.1 200 OK"
2025-12-24 13:52:04,957 - httpx - INFO - HTTP Request: POST https://api.telegram.org/bot8476521610:AAFKJ_XrFUB5-reI1OjwvQ4vAPimyVMai3I/getUpdates "HTTP/1.1 200 OK"
2025-12-24 13:52:15,159 - httpx - INFO - HTTP Request: POST https://api.telegram.org/bot8476521610:AAFKJ_XrFUB5-reI1OjwvQ4vAPimyVMai3I/getUpdates "HTTP/1.1 200 OK"
2025-12-24 13:52:25,359 - httpx - INFO - HTTP Request: POST https://api.telegram.org/bot8476521610:AAFKJ_XrFUB5-reI1OjwvQ4vAPimyVMai3I/getUpdates "HTTP/1.1 200 OK"
2025-12-24 13:52:35,560 - httpx - INFO - HTTP Request: POST https://api.telegram.org/bot8476521610:AAFKJ_XrFUB5-reI1OjwvQ4vAPimyVMai3I/getUpdates "HTTP/1.1 200 OK"
2025-12-24 13:52:45,762 - httpx - INFO - HTTP Request: POST https://api.telegram.org/bot8476521610:AAFKJ_XrFUB5-reI1OjwvQ4vAPimyVMai3I/getUpdates "HTTP/1.1 200 OK"
2025-12-24 13:52:55,962 - httpx - INFO - HTTP Request: POST https://api.telegram.org/bot8476521610:AAFKJ_XrFUB5-reI1OjwvQ4vAPimyVMai3I/getUpdates "HTTP/1.1 200 OK"
2025-12-24 13:53:06,163 - httpx - INFO - HTTP Request: POST https://api.telegram.org/bot8476521610:AAFKJ_XrFUB5-reI1OjwvQ4vAPimyVMai3I/getUpdates "HTTP/1.1 200 OK"
2025-12-24 13:53:16,365 - httpx - INFO - HTTP Request: POST https://api.telegram.org/bot8476521610:AAFKJ_XrFUB5-reI1OjwvQ4vAPimyVMai3I/getUpdates "HTTP/1.1 200 OK"
2025-12-24 13:53:26,566 - httpx - INFO - HTTP Request: POST https://api.telegram.org/bot8476521610:AAFKJ_XrFUB5-reI1OjwvQ4vAPimyVMai3I/getUpdates "HTTP/1.1 200 OK"
2025-12-24 13:53:36,767 - httpx - INFO - HTTP Request: POST https://api.telegram.org/bot8476521610:AAFKJ_XrFUB5-reI1OjwvQ4vAPimyVMai3I/getUpdates "HTTP/1.1 200 OK"
2025-12-24 13:54:38,917 - httpx - INFO - HTTP Request: POST https://api.telegram.org/bot8476521610:AAFKJ_XrFUB5-reI1OjwvQ4vAPimyVMai3I/getUpdates "HTTP/1.1 200 OK"
2025-12-24 13:54:49,139 - httpx - INFO - HTTP Request: POST https://api.telegram.org/bot8476521610:AAFKJ_XrFUB5-reI1OjwvQ4vAPimyVMai3I/getUpdates "HTTP/1.1 200 OK"
2025-12-24 13:54:59,352 - httpx - INFO - HTTP Request: POST https://api.telegram.org/bot8476521610:AAFKJ_XrFUB5-reI1OjwvQ4vAPimyVMai3I/getUpdates "HTTP/1.1 200 OK"
2025-12-24 13:55:09,556 - httpx - INFO - HTTP Request: POST https://api.telegram.org/bot8476521610:AAFKJ_XrFUB5-reI1OjwvQ4vAPimyVMai3I/getUpdates "HTTP/1.1 200 OK"
2025-12-24 13:55:19,759 - httpx - INFO - HTTP Request: POST https://api.telegram.org/bot8476521610:AAFKJ_XrFUB5-reI1OjwvQ4vAPimyVMai3I/getUpdates "HTTP/1.1 200 OK"
2025-12-24 13:55:29,975 - httpx - INFO - HTTP Request: POST https://api.telegram.org/bot8476521610:AAFKJ_XrFUB5-reI1OjwvQ4vAPimyVMai3I/getUpdates "HTTP/1.1 200 OK"
2025-12-24 13:55:40,188 - httpx - INFO - HTTP Request: POST https://api.telegram.org/bot8476521610:AAFKJ_XrFUB5-reI1OjwvQ4vAPimyVMai3I/getUpdates "HTTP/1.1 200 OK"
2025-12-24 13:55:50,394 - httpx - INFO - HTTP Request: POST https://api.telegram.org/bot8476521610:AAFKJ_XrFUB5-reI1OjwvQ4vAPimyVMai3I/getUpdates "HTTP/1.1 200 OK"
2025-12-24 13:56:00,601 - httpx - INFO - HTTP Request: POST https://api.telegram.org/bot8476521610:AAFKJ_XrFUB5-reI1OjwvQ4vAPimyVMai3I/getUpdates "HTTP/1.1 200 OK"
2025-12-24 13:56:10,815 - httpx - INFO - HTTP Request: POST https://api.telegram.org/bot8476521610:AAFKJ_XrFUB5-reI1OjwvQ4vAPimyVMai3I/getUpdates "HTTP/1.1 200 OK"
2025-12-24 13:56:21,027 - httpx - INFO - HTTP Request: POST https://api.telegram.org/bot8476521610:AAFKJ_XrFUB5-reI1OjwvQ4vAPimyVMai3I/getUpdates "HTTP/1.1 200 OK"
2025-12-24 13:56:31,238 - httpx - INFO - HTTP Request: POST https://api.telegram.org/bot8476521610:AAFKJ_XrFUB5-reI1OjwvQ4vAPimyVMai3I/getUpdates "HTTP/1.1 200 OK"
2025-12-24 13:56:41,451 - httpx - INFO - HTTP Request: POST https://api.telegram.org/bot8476521610:AAFKJ_XrFUB5-reI1OjwvQ4vAPimyVMai3I/getUpdates "HTTP/1.1 200 OK"
2025-12-24 13:56:51,664 - httpx - INFO - HTTP Request: POST https://api.telegram.org/bot8476521610:AAFKJ_XrFUB5-reI1OjwvQ4vAPimyVMai3I/getUpdates "HTTP/1.1 200 OK"
2025-12-24 13:57:01,877 - httpx - INFO - HTTP Request: POST https://api.telegram.org/bot8476521610:AAFKJ_XrFUB5-reI1OjwvQ4vAPimyVMai3I/getUpdates "HTTP/1.1 200 OK"
2025-12-24 13:57:12,090 - httpx - INFO - HTTP Request: POST https://api.telegram.org/bot8476521610:AAFKJ_XrFUB5-reI1OjwvQ4vAPimyVMai3I/getUpdates "HTTP/1.1 200 OK"
2025-12-24 13:57:22,302 - httpx - INFO - HTTP Request: POST https://api.telegram.org/bot8476521610:AAFKJ_XrFUB5-reI1OjwvQ4vAPimyVMai3I/getUpdates "HTTP/1.1 200 OK"
2025-12-24 13:57:32,509 - httpx - INFO - HTTP Request: POST https://api.telegram.org/bot8476521610:AAFKJ_XrFUB5-reI1OjwvQ4vAPimyVMai3I/getUpdates "HTTP/1.1 200 OK"
2025-12-24 13:57:42,722 - httpx - INFO - HTTP Request: POST https://api.telegram.org/bot8476521610:AAFKJ_XrFUB5-reI1OjwvQ4vAPimyVMai3I/getUpdates "HTTP/1.1 200 OK"
2025-12-24 13:57:52,935 - httpx - INFO - HTTP Request: POST https://api.telegram.org/bot8476521610:AAFKJ_XrFUB5-reI1OjwvQ4vAPimyVMai3I/getUpdates "HTTP/1.1 200 OK"
2025-12-24 13:58:03,147 - httpx - INFO - HTTP Request: POST https://api.telegram.org/bot8476521610:AAFKJ_XrFUB5-reI1OjwvQ4vAPimyVMai3I/getUpdates "HTTP/1.1 200 OK"
2025-12-24 13:58:13,360 - httpx - INFO - HTTP Request: POST https://api.telegram.org/bot8476521610:AAFKJ_XrFUB5-reI1OjwvQ4vAPimyVMai3I/getUpdates "HTTP/1.1 200 OK"
2025-12-24 13:58:23,570 - httpx - INFO - HTTP Request: POST https://api.telegram.org/bot8476521610:AAFKJ_XrFUB5-reI1OjwvQ4vAPimyVMai3I/getUpdates "HTTP/1.1 200 OK"
2025-12-24 13:58:33,779 - httpx - INFO - HTTP Request: POST https://api.telegram.org/bot8476521610:AAFKJ_XrFUB5-reI1OjwvQ4vAPimyVMai3I/getUpdates "HTTP/1.1 200 OK"
2025-12-24 13:58:43,993 - httpx - INFO - HTTP Request: POST https://api.telegram.org/bot8476521610:AAFKJ_XrFUB5-reI1OjwvQ4vAPimyVMai3I/getUpdates "HTTP/1.1 200 OK"
2025-12-24 13:58:54,205 - httpx - INFO - HTTP Request: POST https://api.telegram.org/bot8476521610:AAFKJ_XrFUB5-reI1OjwvQ4vAPimyVMai3I/getUpdates "HTTP/1.1 200 OK"
2025-12-24 13:59:04,414 - httpx - INFO - HTTP Request: POST https://api.telegram.org/bot8476521610:AAFKJ_XrFUB5-reI1OjwvQ4vAPimyVMai3I/getUpdates "HTTP/1.1 200 OK"
2025-12-24 13:59:14,625 - httpx - INFO - HTTP Request: POST https://api.telegram.org/bot8476521610:AAFKJ_XrFUB5-reI1OjwvQ4vAPimyVMai3I/getUpdates "HTTP/1.1 200 OK"
2025-12-24 13:59:24,837 - httpx - INFO - HTTP Request: POST https://api.telegram.org/bot8476521610:AAFKJ_XrFUB5-reI1OjwvQ4vAPimyVMai3I/getUpdates "HTTP/1.1 200 OK"
2025-12-24 13:59:35,050 - httpx - INFO - HTTP Request: POST https://api.telegram.org/bot8476521610:AAFKJ_XrFUB5-reI1OjwvQ4vAPimyVMai3I/getUpdates "HTTP/1.1 200 OK"
2025-12-24 13:59:45,263 - httpx - INFO - HTTP Request: POST https://api.telegram.org/bot8476521610:AAFKJ_XrFUB5-reI1OjwvQ4vAPimyVMai3I/getUpdates "HTTP/1.1 200 OK"
2025-12-24 13:59:55,474 - httpx - INFO - HTTP Request: POST https://api.telegram.org/bot8476521610:AAFKJ_XrFUB5-reI1OjwvQ4vAPimyVMai3I/getUpdates "HTTP/1.1 200 OK"
2025-12-24 14:00:05,682 - httpx - INFO - HTTP Request: POST https://api.telegram.org/bot8476521610:AAFKJ_XrFUB5-reI1OjwvQ4vAPimyVMai3I/getUpdates "HTTP/1.1 200 OK"
2025-12-24 14:00:15,896 - httpx - INFO - HTTP Request: POST https://api.telegram.org/bot8476521610:AAFKJ_XrFUB5-reI1OjwvQ4vAPimyVMai3I/getUpdates "HTTP/1.1 200 OK"
2025-12-24 14:00:26,108 - httpx - INFO - HTTP Request: POST https://api.telegram.org/bot8476521610:AAFKJ_XrFUB5-reI1OjwvQ4vAPimyVMai3I/getUpdates "HTTP/1.1 200 OK"
2025-12-24 14:00:36,321 - httpx - INFO - HTTP Request: POST https://api.telegram.org/bot8476521610:AAFKJ_XrFUB5-reI1OjwvQ4vAPimyVMai3I/getUpdates "HTTP/1.1 200 OK"
2025-12-24 14:00:46,534 - httpx - INFO - HTTP Request: POST https://api.telegram.org/bot8476521610:AAFKJ_XrFUB5-reI1OjwvQ4vAPimyVMai3I/getUpdates "HTTP/1.1 200 OK"
2025-12-24 14:00:56,743 - httpx - INFO - HTTP Request: POST https://api.telegram.org/bot8476521610:AAFKJ_XrFUB5-reI1OjwvQ4vAPimyVMai3I/getUpdates "HTTP/1.1 200 OK"
2025-12-24 14:01:06,956 - httpx - INFO - HTTP Request: POST https://api.telegram.org/bot8476521610:AAFKJ_XrFUB5-reI1OjwvQ4vAPimyVMai3I/getUpdates "HTTP/1.1 200 OK"
2025-12-24 14:01:17,168 - httpx - INFO - HTTP Request: POST https://api.telegram.org/bot8476521610:AAFKJ_XrFUB5-reI1OjwvQ4vAPimyVMai3I/getUpdates "HTTP/1.1 200 OK"
2025-12-24 14:01:27,381 - httpx - INFO - HTTP Request: POST https://api.telegram.org/bot8476521610:AAFKJ_XrFUB5-reI1OjwvQ4vAPimyVMai3I/getUpdates "HTTP/1.1 200 OK"
2025-12-24 14:01:37,594 - httpx - INFO - HTTP Request: POST https://api.telegram.org/bot8476521610:AAFKJ_XrFUB5-reI1OjwvQ4vAPimyVMai3I/getUpdates "HTTP/1.1 200 OK"
2025-12-24 14:01:47,809 - httpx - INFO - HTTP Request: POST https://api.telegram.org/bot8476521610:AAFKJ_XrFUB5-reI1OjwvQ4vAPimyVMai3I/getUpdates "HTTP/1.1 200 OK"
2025-12-24 14:01:58,022 - httpx - INFO - HTTP Request: POST https://api.telegram.org/bot8476521610:AAFKJ_XrFUB5-reI1OjwvQ4vAPimyVMai3I/getUpdates "HTTP/1.1 200 OK"
2025-12-24 14:02:08,235 - httpx - INFO - HTTP Request: POST https://api.telegram.org/bot8476521610:AAFKJ_XrFUB5-reI1OjwvQ4vAPimyVMai3I/getUpdates "HTTP/1.1 200 OK"
2025-12-24 14:02:18,451 - httpx - INFO - HTTP Request: POST https://api.telegram.org/bot8476521610:AAFKJ_XrFUB5-reI1OjwvQ4vAPimyVMai3I/getUpdates "HTTP/1.1 200 OK"
2025-12-24 14:02:28,666 - httpx - INFO - HTTP Request: POST https://api.telegram.org/bot8476521610:AAFKJ_XrFUB5-reI1OjwvQ4vAPimyVMai3I/getUpdates "HTTP/1.1 200 OK"
2025-12-24 14:02:38,879 - httpx - INFO - HTTP Request: POST https://api.telegram.org/bot8476521610:AAFKJ_XrFUB5-reI1OjwvQ4vAPimyVMai3I/getUpdates "HTTP/1.1 200 OK"
2025-12-24 14:02:49,090 - httpx - INFO - HTTP Request: POST https://api.telegram.org/bot8476521610:AAFKJ_XrFUB5-reI1OjwvQ4vAPimyVMai3I/getUpdates "HTTP/1.1 200 OK"
2025-12-24 14:02:59,303 - httpx - INFO - HTTP Request: POST https://api.telegram.org/bot8476521610:AAFKJ_XrFUB5-reI1OjwvQ4vAPimyVMai3I/getUpdates "HTTP/1.1 200 OK"
2025-12-24 14:03:09,518 - httpx - INFO - HTTP Request: POST https://api.telegram.org/bot8476521610:AAFKJ_XrFUB5-reI1OjwvQ4vAPimyVMai3I/getUpdates "HTTP/1.1 200 OK"
2025-12-24 14:03:19,731 - httpx - INFO - HTTP Request: POST https://api.telegram.org/bot8476521610:AAFKJ_XrFUB5-reI1OjwvQ4vAPimyVMai3I/getUpdates "HTTP/1.1 200 OK"
2025-12-24 14:03:29,940 - httpx - INFO - HTTP Request: POST https://api.telegram.org/bot8476521610:AAFKJ_XrFUB5-reI1OjwvQ4vAPimyVMai3I/getUpdates "HTTP/1.1 200 OK"
2025-12-24 14:03:40,154 - httpx - INFO - HTTP Request: POST https://api.telegram.org/bot8476521610:AAFKJ_XrFUB5-reI1OjwvQ4vAPimyVMai3I/getUpdates "HTTP/1.1 200 OK"
2025-12-24 14:03:50,373 - httpx - INFO - HTTP Request: POST https://api.telegram.org/bot8476521610:AAFKJ_XrFUB5-reI1OjwvQ4vAPimyVMai3I/getUpdates "HTTP/1.1 200 OK"
2025-12-24 14:04:00,588 - httpx - INFO - HTTP Request: POST https://api.telegram.org/bot8476521610:AAFKJ_XrFUB5-reI1OjwvQ4vAPimyVMai3I/getUpdates "HTTP/1.1 200 OK"
2025-12-24 14:04:10,801 - httpx - INFO - HTTP Request: POST https://api.telegram.org/bot8476521610:AAFKJ_XrFUB5-reI1OjwvQ4vAPimyVMai3I/getUpdates "HTTP/1.1 200 OK"
2025-12-24 14:04:21,015 - httpx - INFO - HTTP Request: POST https://api.telegram.org/bot8476521610:AAFKJ_XrFUB5-reI1OjwvQ4vAPimyVMai3I/getUpdates "HTTP/1.1 200 OK"
2025-12-24 14:04:31,230 - httpx - INFO - HTTP Request: POST https://api.telegram.org/bot8476521610:AAFKJ_XrFUB5-reI1OjwvQ4vAPimyVMai3I/getUpdates "HTTP/1.1 200 OK"
2025-12-24 14:04:41,447 - httpx - INFO - HTTP Request: POST https://api.telegram.org/bot8476521610:AAFKJ_XrFUB5-reI1OjwvQ4vAPimyVMai3I/getUpdates "HTTP/1.1 200 OK"
2025-12-24 14:04:51,663 - httpx - INFO - HTTP Request: POST https://api.telegram.org/bot8476521610:AAFKJ_XrFUB5-reI1OjwvQ4vAPimyVMai3I/getUpdates "HTTP/1.1 200 OK"
2025-12-24 14:05:01,881 - httpx - INFO - HTTP Request: POST https://api.telegram.org/bot8476521610:AAFKJ_XrFUB5-reI1OjwvQ4vAPimyVMai3I/getUpdates "HTTP/1.1 200 OK"
2025-12-24 14:05:12,089 - httpx - INFO - HTTP Request: POST https://api.telegram.org/bot8476521610:AAFKJ_XrFUB5-reI1OjwvQ4vAPimyVMai3I/getUpdates "HTTP/1.1 200 OK"
2025-12-24 14:05:22,305 - httpx - INFO - HTTP Request: POST https://api.telegram.org/bot8476521610:AAFKJ_XrFUB5-reI1OjwvQ4vAPimyVMai3I/getUpdates "HTTP/1.1 200 OK"
2025-12-24 14:05:32,512 - httpx - INFO - HTTP Request: POST https://api.telegram.org/bot8476521610:AAFKJ_XrFUB5-reI1OjwvQ4vAPimyVMai3I/getUpdates "HTTP/1.1 200 OK"
2025-12-24 14:05:42,726 - httpx - INFO - HTTP Request: POST https://api.telegram.org/bot8476521610:AAFKJ_XrFUB5-reI1OjwvQ4vAPimyVMai3I/getUpdates "HTTP/1.1 200 OK"
2025-12-24 14:05:52,942 - httpx - INFO - HTTP Request: POST https://api.telegram.org/bot8476521610:AAFKJ_XrFUB5-reI1OjwvQ4vAPimyVMai3I/getUpdates "HTTP/1.1 200 OK"
2025-12-24 14:06:03,158 - httpx - INFO - HTTP Request: POST https://api.telegram.org/bot8476521610:AAFKJ_XrFUB5-reI1OjwvQ4vAPimyVMai3I/getUpdates "HTTP/1.1 200 OK"
2025-12-24 14:06:13,371 - httpx - INFO - HTTP Request: POST https://api.telegram.org/bot8476521610:AAFKJ_XrFUB5-reI1OjwvQ4vAPimyVMai3I/getUpdates "HTTP/1.1 200 OK"
2025-12-24 14:06:23,583 - httpx - INFO - HTTP Request: POST https://api.telegram.org/bot8476521610:AAFKJ_XrFUB5-reI1OjwvQ4vAPimyVMai3I/getUpdates "HTTP/1.1 200 OK"
2025-12-24 14:06:33,801 - httpx - INFO - HTTP Request: POST https://api.telegram.org/bot8476521610:AAFKJ_XrFUB5-reI1OjwvQ4vAPimyVMai3I/getUpdates "HTTP/1.1 200 OK"
2025-12-24 14:06:44,016 - httpx - INFO - HTTP Request: POST https://api.telegram.org/bot8476521610:AAFKJ_XrFUB5-reI1OjwvQ4vAPimyVMai3I/getUpdates "HTTP/1.1 200 OK"
2025-12-24 14:06:54,231 - httpx - INFO - HTTP Request: POST https://api.telegram.org/bot8476521610:AAFKJ_XrFUB5-reI1OjwvQ4vAPimyVMai3I/getUpdates "HTTP/1.1 200 OK"
2025-12-24 14:07:04,444 - httpx - INFO - HTTP Request: POST https://api.telegram.org/bot8476521610:AAFKJ_XrFUB5-reI1OjwvQ4vAPimyVMai3I/getUpdates "HTTP/1.1 200 OK"
2025-12-24 14:07:14,654 - httpx - INFO - HTTP Request: POST https://api.telegram.org/bot8476521610:AAFKJ_XrFUB5-reI1OjwvQ4vAPimyVMai3I/getUpdates "HTTP/1.1 200 OK"
2025-12-24 14:07:24,865 - httpx - INFO - HTTP Request: POST https://api.telegram.org/bot8476521610:AAFKJ_XrFUB5-reI1OjwvQ4vAPimyVMai3I/getUpdates "HTTP/1.1 200 OK"
2025-12-24 14:07:35,073 - httpx - INFO - HTTP Request: POST https://api.telegram.org/bot8476521610:AAFKJ_XrFUB5-reI1OjwvQ4vAPimyVMai3I/getUpdates "HTTP/1.1 200 OK"
2025-12-24 14:07:45,287 - httpx - INFO - HTTP Request: POST https://api.telegram.org/bot8476521610:AAFKJ_XrFUB5-reI1OjwvQ4vAPimyVMai3I/getUpdates "HTTP/1.1 200 OK"
2025-12-24 14:07:55,503 - httpx - INFO - HTTP Request: POST https://api.telegram.org/bot8476521610:AAFKJ_XrFUB5-reI1OjwvQ4vAPimyVMai3I/getUpdates "HTTP/1.1 200 OK"
2025-12-24 14:08:05,716 - httpx - INFO - HTTP Request: POST https://api.telegram.org/bot8476521610:AAFKJ_XrFUB5-reI1OjwvQ4vAPimyVMai3I/getUpdates "HTTP/1.1 200 OK"
2025-12-24 14:08:15,928 - httpx - INFO - HTTP Request: POST https://api.telegram.org/bot8476521610:AAFKJ_XrFUB5-reI1OjwvQ4vAPimyVMai3I/getUpdates "HTTP/1.1 200 OK"
2025-12-24 14:08:26,137 - httpx - INFO - HTTP Request: POST https://api.telegram.org/bot8476521610:AAFKJ_XrFUB5-reI1OjwvQ4vAPimyVMai3I/getUpdates "HTTP/1.1 200 OK"
2025-12-24 14:08:36,352 - httpx - INFO - HTTP Request: POST https://api.telegram.org/bot8476521610:AAFKJ_XrFUB5-reI1OjwvQ4vAPimyVMai3I/getUpdates "HTTP/1.1 200 OK"
2025-12-24 14:08:46,565 - httpx - INFO - HTTP Request: POST https://api.telegram.org/bot8476521610:AAFKJ_XrFUB5-reI1OjwvQ4vAPimyVMai3I/getUpdates "HTTP/1.1 200 OK"
2025-12-24 14:08:56,777 - httpx - INFO - HTTP Request: POST https://api.telegram.org/bot8476521610:AAFKJ_XrFUB5-reI1OjwvQ4vAPimyVMai3I/getUpdates "HTTP/1.1 200 OK"
2025-12-24 14:09:06,989 - httpx - INFO - HTTP Request: POST https://api.telegram.org/bot8476521610:AAFKJ_XrFUB5-reI1OjwvQ4vAPimyVMai3I/getUpdates "HTTP/1.1 200 OK"
2025-12-24 14:09:17,211 - httpx - INFO - HTTP Request: POST https://api.telegram.org/bot8476521610:AAFKJ_XrFUB5-reI1OjwvQ4vAPimyVMai3I/getUpdates "HTTP/1.1 200 OK"
2025-12-24 14:09:27,427 - httpx - INFO - HTTP Request: POST https://api.telegram.org/bot8476521610:AAFKJ_XrFUB5-reI1OjwvQ4vAPimyVMai3I/getUpdates "HTTP/1.1 200 OK"
2025-12-24 14:09:37,636 - httpx - INFO - HTTP Request: POST https://api.telegram.org/bot8476521610:AAFKJ_XrFUB5-reI1OjwvQ4vAPimyVMai3I/getUpdates "HTTP/1.1 200 OK"
2025-12-24 14:09:47,847 - httpx - INFO - HTTP Request: POST https://api.telegram.org/bot8476521610:AAFKJ_XrFUB5-reI1OjwvQ4vAPimyVMai3I/getUpdates "HTTP/1.1 200 OK"
2025-12-24 14:09:58,061 - httpx - INFO - HTTP Request: POST https://api.telegram.org/bot8476521610:AAFKJ_XrFUB5-reI1OjwvQ4vAPimyVMai3I/getUpdates "HTTP/1.1 200 OK"
2025-12-24 14:10:08,276 - httpx - INFO - HTTP Request: POST https://api.telegram.org/bot8476521610:AAFKJ_XrFUB5-reI1OjwvQ4vAPimyVMai3I/getUpdates "HTTP/1.1 200 OK"
2025-12-24 14:10:18,486 - httpx - INFO - HTTP Request: POST https://api.telegram.org/bot8476521610:AAFKJ_XrFUB5-reI1OjwvQ4vAPimyVMai3I/getUpdates "HTTP/1.1 200 OK"
2025-12-24 14:10:28,695 - httpx - INFO - HTTP Request: POST https://api.telegram.org/bot8476521610:AAFKJ_XrFUB5-reI1OjwvQ4vAPimyVMai3I/getUpdates "HTTP/1.1 200 OK"
2025-12-24 14:10:38,909 - httpx - INFO - HTTP Request: POST https://api.telegram.org/bot8476521610:AAFKJ_XrFUB5-reI1OjwvQ4vAPimyVMai3I/getUpdates "HTTP/1.1 200 OK"
2025-12-24 14:10:49,120 - httpx - INFO - HTTP Request: POST https://api.telegram.org/bot8476521610:AAFKJ_XrFUB5-reI1OjwvQ4vAPimyVMai3I/getUpdates "HTTP/1.1 200 OK"
2025-12-24 14:10:59,337 - httpx - INFO - HTTP Request: POST https://api.telegram.org/bot8476521610:AAFKJ_XrFUB5-reI1OjwvQ4vAPimyVMai3I/getUpdates "HTTP/1.1 200 OK"
2025-12-24 14:11:09,548 - httpx - INFO - HTTP Request: POST https://api.telegram.org/bot8476521610:AAFKJ_XrFUB5-reI1OjwvQ4vAPimyVMai3I/getUpdates "HTTP/1.1 200 OK"
2025-12-24 14:11:19,763 - httpx - INFO - HTTP Request: POST https://api.telegram.org/bot8476521610:AAFKJ_XrFUB5-reI1OjwvQ4vAPimyVMai3I/getUpdates "HTTP/1.1 200 OK"
2025-12-24 14:11:29,980 - httpx - INFO - HTTP Request: POST https://api.telegram.org/bot8476521610:AAFKJ_XrFUB5-reI1OjwvQ4vAPimyVMai3I/getUpdates "HTTP/1.1 200 OK"
2025-12-24 14:11:40,591 - httpx - INFO - HTTP Request: POST https://api.telegram.org/bot8476521610:AAFKJ_XrFUB5-reI1OjwvQ4vAPimyVMai3I/getUpdates "HTTP/1.1 200 OK"
2025-12-24 14:11:50,796 - httpx - INFO - HTTP Request: POST https://api.telegram.org/bot8476521610:AAFKJ_XrFUB5-reI1OjwvQ4vAPimyVMai3I/getUpdates "HTTP/1.1 200 OK"
2025-12-24 14:12:00,998 - httpx - INFO - HTTP Request: POST https://api.telegram.org/bot8476521610:AAFKJ_XrFUB5-reI1OjwvQ4vAPimyVMai3I/getUpdates "HTTP/1.1 200 OK"
2025-12-24 14:12:11,206 - httpx - INFO - HTTP Request: POST https://api.telegram.org/bot8476521610:AAFKJ_XrFUB5-reI1OjwvQ4vAPimyVMai3I/getUpdates "HTTP/1.1 200 OK"
2025-12-24 14:12:21,409 - httpx - INFO - HTTP Request: POST https://api.telegram.org/bot8476521610:AAFKJ_XrFUB5-reI1OjwvQ4vAPimyVMai3I/getUpdates "HTTP/1.1 200 OK"
2025-12-24 14:12:31,608 - httpx - INFO - HTTP Request: POST https://api.telegram.org/bot8476521610:AAFKJ_XrFUB5-reI1OjwvQ4vAPimyVMai3I/getUpdates "HTTP/1.1 200 OK"
2025-12-24 14:12:41,816 - httpx - INFO - HTTP Request: POST https://api.telegram.org/bot8476521610:AAFKJ_XrFUB5-reI1OjwvQ4vAPimyVMai3I/getUpdates "HTTP/1.1 200 OK"
2025-12-24 14:12:52,026 - httpx - INFO - HTTP Request: POST https://api.telegram.org/bot8476521610:AAFKJ_XrFUB5-reI1OjwvQ4vAPimyVMai3I/getUpdates "HTTP/1.1 200 OK"
2025-12-24 14:13:02,230 - httpx - INFO - HTTP Request: POST https://api.telegram.org/bot8476521610:AAFKJ_XrFUB5-reI1OjwvQ4vAPimyVMai3I/getUpdates "HTTP/1.1 200 OK"
2025-12-24 14:13:12,439 - httpx - INFO - HTTP Request: POST https://api.telegram.org/bot8476521610:AAFKJ_XrFUB5-reI1OjwvQ4vAPimyVMai3I/getUpdates "HTTP/1.1 200 OK"
2025-12-24 14:13:22,648 - httpx - INFO - HTTP Request: POST https://api.telegram.org/bot8476521610:AAFKJ_XrFUB5-reI1OjwvQ4vAPimyVMai3I/getUpdates "HTTP/1.1 200 OK"
2025-12-24 14:13:32,857 - httpx - INFO - HTTP Request: POST https://api.telegram.org/bot8476521610:AAFKJ_XrFUB5-reI1OjwvQ4vAPimyVMai3I/getUpdates "HTTP/1.1 200 OK"
2025-12-24 14:13:43,067 - httpx - INFO - HTTP Request: POST https://api.telegram.org/bot8476521610:AAFKJ_XrFUB5-reI1OjwvQ4vAPimyVMai3I/getUpdates "HTTP/1.1 200 OK"
2025-12-24 14:13:53,272 - httpx - INFO - HTTP Request: POST https://api.telegram.org/bot8476521610:AAFKJ_XrFUB5-reI1OjwvQ4vAPimyVMai3I/getUpdates "HTTP/1.1 200 OK"
2025-12-24 14:14:03,479 - httpx - INFO - HTTP Request: POST https://api.telegram.org/bot8476521610:AAFKJ_XrFUB5-reI1OjwvQ4vAPimyVMai3I/getUpdates "HTTP/1.1 200 OK"
2025-12-24 14:14:13,683 - httpx - INFO - HTTP Request: POST https://api.telegram.org/bot8476521610:AAFKJ_XrFUB5-reI1OjwvQ4vAPimyVMai3I/getUpdates "HTTP/1.1 200 OK"
2025-12-24 14:14:23,889 - httpx - INFO - HTTP Request: POST https://api.telegram.org/bot8476521610:AAFKJ_XrFUB5-reI1OjwvQ4vAPimyVMai3I/getUpdates "HTTP/1.1 200 OK"
2025-12-24 14:14:34,094 - httpx - INFO - HTTP Request: POST https://api.telegram.org/bot8476521610:AAFKJ_XrFUB5-reI1OjwvQ4vAPimyVMai3I/getUpdates "HTTP/1.1 200 OK"
2025-12-24 14:14:44,297 - httpx - INFO - HTTP Request: POST https://api.telegram.org/bot8476521610:AAFKJ_XrFUB5-reI1OjwvQ4vAPimyVMai3I/getUpdates "HTTP/1.1 200 OK"
2025-12-24 14:14:54,495 - httpx - INFO - HTTP Request: POST https://api.telegram.org/bot8476521610:AAFKJ_XrFUB5-reI1OjwvQ4vAPimyVMai3I/getUpdates "HTTP/1.1 200 OK"
2025-12-24 14:15:04,704 - httpx - INFO - HTTP Request: POST https://api.telegram.org/bot8476521610:AAFKJ_XrFUB5-reI1OjwvQ4vAPimyVMai3I/getUpdates "HTTP/1.1 200 OK"
2025-12-24 14:15:14,908 - httpx - INFO - HTTP Request: POST https://api.telegram.org/bot8476521610:AAFKJ_XrFUB5-reI1OjwvQ4vAPimyVMai3I/getUpdates "HTTP/1.1 200 OK"
2025-12-24 14:15:25,111 - httpx - INFO - HTTP Request: POST https://api.telegram.org/bot8476521610:AAFKJ_XrFUB5-reI1OjwvQ4vAPimyVMai3I/getUpdates "HTTP/1.1 200 OK"
2025-12-24 14:15:35,317 - httpx - INFO - HTTP Request: POST https://api.telegram.org/bot8476521610:AAFKJ_XrFUB5-reI1OjwvQ4vAPimyVMai3I/getUpdates "HTTP/1.1 200 OK"
2025-12-24 14:15:45,522 - httpx - INFO - HTTP Request: POST https://api.telegram.org/bot8476521610:AAFKJ_XrFUB5-reI1OjwvQ4vAPimyVMai3I/getUpdates "HTTP/1.1 200 OK"
2025-12-24 14:15:55,730 - httpx - INFO - HTTP Request: POST https://api.telegram.org/bot8476521610:AAFKJ_XrFUB5-reI1OjwvQ4vAPimyVMai3I/getUpdates "HTTP/1.1 200 OK"
2025-12-24 14:16:05,935 - httpx - INFO - HTTP Request: POST https://api.telegram.org/bot8476521610:AAFKJ_XrFUB5-reI1OjwvQ4vAPimyVMai3I/getUpdates "HTTP/1.1 200 OK"
2025-12-24 14:16:16,145 - httpx - INFO - HTTP Request: POST https://api.telegram.org/bot8476521610:AAFKJ_XrFUB5-reI1OjwvQ4vAPimyVMai3I/getUpdates "HTTP/1.1 200 OK"
2025-12-24 14:16:26,363 - httpx - INFO - HTTP Request: POST https://api.telegram.org/bot8476521610:AAFKJ_XrFUB5-reI1OjwvQ4vAPimyVMai3I/getUpdates "HTTP/1.1 200 OK"
2025-12-24 14:16:36,576 - httpx - INFO - HTTP Request: POST https://api.telegram.org/bot8476521610:AAFKJ_XrFUB5-reI1OjwvQ4vAPimyVMai3I/getUpdates "HTTP/1.1 200 OK"
2025-12-24 14:16:46,775 - httpx - INFO - HTTP Request: POST https://api.telegram.org/bot8476521610:AAFKJ_XrFUB5-reI1OjwvQ4vAPimyVMai3I/getUpdates "HTTP/1.1 200 OK"
2025-12-24 14:16:56,987 - httpx - INFO - HTTP Request: POST https://api.telegram.org/bot8476521610:AAFKJ_XrFUB5-reI1OjwvQ4vAPimyVMai3I/getUpdates "HTTP/1.1 200 OK"
2025-12-24 14:17:07,196 - httpx - INFO - HTTP Request: POST https://api.telegram.org/bot8476521610:AAFKJ_XrFUB5-reI1OjwvQ4vAPimyVMai3I/getUpdates "HTTP/1.1 200 OK"
2025-12-24 14:17:17,396 - httpx - INFO - HTTP Request: POST https://api.telegram.org/bot8476521610:AAFKJ_XrFUB5-reI1OjwvQ4vAPimyVMai3I/getUpdates "HTTP/1.1 200 OK"
2025-12-24 14:17:27,597 - httpx - INFO - HTTP Request: POST https://api.telegram.org/bot8476521610:AAFKJ_XrFUB5-reI1OjwvQ4vAPimyVMai3I/getUpdates "HTTP/1.1 200 OK"
2025-12-24 14:17:37,804 - httpx - INFO - HTTP Request: POST https://api.telegram.org/bot8476521610:AAFKJ_XrFUB5-reI1OjwvQ4vAPimyVMai3I/getUpdates "HTTP/1.1 200 OK"
2025-12-24 14:17:48,010 - httpx - INFO - HTTP Request: POST https://api.telegram.org/bot8476521610:AAFKJ_XrFUB5-reI1OjwvQ4vAPimyVMai3I/getUpdates "HTTP/1.1 200 OK"
2025-12-24 14:17:58,217 - httpx - INFO - HTTP Request: POST https://api.telegram.org/bot8476521610:AAFKJ_XrFUB5-reI1OjwvQ4vAPimyVMai3I/getUpdates "HTTP/1.1 200 OK"
2025-12-24 14:18:08,426 - httpx - INFO - HTTP Request: POST https://api.telegram.org/bot8476521610:AAFKJ_XrFUB5-reI1OjwvQ4vAPimyVMai3I/getUpdates "HTTP/1.1 200 OK"
2025-12-24 14:18:18,629 - httpx - INFO - HTTP Request: POST https://api.telegram.org/bot8476521610:AAFKJ_XrFUB5-reI1OjwvQ4vAPimyVMai3I/getUpdates "HTTP/1.1 200 OK"
2025-12-24 14:18:28,838 - httpx - INFO - HTTP Request: POST https://api.telegram.org/bot8476521610:AAFKJ_XrFUB5-reI1OjwvQ4vAPimyVMai3I/getUpdates "HTTP/1.1 200 OK"
2025-12-24 14:18:39,036 - httpx - INFO - HTTP Request: POST https://api.telegram.org/bot8476521610:AAFKJ_XrFUB5-reI1OjwvQ4vAPimyVMai3I/getUpdates "HTTP/1.1 200 OK"
2025-12-24 14:18:49,242 - httpx - INFO - HTTP Request: POST https://api.telegram.org/bot8476521610:AAFKJ_XrFUB5-reI1OjwvQ4vAPimyVMai3I/getUpdates "HTTP/1.1 200 OK"
2025-12-24 14:18:59,452 - httpx - INFO - HTTP Request: POST https://api.telegram.org/bot8476521610:AAFKJ_XrFUB5-reI1OjwvQ4vAPimyVMai3I/getUpdates "HTTP/1.1 200 OK"
2025-12-24 14:19:09,654 - httpx - INFO - HTTP Request: POST https://api.telegram.org/bot8476521610:AAFKJ_XrFUB5-reI1OjwvQ4vAPimyVMai3I/getUpdates "HTTP/1.1 200 OK"
2025-12-24 14:19:19,870 - httpx - INFO - HTTP Request: POST https://api.telegram.org/bot8476521610:AAFKJ_XrFUB5-reI1OjwvQ4vAPimyVMai3I/getUpdates "HTTP/1.1 200 OK"
2025-12-24 14:19:30,074 - httpx - INFO - HTTP Request: POST https://api.telegram.org/bot8476521610:AAFKJ_XrFUB5-reI1OjwvQ4vAPimyVMai3I/getUpdates "HTTP/1.1 200 OK"
2025-12-24 14:19:40,277 - httpx - INFO - HTTP Request: POST https://api.telegram.org/bot8476521610:AAFKJ_XrFUB5-reI1OjwvQ4vAPimyVMai3I/getUpdates "HTTP/1.1 200 OK"
2025-12-24 14:19:50,496 - httpx - INFO - HTTP Request: POST https://api.telegram.org/bot8476521610:AAFKJ_XrFUB5-reI1OjwvQ4vAPimyVMai3I/getUpdates "HTTP/1.1 200 OK"
2025-12-24 14:20:00,708 - httpx - INFO - HTTP Request: POST https://api.telegram.org/bot8476521610:AAFKJ_XrFUB5-reI1OjwvQ4vAPimyVMai3I/getUpdates "HTTP/1.1 200 OK"
2025-12-24 14:20:10,915 - httpx - INFO - HTTP Request: POST https://api.telegram.org/bot8476521610:AAFKJ_XrFUB5-reI1OjwvQ4vAPimyVMai3I/getUpdates "HTTP/1.1 200 OK"
2025-12-24 14:20:21,117 - httpx - INFO - HTTP Request: POST https://api.telegram.org/bot8476521610:AAFKJ_XrFUB5-reI1OjwvQ4vAPimyVMai3I/getUpdates "HTTP/1.1 200 OK"
2025-12-24 14:20:31,321 - httpx - INFO - HTTP Request: POST https://api.telegram.org/bot8476521610:AAFKJ_XrFUB5-reI1OjwvQ4vAPimyVMai3I/getUpdates "HTTP/1.1 200 OK"
2025-12-24 14:20:41,524 - httpx - INFO - HTTP Request: POST https://api.telegram.org/bot8476521610:AAFKJ_XrFUB5-reI1OjwvQ4vAPimyVMai3I/getUpdates "HTTP/1.1 200 OK"
2025-12-24 14:20:51,731 - httpx - INFO - HTTP Request: POST https://api.telegram.org/bot8476521610:AAFKJ_XrFUB5-reI1OjwvQ4vAPimyVMai3I/getUpdates "HTTP/1.1 200 OK"
2025-12-24 14:21:01,935 - httpx - INFO - HTTP Request: POST https://api.telegram.org/bot8476521610:AAFKJ_XrFUB5-reI1OjwvQ4vAPimyVMai3I/getUpdates "HTTP/1.1 200 OK"
2025-12-24 14:21:12,142 - httpx - INFO - HTTP Request: POST https://api.telegram.org/bot8476521610:AAFKJ_XrFUB5-reI1OjwvQ4vAPimyVMai3I/getUpdates "HTTP/1.1 200 OK"
2025-12-24 14:21:22,345 - httpx - INFO - HTTP Request: POST https://api.telegram.org/bot8476521610:AAFKJ_XrFUB5-reI1OjwvQ4vAPimyVMai3I/getUpdates "HTTP/1.1 200 OK"
2025-12-24 14:21:32,549 - httpx - INFO - HTTP Request: POST https://api.telegram.org/bot8476521610:AAFKJ_XrFUB5-reI1OjwvQ4vAPimyVMai3I/getUpdates "HTTP/1.1 200 OK"
2025-12-24 14:21:42,751 - httpx - INFO - HTTP Request: POST https://api.telegram.org/bot8476521610:AAFKJ_XrFUB5-reI1OjwvQ4vAPimyVMai3I/getUpdates "HTTP/1.1 200 OK"
2025-12-24 14:21:52,953 - httpx - INFO - HTTP Request: POST https://api.telegram.org/bot8476521610:AAFKJ_XrFUB5-reI1OjwvQ4vAPimyVMai3I/getUpdates "HTTP/1.1 200 OK"
2025-12-24 14:22:03,158 - httpx - INFO - HTTP Request: POST https://api.telegram.org/bot8476521610:AAFKJ_XrFUB5-reI1OjwvQ4vAPimyVMai3I/getUpdates "HTTP/1.1 200 OK"
2025-12-24 14:22:13,362 - httpx - INFO - HTTP Request: POST https://api.telegram.org/bot8476521610:AAFKJ_XrFUB5-reI1OjwvQ4vAPimyVMai3I/getUpdates "HTTP/1.1 200 OK"
2025-12-24 14:22:23,565 - httpx - INFO - HTTP Request: POST https://api.telegram.org/bot8476521610:AAFKJ_XrFUB5-reI1OjwvQ4vAPimyVMai3I/getUpdates "HTTP/1.1 200 OK"
2025-12-24 14:22:33,772 - httpx - INFO - HTTP Request: POST https://api.telegram.org/bot8476521610:AAFKJ_XrFUB5-reI1OjwvQ4vAPimyVMai3I/getUpdates "HTTP/1.1 200 OK"
2025-12-24 14:22:43,977 - httpx - INFO - HTTP Request: POST https://api.telegram.org/bot8476521610:AAFKJ_XrFUB5-reI1OjwvQ4vAPimyVMai3I/getUpdates "HTTP/1.1 200 OK"
2025-12-24 14:22:54,179 - httpx - INFO - HTTP Request: POST https://api.telegram.org/bot8476521610:AAFKJ_XrFUB5-reI1OjwvQ4vAPimyVMai3I/getUpdates "HTTP/1.1 200 OK"
2025-12-24 14:23:04,383 - httpx - INFO - HTTP Request: POST https://api.telegram.org/bot8476521610:AAFKJ_XrFUB5-reI1OjwvQ4vAPimyVMai3I/getUpdates "HTTP/1.1 200 OK"
2025-12-24 14:23:14,587 - httpx - INFO - HTTP Request: POST https://api.telegram.org/bot8476521610:AAFKJ_XrFUB5-reI1OjwvQ4vAPimyVMai3I/getUpdates "HTTP/1.1 200 OK"
2025-12-24 14:23:24,791 - httpx - INFO - HTTP Request: POST https://api.telegram.org/bot8476521610:AAFKJ_XrFUB5-reI1OjwvQ4vAPimyVMai3I/getUpdates "HTTP/1.1 200 OK"
2025-12-24 14:23:34,992 - httpx - INFO - HTTP Request: POST https://api.telegram.org/bot8476521610:AAFKJ_XrFUB5-reI1OjwvQ4vAPimyVMai3I/getUpdates "HTTP/1.1 200 OK"
2025-12-24 14:23:45,194 - httpx - INFO - HTTP Request: POST https://api.telegram.org/bot8476521610:AAFKJ_XrFUB5-reI1OjwvQ4vAPimyVMai3I/getUpdates "HTTP/1.1 200 OK"
2025-12-24 14:23:55,397 - httpx - INFO - HTTP Request: POST https://api.telegram.org/bot8476521610:AAFKJ_XrFUB5-reI1OjwvQ4vAPimyVMai3I/getUpdates "HTTP/1.1 200 OK"
2025-12-24 14:24:05,603 - httpx - INFO - HTTP Request: POST https://api.telegram.org/bot8476521610:AAFKJ_XrFUB5-reI1OjwvQ4vAPimyVMai3I/getUpdates "HTTP/1.1 200 OK"
2025-12-24 14:24:15,809 - httpx - INFO - HTTP Request: POST https://api.telegram.org/bot8476521610:AAFKJ_XrFUB5-reI1OjwvQ4vAPimyVMai3I/getUpdates "HTTP/1.1 200 OK"
2025-12-24 14:24:26,023 - httpx - INFO - HTTP Request: POST https://api.telegram.org/bot8476521610:AAFKJ_XrFUB5-reI1OjwvQ4vAPimyVMai3I/getUpdates "HTTP/1.1 200 OK"
2025-12-24 14:24:36,227 - httpx - INFO - HTTP Request: POST https://api.telegram.org/bot8476521610:AAFKJ_XrFUB5-reI1OjwvQ4vAPimyVMai3I/getUpdates "HTTP/1.1 200 OK"
2025-12-24 14:24:46,431 - httpx - INFO - HTTP Request: POST https://api.telegram.org/bot8476521610:AAFKJ_XrFUB5-reI1OjwvQ4vAPimyVMai3I/getUpdates "HTTP/1.1 200 OK"
2025-12-24 14:24:56,643 - httpx - INFO - HTTP Request: POST https://api.telegram.org/bot8476521610:AAFKJ_XrFUB5-reI1OjwvQ4vAPimyVMai3I/getUpdates "HTTP/1.1 200 OK"
2025-12-24 14:25:06,848 - httpx - INFO - HTTP Request: POST https://api.telegram.org/bot8476521610:AAFKJ_XrFUB5-reI1OjwvQ4vAPimyVMai3I/getUpdates "HTTP/1.1 200 OK"
2025-12-24 14:25:17,053 - httpx - INFO - HTTP Request: POST https://api.telegram.org/bot8476521610:AAFKJ_XrFUB5-reI1OjwvQ4vAPimyVMai3I/getUpdates "HTTP/1.1 200 OK"
2025-12-24 14:25:27,257 - httpx - INFO - HTTP Request: POST https://api.telegram.org/bot8476521610:AAFKJ_XrFUB5-reI1OjwvQ4vAPimyVMai3I/getUpdates "HTTP/1.1 200 OK"
2025-12-24 14:25:37,464 - httpx - INFO - HTTP Request: POST https://api.telegram.org/bot8476521610:AAFKJ_XrFUB5-reI1OjwvQ4vAPimyVMai3I/getUpdates "HTTP/1.1 200 OK"
2025-12-24 14:25:47,670 - httpx - INFO - HTTP Request: POST https://api.telegram.org/bot8476521610:AAFKJ_XrFUB5-reI1OjwvQ4vAPimyVMai3I/getUpdates "HTTP/1.1 200 OK"
2025-12-24 14:25:57,869 - httpx - INFO - HTTP Request: POST https://api.telegram.org/bot8476521610:AAFKJ_XrFUB5-reI1OjwvQ4vAPimyVMai3I/getUpdates "HTTP/1.1 200 OK"
2025-12-24 14:26:08,078 - httpx - INFO - HTTP Request: POST https://api.telegram.org/bot8476521610:AAFKJ_XrFUB5-reI1OjwvQ4vAPimyVMai3I/getUpdates "HTTP/1.1 200 OK"
2025-12-24 14:26:18,285 - httpx - INFO - HTTP Request: POST https://api.telegram.org/bot8476521610:AAFKJ_XrFUB5-reI1OjwvQ4vAPimyVMai3I/getUpdates "HTTP/1.1 200 OK"
2025-12-24 14:26:28,493 - httpx - INFO - HTTP Request: POST https://api.telegram.org/bot8476521610:AAFKJ_XrFUB5-reI1OjwvQ4vAPimyVMai3I/getUpdates "HTTP/1.1 200 OK"
2025-12-24 14:26:38,698 - httpx - INFO - HTTP Request: POST https://api.telegram.org/bot8476521610:AAFKJ_XrFUB5-reI1OjwvQ4vAPimyVMai3I/getUpdates "HTTP/1.1 200 OK"
2025-12-24 14:26:48,901 - httpx - INFO - HTTP Request: POST https://api.telegram.org/bot8476521610:AAFKJ_XrFUB5-reI1OjwvQ4vAPimyVMai3I/getUpdates "HTTP/1.1 200 OK"
2025-12-24 14:26:59,110 - httpx - INFO - HTTP Request: POST https://api.telegram.org/bot8476521610:AAFKJ_XrFUB5-reI1OjwvQ4vAPimyVMai3I/getUpdates "HTTP/1.1 200 OK"
2025-12-24 14:27:09,345 - httpx - INFO - HTTP Request: POST https://api.telegram.org/bot8476521610:AAFKJ_XrFUB5-reI1OjwvQ4vAPimyVMai3I/getUpdates "HTTP/1.1 200 OK"
2025-12-24 14:27:19,552 - httpx - INFO - HTTP Request: POST https://api.telegram.org/bot8476521610:AAFKJ_XrFUB5-reI1OjwvQ4vAPimyVMai3I/getUpdates "HTTP/1.1 200 OK"
2025-12-24 14:27:29,757 - httpx - INFO - HTTP Request: POST https://api.telegram.org/bot8476521610:AAFKJ_XrFUB5-reI1OjwvQ4vAPimyVMai3I/getUpdates "HTTP/1.1 200 OK"
2025-12-24 14:27:39,969 - httpx - INFO - HTTP Request: POST https://api.telegram.org/bot8476521610:AAFKJ_XrFUB5-reI1OjwvQ4vAPimyVMai3I/getUpdates "HTTP/1.1 200 OK"
2025-12-24 14:27:50,179 - httpx - INFO - HTTP Request: POST https://api.telegram.org/bot8476521610:AAFKJ_XrFUB5-reI1OjwvQ4vAPimyVMai3I/getUpdates "HTTP/1.1 200 OK"
2025-12-24 14:28:00,380 - httpx - INFO - HTTP Request: POST https://api.telegram.org/bot8476521610:AAFKJ_XrFUB5-reI1OjwvQ4vAPimyVMai3I/getUpdates "HTTP/1.1 200 OK"
2025-12-24 14:28:10,579 - httpx - INFO - HTTP Request: POST https://api.telegram.org/bot8476521610:AAFKJ_XrFUB5-reI1OjwvQ4vAPimyVMai3I/getUpdates "HTTP/1.1 200 OK"
2025-12-24 14:28:20,782 - httpx - INFO - HTTP Request: POST https://api.telegram.org/bot8476521610:AAFKJ_XrFUB5-reI1OjwvQ4vAPimyVMai3I/getUpdates "HTTP/1.1 200 OK"
2025-12-24 14:28:31,011 - httpx - INFO - HTTP Request: POST https://api.telegram.org/bot8476521610:AAFKJ_XrFUB5-reI1OjwvQ4vAPimyVMai3I/getUpdates "HTTP/1.1 200 OK"
2025-12-24 14:28:41,705 - httpx - INFO - HTTP Request: POST https://api.telegram.org/bot8476521610:AAFKJ_XrFUB5-reI1OjwvQ4vAPimyVMai3I/getUpdates "HTTP/1.1 200 OK"
2025-12-24 14:28:51,916 - httpx - INFO - HTTP Request: POST https://api.telegram.org/bot8476521610:AAFKJ_XrFUB5-reI1OjwvQ4vAPimyVMai3I/getUpdates "HTTP/1.1 200 OK"
2025-12-24 14:29:02,126 - httpx - INFO - HTTP Request: POST https://api.telegram.org/bot8476521610:AAFKJ_XrFUB5-reI1OjwvQ4vAPimyVMai3I/getUpdates "HTTP/1.1 200 OK"
2025-12-24 14:29:12,331 - httpx - INFO - HTTP Request: POST https://api.telegram.org/bot8476521610:AAFKJ_XrFUB5-reI1OjwvQ4vAPimyVMai3I/getUpdates "HTTP/1.1 200 OK"
2025-12-24 14:29:22,541 - httpx - INFO - HTTP Request: POST https://api.telegram.org/bot8476521610:AAFKJ_XrFUB5-reI1OjwvQ4vAPimyVMai3I/getUpdates "HTTP/1.1 200 OK"
2025-12-24 14:29:32,750 - httpx - INFO - HTTP Request: POST https://api.telegram.org/bot8476521610:AAFKJ_XrFUB5-reI1OjwvQ4vAPimyVMai3I/getUpdates "HTTP/1.1 200 OK"
2025-12-24 14:29:42,989 - httpx - INFO - HTTP Request: POST https://api.telegram.org/bot8476521610:AAFKJ_XrFUB5-reI1OjwvQ4vAPimyVMai3I/getUpdates "HTTP/1.1 200 OK"
2025-12-24 14:29:53,195 - httpx - INFO - HTTP Request: POST https://api.telegram.org/bot8476521610:AAFKJ_XrFUB5-reI1OjwvQ4vAPimyVMai3I/getUpdates "HTTP/1.1 200 OK"
2025-12-24 14:30:03,402 - httpx - INFO - HTTP Request: POST https://api.telegram.org/bot8476521610:AAFKJ_XrFUB5-reI1OjwvQ4vAPimyVMai3I/getUpdates "HTTP/1.1 200 OK"
2025-12-24 14:30:13,615 - httpx - INFO - HTTP Request: POST https://api.telegram.org/bot8476521610:AAFKJ_XrFUB5-reI1OjwvQ4vAPimyVMai3I/getUpdates "HTTP/1.1 200 OK"
2025-12-24 14:30:23,823 - httpx - INFO - HTTP Request: POST https://api.telegram.org/bot8476521610:AAFKJ_XrFUB5-reI1OjwvQ4vAPimyVMai3I/getUpdates "HTTP/1.1 200 OK"
2025-12-24 14:30:34,032 - httpx - INFO - HTTP Request: POST https://api.telegram.org/bot8476521610:AAFKJ_XrFUB5-reI1OjwvQ4vAPimyVMai3I/getUpdates "HTTP/1.1 200 OK"
2025-12-24 14:30:44,254 - httpx - INFO - HTTP Request: POST https://api.telegram.org/bot8476521610:AAFKJ_XrFUB5-reI1OjwvQ4vAPimyVMai3I/getUpdates "HTTP/1.1 200 OK"
2025-12-24 14:30:54,463 - httpx - INFO - HTTP Request: POST https://api.telegram.org/bot8476521610:AAFKJ_XrFUB5-reI1OjwvQ4vAPimyVMai3I/getUpdates "HTTP/1.1 200 OK"
2025-12-24 14:31:04,677 - httpx - INFO - HTTP Request: POST https://api.telegram.org/bot8476521610:AAFKJ_XrFUB5-reI1OjwvQ4vAPimyVMai3I/getUpdates "HTTP/1.1 200 OK"
2025-12-24 14:31:14,885 - httpx - INFO - HTTP Request: POST https://api.telegram.org/bot8476521610:AAFKJ_XrFUB5-reI1OjwvQ4vAPimyVMai3I/getUpdates "HTTP/1.1 200 OK"
2025-12-24 14:31:25,093 - httpx - INFO - HTTP Request: POST https://api.telegram.org/bot8476521610:AAFKJ_XrFUB5-reI1OjwvQ4vAPimyVMai3I/getUpdates "HTTP/1.1 200 OK"
2025-12-24 14:31:35,301 - httpx - INFO - HTTP Request: POST https://api.telegram.org/bot8476521610:AAFKJ_XrFUB5-reI1OjwvQ4vAPimyVMai3I/getUpdates "HTTP/1.1 200 OK"
2025-12-24 14:31:45,509 - httpx - INFO - HTTP Request: POST https://api.telegram.org/bot8476521610:AAFKJ_XrFUB5-reI1OjwvQ4vAPimyVMai3I/getUpdates "HTTP/1.1 200 OK"
2025-12-24 14:31:55,718 - httpx - INFO - HTTP Request: POST https://api.telegram.org/bot8476521610:AAFKJ_XrFUB5-reI1OjwvQ4vAPimyVMai3I/getUpdates "HTTP/1.1 200 OK"
2025-12-24 14:32:05,940 - httpx - INFO - HTTP Request: POST https://api.telegram.org/bot8476521610:AAFKJ_XrFUB5-reI1OjwvQ4vAPimyVMai3I/getUpdates "HTTP/1.1 200 OK"
2025-12-24 14:32:16,153 - httpx - INFO - HTTP Request: POST https://api.telegram.org/bot8476521610:AAFKJ_XrFUB5-reI1OjwvQ4vAPimyVMai3I/getUpdates "HTTP/1.1 200 OK"
2025-12-24 14:32:26,363 - httpx - INFO - HTTP Request: POST https://api.telegram.org/bot8476521610:AAFKJ_XrFUB5-reI1OjwvQ4vAPimyVMai3I/getUpdates "HTTP/1.1 200 OK"
2025-12-24 14:32:36,578 - httpx - INFO - HTTP Request: POST https://api.telegram.org/bot8476521610:AAFKJ_XrFUB5-reI1OjwvQ4vAPimyVMai3I/getUpdates "HTTP/1.1 200 OK"
2025-12-24 14:32:46,782 - httpx - INFO - HTTP Request: POST https://api.telegram.org/bot8476521610:AAFKJ_XrFUB5-reI1OjwvQ4vAPimyVMai3I/getUpdates "HTTP/1.1 200 OK"
2025-12-24 14:32:56,992 - httpx - INFO - HTTP Request: POST https://api.telegram.org/bot8476521610:AAFKJ_XrFUB5-reI1OjwvQ4vAPimyVMai3I/getUpdates "HTTP/1.1 200 OK"
2025-12-24 14:33:07,198 - httpx - INFO - HTTP Request: POST https://api.telegram.org/bot8476521610:AAFKJ_XrFUB5-reI1OjwvQ4vAPimyVMai3I/getUpdates "HTTP/1.1 200 OK"
2025-12-24 14:33:17,409 - httpx - INFO - HTTP Request: POST https://api.telegram.org/bot8476521610:AAFKJ_XrFUB5-reI1OjwvQ4vAPimyVMai3I/getUpdates "HTTP/1.1 200 OK"
2025-12-24 14:33:27,616 - httpx - INFO - HTTP Request: POST https://api.telegram.org/bot8476521610:AAFKJ_XrFUB5-reI1OjwvQ4vAPimyVMai3I/getUpdates "HTTP/1.1 200 OK"
2025-12-24 14:33:37,823 - httpx - INFO - HTTP Request: POST https://api.telegram.org/bot8476521610:AAFKJ_XrFUB5-reI1OjwvQ4vAPimyVMai3I/getUpdates "HTTP/1.1 200 OK"
2025-12-24 14:33:48,028 - httpx - INFO - HTTP Request: POST https://api.telegram.org/bot8476521610:AAFKJ_XrFUB5-reI1OjwvQ4vAPimyVMai3I/getUpdates "HTTP/1.1 200 OK"
2025-12-24 14:33:58,246 - httpx - INFO - HTTP Request: POST https://api.telegram.org/bot8476521610:AAFKJ_XrFUB5-reI1OjwvQ4vAPimyVMai3I/getUpdates "HTTP/1.1 200 OK"
2025-12-24 14:34:08,458 - httpx - INFO - HTTP Request: POST https://api.telegram.org/bot8476521610:AAFKJ_XrFUB5-reI1OjwvQ4vAPimyVMai3I/getUpdates "HTTP/1.1 200 OK"
2025-12-24 14:34:18,679 - httpx - INFO - HTTP Request: POST https://api.telegram.org/bot8476521610:AAFKJ_XrFUB5-reI1OjwvQ4vAPimyVMai3I/getUpdates "HTTP/1.1 200 OK"
2025-12-24 14:34:28,888 - httpx - INFO - HTTP Request: POST https://api.telegram.org/bot8476521610:AAFKJ_XrFUB5-reI1OjwvQ4vAPimyVMai3I/getUpdates "HTTP/1.1 200 OK"
2025-12-24 14:34:39,131 - httpx - INFO - HTTP Request: POST https://api.telegram.org/bot8476521610:AAFKJ_XrFUB5-reI1OjwvQ4vAPimyVMai3I/getUpdates "HTTP/1.1 200 OK"
2025-12-24 14:34:49,345 - httpx - INFO - HTTP Request: POST https://api.telegram.org/bot8476521610:AAFKJ_XrFUB5-reI1OjwvQ4vAPimyVMai3I/getUpdates "HTTP/1.1 200 OK"
2025-12-24 14:34:59,588 - httpx - INFO - HTTP Request: POST https://api.telegram.org/bot8476521610:AAFKJ_XrFUB5-reI1OjwvQ4vAPimyVMai3I/getUpdates "HTTP/1.1 200 OK"
2025-12-24 14:35:09,793 - httpx - INFO - HTTP Request: POST https://api.telegram.org/bot8476521610:AAFKJ_XrFUB5-reI1OjwvQ4vAPimyVMai3I/getUpdates "HTTP/1.1 200 OK"
2025-12-24 14:35:20,001 - httpx - INFO - HTTP Request: POST https://api.telegram.org/bot8476521610:AAFKJ_XrFUB5-reI1OjwvQ4vAPimyVMai3I/getUpdates "HTTP/1.1 200 OK"
2025-12-24 14:35:30,211 - httpx - INFO - HTTP Request: POST https://api.telegram.org/bot8476521610:AAFKJ_XrFUB5-reI1OjwvQ4vAPimyVMai3I/getUpdates "HTTP/1.1 200 OK"
2025-12-24 14:35:40,427 - httpx - INFO - HTTP Request: POST https://api.telegram.org/bot8476521610:AAFKJ_XrFUB5-reI1OjwvQ4vAPimyVMai3I/getUpdates "HTTP/1.1 200 OK"
2025-12-24 14:35:50,637 - httpx - INFO - HTTP Request: POST https://api.telegram.org/bot8476521610:AAFKJ_XrFUB5-reI1OjwvQ4vAPimyVMai3I/getUpdates "HTTP/1.1 200 OK"
2025-12-24 14:36:00,844 - httpx - INFO - HTTP Request: POST https://api.telegram.org/bot8476521610:AAFKJ_XrFUB5-reI1OjwvQ4vAPimyVMai3I/getUpdates "HTTP/1.1 200 OK"
2025-12-24 14:36:11,055 - httpx - INFO - HTTP Request: POST https://api.telegram.org/bot8476521610:AAFKJ_XrFUB5-reI1OjwvQ4vAPimyVMai3I/getUpdates "HTTP/1.1 200 OK"
2025-12-24 14:36:21,279 - httpx - INFO - HTTP Request: POST https://api.telegram.org/bot8476521610:AAFKJ_XrFUB5-reI1OjwvQ4vAPimyVMai3I/getUpdates "HTTP/1.1 200 OK"
2025-12-24 14:36:31,491 - httpx - INFO - HTTP Request: POST https://api.telegram.org/bot8476521610:AAFKJ_XrFUB5-reI1OjwvQ4vAPimyVMai3I/getUpdates "HTTP/1.1 200 OK"
2025-12-24 14:36:41,701 - httpx - INFO - HTTP Request: POST https://api.telegram.org/bot8476521610:AAFKJ_XrFUB5-reI1OjwvQ4vAPimyVMai3I/getUpdates "HTTP/1.1 200 OK"
2025-12-24 14:36:51,906 - httpx - INFO - HTTP Request: POST https://api.telegram.org/bot8476521610:AAFKJ_XrFUB5-reI1OjwvQ4vAPimyVMai3I/getUpdates "HTTP/1.1 200 OK"
2025-12-24 14:37:02,111 - httpx - INFO - HTTP Request: POST https://api.telegram.org/bot8476521610:AAFKJ_XrFUB5-reI1OjwvQ4vAPimyVMai3I/getUpdates "HTTP/1.1 200 OK"
2025-12-24 14:37:12,327 - httpx - INFO - HTTP Request: POST https://api.telegram.org/bot8476521610:AAFKJ_XrFUB5-reI1OjwvQ4vAPimyVMai3I/getUpdates "HTTP/1.1 200 OK"
2025-12-24 14:37:22,537 - httpx - INFO - HTTP Request: POST https://api.telegram.org/bot8476521610:AAFKJ_XrFUB5-reI1OjwvQ4vAPimyVMai3I/getUpdates "HTTP/1.1 200 OK"
2025-12-24 14:37:32,752 - httpx - INFO - HTTP Request: POST https://api.telegram.org/bot8476521610:AAFKJ_XrFUB5-reI1OjwvQ4vAPimyVMai3I/getUpdates "HTTP/1.1 200 OK"
2025-12-24 14:37:42,960 - httpx - INFO - HTTP Request: POST https://api.telegram.org/bot8476521610:AAFKJ_XrFUB5-reI1OjwvQ4vAPimyVMai3I/getUpdates "HTTP/1.1 200 OK"
2025-12-24 14:37:53,166 - httpx - INFO - HTTP Request: POST https://api.telegram.org/bot8476521610:AAFKJ_XrFUB5-reI1OjwvQ4vAPimyVMai3I/getUpdates "HTTP/1.1 200 OK"
2025-12-24 14:38:03,377 - httpx - INFO - HTTP Request: POST https://api.telegram.org/bot8476521610:AAFKJ_XrFUB5-reI1OjwvQ4vAPimyVMai3I/getUpdates "HTTP/1.1 200 OK"
2025-12-24 14:38:13,583 - httpx - INFO - HTTP Request: POST https://api.telegram.org/bot8476521610:AAFKJ_XrFUB5-reI1OjwvQ4vAPimyVMai3I/getUpdates "HTTP/1.1 200 OK"
2025-12-24 14:38:23,789 - httpx - INFO - HTTP Request: POST https://api.telegram.org/bot8476521610:AAFKJ_XrFUB5-reI1OjwvQ4vAPimyVMai3I/getUpdates "HTTP/1.1 200 OK"
2025-12-24 14:38:34,003 - httpx - INFO - HTTP Request: POST https://api.telegram.org/bot8476521610:AAFKJ_XrFUB5-reI1OjwvQ4vAPimyVMai3I/getUpdates "HTTP/1.1 200 OK"
2025-12-24 14:38:44,213 - httpx - INFO - HTTP Request: POST https://api.telegram.org/bot8476521610:AAFKJ_XrFUB5-reI1OjwvQ4vAPimyVMai3I/getUpdates "HTTP/1.1 200 OK"
2025-12-24 14:38:54,420 - httpx - INFO - HTTP Request: POST https://api.telegram.org/bot8476521610:AAFKJ_XrFUB5-reI1OjwvQ4vAPimyVMai3I/getUpdates "HTTP/1.1 200 OK"
2025-12-24 14:39:04,629 - httpx - INFO - HTTP Request: POST https://api.telegram.org/bot8476521610:AAFKJ_XrFUB5-reI1OjwvQ4vAPimyVMai3I/getUpdates "HTTP/1.1 200 OK"
2025-12-24 14:39:14,840 - httpx - INFO - HTTP Request: POST https://api.telegram.org/bot8476521610:AAFKJ_XrFUB5-reI1OjwvQ4vAPimyVMai3I/getUpdates "HTTP/1.1 200 OK"
2025-12-24 14:39:25,051 - httpx - INFO - HTTP Request: POST https://api.telegram.org/bot8476521610:AAFKJ_XrFUB5-reI1OjwvQ4vAPimyVMai3I/getUpdates "HTTP/1.1 200 OK"
2025-12-24 14:39:35,258 - httpx - INFO - HTTP Request: POST https://api.telegram.org/bot8476521610:AAFKJ_XrFUB5-reI1OjwvQ4vAPimyVMai3I/getUpdates "HTTP/1.1 200 OK"
2025-12-24 14:39:45,464 - httpx - INFO - HTTP Request: POST https://api.telegram.org/bot8476521610:AAFKJ_XrFUB5-reI1OjwvQ4vAPimyVMai3I/getUpdates "HTTP/1.1 200 OK"
2025-12-24 14:39:55,674 - httpx - INFO - HTTP Request: POST https://api.telegram.org/bot8476521610:AAFKJ_XrFUB5-reI1OjwvQ4vAPimyVMai3I/getUpdates "HTTP/1.1 200 OK"
2025-12-24 14:40:05,881 - httpx - INFO - HTTP Request: POST https://api.telegram.org/bot8476521610:AAFKJ_XrFUB5-reI1OjwvQ4vAPimyVMai3I/getUpdates "HTTP/1.1 200 OK"
2025-12-24 14:40:16,090 - httpx - INFO - HTTP Request: POST https://api.telegram.org/bot8476521610:AAFKJ_XrFUB5-reI1OjwvQ4vAPimyVMai3I/getUpdates "HTTP/1.1 200 OK"
2025-12-24 14:40:26,301 - httpx - INFO - HTTP Request: POST https://api.telegram.org/bot8476521610:AAFKJ_XrFUB5-reI1OjwvQ4vAPimyVMai3I/getUpdates "HTTP/1.1 200 OK"
2025-12-24 14:40:36,517 - httpx - INFO - HTTP Request: POST https://api.telegram.org/bot8476521610:AAFKJ_XrFUB5-reI1OjwvQ4vAPimyVMai3I/getUpdates "HTTP/1.1 200 OK"
2025-12-24 14:40:46,726 - httpx - INFO - HTTP Request: POST https://api.telegram.org/bot8476521610:AAFKJ_XrFUB5-reI1OjwvQ4vAPimyVMai3I/getUpdates "HTTP/1.1 200 OK"
2025-12-24 14:40:56,931 - httpx - INFO - HTTP Request: POST https://api.telegram.org/bot8476521610:AAFKJ_XrFUB5-reI1OjwvQ4vAPimyVMai3I/getUpdates "HTTP/1.1 200 OK"
2025-12-24 14:41:07,142 - httpx - INFO - HTTP Request: POST https://api.telegram.org/bot8476521610:AAFKJ_XrFUB5-reI1OjwvQ4vAPimyVMai3I/getUpdates "HTTP/1.1 200 OK"
2025-12-24 14:41:17,350 - httpx - INFO - HTTP Request: POST https://api.telegram.org/bot8476521610:AAFKJ_XrFUB5-reI1OjwvQ4vAPimyVMai3I/getUpdates "HTTP/1.1 200 OK"
2025-12-24 14:41:27,560 - httpx - INFO - HTTP Request: POST https://api.telegram.org/bot8476521610:AAFKJ_XrFUB5-reI1OjwvQ4vAPimyVMai3I/getUpdates "HTTP/1.1 200 OK"
2025-12-24 14:41:37,769 - httpx - INFO - HTTP Request: POST https://api.telegram.org/bot8476521610:AAFKJ_XrFUB5-reI1OjwvQ4vAPimyVMai3I/getUpdates "HTTP/1.1 200 OK"
2025-12-24 14:41:47,974 - httpx - INFO - HTTP Request: POST https://api.telegram.org/bot8476521610:AAFKJ_XrFUB5-reI1OjwvQ4vAPimyVMai3I/getUpdates "HTTP/1.1 200 OK"
2025-12-24 14:41:58,183 - httpx - INFO - HTTP Request: POST https://api.telegram.org/bot8476521610:AAFKJ_XrFUB5-reI1OjwvQ4vAPimyVMai3I/getUpdates "HTTP/1.1 200 OK"
2025-12-24 14:42:08,393 - httpx - INFO - HTTP Request: POST https://api.telegram.org/bot8476521610:AAFKJ_XrFUB5-reI1OjwvQ4vAPimyVMai3I/getUpdates "HTTP/1.1 200 OK"
2025-12-24 14:42:18,604 - httpx - INFO - HTTP Request: POST https://api.telegram.org/bot8476521610:AAFKJ_XrFUB5-reI1OjwvQ4vAPimyVMai3I/getUpdates "HTTP/1.1 200 OK"
2025-12-24 14:42:28,825 - httpx - INFO - HTTP Request: POST https://api.telegram.org/bot8476521610:AAFKJ_XrFUB5-reI1OjwvQ4vAPimyVMai3I/getUpdates "HTTP/1.1 200 OK"
2025-12-24 14:42:39,037 - httpx - INFO - HTTP Request: POST https://api.telegram.org/bot8476521610:AAFKJ_XrFUB5-reI1OjwvQ4vAPimyVMai3I/getUpdates "HTTP/1.1 200 OK"
2025-12-24 14:42:49,245 - httpx - INFO - HTTP Request: POST https://api.telegram.org/bot8476521610:AAFKJ_XrFUB5-reI1OjwvQ4vAPimyVMai3I/getUpdates "HTTP/1.1 200 OK"
2025-12-24 14:42:59,452 - httpx - INFO - HTTP Request: POST https://api.telegram.org/bot8476521610:AAFKJ_XrFUB5-reI1OjwvQ4vAPimyVMai3I/getUpdates "HTTP/1.1 200 OK"
2025-12-24 14:43:09,662 - httpx - INFO - HTTP Request: POST https://api.telegram.org/bot8476521610:AAFKJ_XrFUB5-reI1OjwvQ4vAPimyVMai3I/getUpdates "HTTP/1.1 200 OK"
2025-12-24 14:43:19,883 - httpx - INFO - HTTP Request: POST https://api.telegram.org/bot8476521610:AAFKJ_XrFUB5-reI1OjwvQ4vAPimyVMai3I/getUpdates "HTTP/1.1 200 OK"
2025-12-24 14:43:30,097 - httpx - INFO - HTTP Request: POST https://api.telegram.org/bot8476521610:AAFKJ_XrFUB5-reI1OjwvQ4vAPimyVMai3I/getUpdates "HTTP/1.1 200 OK"
2025-12-24 14:43:40,307 - httpx - INFO - HTTP Request: POST https://api.telegram.org/bot8476521610:AAFKJ_XrFUB5-reI1OjwvQ4vAPimyVMai3I/getUpdates "HTTP/1.1 200 OK"
2025-12-24 14:43:50,516 - httpx - INFO - HTTP Request: POST https://api.telegram.org/bot8476521610:AAFKJ_XrFUB5-reI1OjwvQ4vAPimyVMai3I/getUpdates "HTTP/1.1 200 OK"
2025-12-24 14:44:00,725 - httpx - INFO - HTTP Request: POST https://api.telegram.org/bot8476521610:AAFKJ_XrFUB5-reI1OjwvQ4vAPimyVMai3I/getUpdates "HTTP/1.1 200 OK"
2025-12-24 14:44:10,931 - httpx - INFO - HTTP Request: POST https://api.telegram.org/bot8476521610:AAFKJ_XrFUB5-reI1OjwvQ4vAPimyVMai3I/getUpdates "HTTP/1.1 200 OK"
2025-12-24 14:44:21,141 - httpx - INFO - HTTP Request: POST https://api.telegram.org/bot8476521610:AAFKJ_XrFUB5-reI1OjwvQ4vAPimyVMai3I/getUpdates "HTTP/1.1 200 OK"
2025-12-24 14:44:31,351 - httpx - INFO - HTTP Request: POST https://api.telegram.org/bot8476521610:AAFKJ_XrFUB5-reI1OjwvQ4vAPimyVMai3I/getUpdates "HTTP/1.1 200 OK"
2025-12-24 14:44:41,563 - httpx - INFO - HTTP Request: POST https://api.telegram.org/bot8476521610:AAFKJ_XrFUB5-reI1OjwvQ4vAPimyVMai3I/getUpdates "HTTP/1.1 200 OK"
2025-12-24 14:44:51,772 - httpx - INFO - HTTP Request: POST https://api.telegram.org/bot8476521610:AAFKJ_XrFUB5-reI1OjwvQ4vAPimyVMai3I/getUpdates "HTTP/1.1 200 OK"
2025-12-24 14:45:01,985 - httpx - INFO - HTTP Request: POST https://api.telegram.org/bot8476521610:AAFKJ_XrFUB5-reI1OjwvQ4vAPimyVMai3I/getUpdates "HTTP/1.1 200 OK"
2025-12-24 14:45:12,193 - httpx - INFO - HTTP Request: POST https://api.telegram.org/bot8476521610:AAFKJ_XrFUB5-reI1OjwvQ4vAPimyVMai3I/getUpdates "HTTP/1.1 200 OK"
2025-12-24 14:45:22,403 - httpx - INFO - HTTP Request: POST https://api.telegram.org/bot8476521610:AAFKJ_XrFUB5-reI1OjwvQ4vAPimyVMai3I/getUpdates "HTTP/1.1 200 OK"
2025-12-24 14:45:32,618 - httpx - INFO - HTTP Request: POST https://api.telegram.org/bot8476521610:AAFKJ_XrFUB5-reI1OjwvQ4vAPimyVMai3I/getUpdates "HTTP/1.1 200 OK"
2025-12-24 14:45:43,244 - httpx - INFO - HTTP Request: POST https://api.telegram.org/bot8476521610:AAFKJ_XrFUB5-reI1OjwvQ4vAPimyVMai3I/getUpdates "HTTP/1.1 200 OK"
2025-12-24 14:45:53,450 - httpx - INFO - HTTP Request: POST https://api.telegram.org/bot8476521610:AAFKJ_XrFUB5-reI1OjwvQ4vAPimyVMai3I/getUpdates "HTTP/1.1 200 OK"
2025-12-24 14:46:03,655 - httpx - INFO - HTTP Request: POST https://api.telegram.org/bot8476521610:AAFKJ_XrFUB5-reI1OjwvQ4vAPimyVMai3I/getUpdates "HTTP/1.1 200 OK"
2025-12-24 14:46:13,859 - httpx - INFO - HTTP Request: POST https://api.telegram.org/bot8476521610:AAFKJ_XrFUB5-reI1OjwvQ4vAPimyVMai3I/getUpdates "HTTP/1.1 200 OK"
2025-12-24 14:46:24,065 - httpx - INFO - HTTP Request: POST https://api.telegram.org/bot8476521610:AAFKJ_XrFUB5-reI1OjwvQ4vAPimyVMai3I/getUpdates "HTTP/1.1 200 OK"
2025-12-24 14:46:34,271 - httpx - INFO - HTTP Request: POST https://api.telegram.org/bot8476521610:AAFKJ_XrFUB5-reI1OjwvQ4vAPimyVMai3I/getUpdates "HTTP/1.1 200 OK"
2025-12-24 14:46:44,488 - httpx - INFO - HTTP Request: POST https://api.telegram.org/bot8476521610:AAFKJ_XrFUB5-reI1OjwvQ4vAPimyVMai3I/getUpdates "HTTP/1.1 200 OK"
2025-12-24 14:46:54,697 - httpx - INFO - HTTP Request: POST https://api.telegram.org/bot8476521610:AAFKJ_XrFUB5-reI1OjwvQ4vAPimyVMai3I/getUpdates "HTTP/1.1 200 OK"
2025-12-24 14:47:04,905 - httpx - INFO - HTTP Request: POST https://api.telegram.org/bot8476521610:AAFKJ_XrFUB5-reI1OjwvQ4vAPimyVMai3I/getUpdates "HTTP/1.1 200 OK"
2025-12-24 14:47:15,125 - httpx - INFO - HTTP Request: POST https://api.telegram.org/bot8476521610:AAFKJ_XrFUB5-reI1OjwvQ4vAPimyVMai3I/getUpdates "HTTP/1.1 200 OK"
2025-12-24 14:47:25,334 - httpx - INFO - HTTP Request: POST https://api.telegram.org/bot8476521610:AAFKJ_XrFUB5-reI1OjwvQ4vAPimyVMai3I/getUpdates "HTTP/1.1 200 OK"
2025-12-24 14:47:35,539 - httpx - INFO - HTTP Request: POST https://api.telegram.org/bot8476521610:AAFKJ_XrFUB5-reI1OjwvQ4vAPimyVMai3I/getUpdates "HTTP/1.1 200 OK"
2025-12-24 14:47:45,746 - httpx - INFO - HTTP Request: POST https://api.telegram.org/bot8476521610:AAFKJ_XrFUB5-reI1OjwvQ4vAPimyVMai3I/getUpdates "HTTP/1.1 200 OK"
2025-12-24 14:48:46,636 - httpx - INFO - HTTP Request: POST https://api.telegram.org/bot8476521610:AAFKJ_XrFUB5-reI1OjwvQ4vAPimyVMai3I/getUpdates "HTTP/1.1 200 OK"
2025-12-24 14:48:56,872 - httpx - INFO - HTTP Request: POST https://api.telegram.org/bot8476521610:AAFKJ_XrFUB5-reI1OjwvQ4vAPimyVMai3I/getUpdates "HTTP/1.1 200 OK"
2025-12-24 14:49:07,091 - httpx - INFO - HTTP Request: POST https://api.telegram.org/bot8476521610:AAFKJ_XrFUB5-reI1OjwvQ4vAPimyVMai3I/getUpdates "HTTP/1.1 200 OK"
2025-12-24 14:49:17,294 - httpx - INFO - HTTP Request: POST https://api.telegram.org/bot8476521610:AAFKJ_XrFUB5-reI1OjwvQ4vAPimyVMai3I/getUpdates "HTTP/1.1 200 OK"
2025-12-24 14:49:27,498 - httpx - INFO - HTTP Request: POST https://api.telegram.org/bot8476521610:AAFKJ_XrFUB5-reI1OjwvQ4vAPimyVMai3I/getUpdates "HTTP/1.1 200 OK"
2025-12-24 14:49:37,696 - httpx - INFO - HTTP Request: POST https://api.telegram.org/bot8476521610:AAFKJ_XrFUB5-reI1OjwvQ4vAPimyVMai3I/getUpdates "HTTP/1.1 200 OK"
2025-12-24 14:49:47,895 - httpx - INFO - HTTP Request: POST https://api.telegram.org/bot8476521610:AAFKJ_XrFUB5-reI1OjwvQ4vAPimyVMai3I/getUpdates "HTTP/1.1 200 OK"
2025-12-24 14:49:58,095 - httpx - INFO - HTTP Request: POST https://api.telegram.org/bot8476521610:AAFKJ_XrFUB5-reI1OjwvQ4vAPimyVMai3I/getUpdates "HTTP/1.1 200 OK"
2025-12-24 14:50:08,295 - httpx - INFO - HTTP Request: POST https://api.telegram.org/bot8476521610:AAFKJ_XrFUB5-reI1OjwvQ4vAPimyVMai3I/getUpdates "HTTP/1.1 200 OK"
2025-12-24 14:50:18,495 - httpx - INFO - HTTP Request: POST https://api.telegram.org/bot8476521610:AAFKJ_XrFUB5-reI1OjwvQ4vAPimyVMai3I/getUpdates "HTTP/1.1 200 OK"
2025-12-24 14:50:28,702 - httpx - INFO - HTTP Request: POST https://api.telegram.org/bot8476521610:AAFKJ_XrFUB5-reI1OjwvQ4vAPimyVMai3I/getUpdates "HTTP/1.1 200 OK"
2025-12-24 14:50:38,908 - httpx - INFO - HTTP Request: POST https://api.telegram.org/bot8476521610:AAFKJ_XrFUB5-reI1OjwvQ4vAPimyVMai3I/getUpdates "HTTP/1.1 200 OK"
2025-12-24 14:50:49,111 - httpx - INFO - HTTP Request: POST https://api.telegram.org/bot8476521610:AAFKJ_XrFUB5-reI1OjwvQ4vAPimyVMai3I/getUpdates "HTTP/1.1 200 OK"
2025-12-24 14:50:59,311 - httpx - INFO - HTTP Request: POST https://api.telegram.org/bot8476521610:AAFKJ_XrFUB5-reI1OjwvQ4vAPimyVMai3I/getUpdates "HTTP/1.1 200 OK"
2025-12-24 14:51:09,513 - httpx - INFO - HTTP Request: POST https://api.telegram.org/bot8476521610:AAFKJ_XrFUB5-reI1OjwvQ4vAPimyVMai3I/getUpdates "HTTP/1.1 200 OK"
2025-12-24 14:51:19,719 - httpx - INFO - HTTP Request: POST https://api.telegram.org/bot8476521610:AAFKJ_XrFUB5-reI1OjwvQ4vAPimyVMai3I/getUpdates "HTTP/1.1 200 OK"
2025-12-24 14:51:29,927 - httpx - INFO - HTTP Request: POST https://api.telegram.org/bot8476521610:AAFKJ_XrFUB5-reI1OjwvQ4vAPimyVMai3I/getUpdates "HTTP/1.1 200 OK"
2025-12-24 14:51:40,129 - httpx - INFO - HTTP Request: POST https://api.telegram.org/bot8476521610:AAFKJ_XrFUB5-reI1OjwvQ4vAPimyVMai3I/getUpdates "HTTP/1.1 200 OK"
2025-12-24 14:51:50,333 - httpx - INFO - HTTP Request: POST https://api.telegram.org/bot8476521610:AAFKJ_XrFUB5-reI1OjwvQ4vAPimyVMai3I/getUpdates "HTTP/1.1 200 OK"
2025-12-24 14:52:00,535 - httpx - INFO - HTTP Request: POST https://api.telegram.org/bot8476521610:AAFKJ_XrFUB5-reI1OjwvQ4vAPimyVMai3I/getUpdates "HTTP/1.1 200 OK"
2025-12-24 14:52:10,740 - httpx - INFO - HTTP Request: POST https://api.telegram.org/bot8476521610:AAFKJ_XrFUB5-reI1OjwvQ4vAPimyVMai3I/getUpdates "HTTP/1.1 200 OK"
2025-12-24 14:52:20,944 - httpx - INFO - HTTP Request: POST https://api.telegram.org/bot8476521610:AAFKJ_XrFUB5-reI1OjwvQ4vAPimyVMai3I/getUpdates "HTTP/1.1 200 OK"
2025-12-24 14:52:31,151 - httpx - INFO - HTTP Request: POST https://api.telegram.org/bot8476521610:AAFKJ_XrFUB5-reI1OjwvQ4vAPimyVMai3I/getUpdates "HTTP/1.1 200 OK"
2025-12-24 14:52:41,361 - httpx - INFO - HTTP Request: POST https://api.telegram.org/bot8476521610:AAFKJ_XrFUB5-reI1OjwvQ4vAPimyVMai3I/getUpdates "HTTP/1.1 200 OK"
2025-12-24 14:52:51,561 - httpx - INFO - HTTP Request: POST https://api.telegram.org/bot8476521610:AAFKJ_XrFUB5-reI1OjwvQ4vAPimyVMai3I/getUpdates "HTTP/1.1 200 OK"
2025-12-24 14:53:01,769 - httpx - INFO - HTTP Request: POST https://api.telegram.org/bot8476521610:AAFKJ_XrFUB5-reI1OjwvQ4vAPimyVMai3I/getUpdates "HTTP/1.1 200 OK"
2025-12-24 14:53:11,976 - httpx - INFO - HTTP Request: POST https://api.telegram.org/bot8476521610:AAFKJ_XrFUB5-reI1OjwvQ4vAPimyVMai3I/getUpdates "HTTP/1.1 200 OK"
2025-12-24 14:53:22,184 - httpx - INFO - HTTP Request: POST https://api.telegram.org/bot8476521610:AAFKJ_XrFUB5-reI1OjwvQ4vAPimyVMai3I/getUpdates "HTTP/1.1 200 OK"
2025-12-24 14:53:32,394 - httpx - INFO - HTTP Request: POST https://api.telegram.org/bot8476521610:AAFKJ_XrFUB5-reI1OjwvQ4vAPimyVMai3I/getUpdates "HTTP/1.1 200 OK"
2025-12-24 14:53:42,602 - httpx - INFO - HTTP Request: POST https://api.telegram.org/bot8476521610:AAFKJ_XrFUB5-reI1OjwvQ4vAPimyVMai3I/getUpdates "HTTP/1.1 200 OK"
2025-12-24 14:53:52,808 - httpx - INFO - HTTP Request: POST https://api.telegram.org/bot8476521610:AAFKJ_XrFUB5-reI1OjwvQ4vAPimyVMai3I/getUpdates "HTTP/1.1 200 OK"
2025-12-24 14:54:03,012 - httpx - INFO - HTTP Request: POST https://api.telegram.org/bot8476521610:AAFKJ_XrFUB5-reI1OjwvQ4vAPimyVMai3I/getUpdates "HTTP/1.1 200 OK"
2025-12-24 14:54:13,216 - httpx - INFO - HTTP Request: POST https://api.telegram.org/bot8476521610:AAFKJ_XrFUB5-reI1OjwvQ4vAPimyVMai3I/getUpdates "HTTP/1.1 200 OK"
2025-12-24 14:54:23,421 - httpx - INFO - HTTP Request: POST https://api.telegram.org/bot8476521610:AAFKJ_XrFUB5-reI1OjwvQ4vAPimyVMai3I/getUpdates "HTTP/1.1 200 OK"
2025-12-24 14:54:33,627 - httpx - INFO - HTTP Request: POST https://api.telegram.org/bot8476521610:AAFKJ_XrFUB5-reI1OjwvQ4vAPimyVMai3I/getUpdates "HTTP/1.1 200 OK"
2025-12-24 14:54:43,835 - httpx - INFO - HTTP Request: POST https://api.telegram.org/bot8476521610:AAFKJ_XrFUB5-reI1OjwvQ4vAPimyVMai3I/getUpdates "HTTP/1.1 200 OK"
2025-12-24 14:54:54,041 - httpx - INFO - HTTP Request: POST https://api.telegram.org/bot8476521610:AAFKJ_XrFUB5-reI1OjwvQ4vAPimyVMai3I/getUpdates "HTTP/1.1 200 OK"
2025-12-24 14:55:04,244 - httpx - INFO - HTTP Request: POST https://api.telegram.org/bot8476521610:AAFKJ_XrFUB5-reI1OjwvQ4vAPimyVMai3I/getUpdates "HTTP/1.1 200 OK"
2025-12-24 14:55:14,453 - httpx - INFO - HTTP Request: POST https://api.telegram.org/bot8476521610:AAFKJ_XrFUB5-reI1OjwvQ4vAPimyVMai3I/getUpdates "HTTP/1.1 200 OK"
2025-12-24 14:55:24,678 - httpx - INFO - HTTP Request: POST https://api.telegram.org/bot8476521610:AAFKJ_XrFUB5-reI1OjwvQ4vAPimyVMai3I/getUpdates "HTTP/1.1 200 OK"
2025-12-24 14:55:34,884 - httpx - INFO - HTTP Request: POST https://api.telegram.org/bot8476521610:AAFKJ_XrFUB5-reI1OjwvQ4vAPimyVMai3I/getUpdates "HTTP/1.1 200 OK"
2025-12-24 14:55:45,091 - httpx - INFO - HTTP Request: POST https://api.telegram.org/bot8476521610:AAFKJ_XrFUB5-reI1OjwvQ4vAPimyVMai3I/getUpdates "HTTP/1.1 200 OK"
2025-12-24 14:55:55,292 - httpx - INFO - HTTP Request: POST https://api.telegram.org/bot8476521610:AAFKJ_XrFUB5-reI1OjwvQ4vAPimyVMai3I/getUpdates "HTTP/1.1 200 OK"
2025-12-24 14:56:05,497 - httpx - INFO - HTTP Request: POST https://api.telegram.org/bot8476521610:AAFKJ_XrFUB5-reI1OjwvQ4vAPimyVMai3I/getUpdates "HTTP/1.1 200 OK"
2025-12-24 14:56:15,704 - httpx - INFO - HTTP Request: POST https://api.telegram.org/bot8476521610:AAFKJ_XrFUB5-reI1OjwvQ4vAPimyVMai3I/getUpdates "HTTP/1.1 200 OK"
2025-12-24 14:56:25,907 - httpx - INFO - HTTP Request: POST https://api.telegram.org/bot8476521610:AAFKJ_XrFUB5-reI1OjwvQ4vAPimyVMai3I/getUpdates "HTTP/1.1 200 OK"
2025-12-24 14:56:36,115 - httpx - INFO - HTTP Request: POST https://api.telegram.org/bot8476521610:AAFKJ_XrFUB5-reI1OjwvQ4vAPimyVMai3I/getUpdates "HTTP/1.1 200 OK"
2025-12-24 14:56:46,319 - httpx - INFO - HTTP Request: POST https://api.telegram.org/bot8476521610:AAFKJ_XrFUB5-reI1OjwvQ4vAPimyVMai3I/getUpdates "HTTP/1.1 200 OK"
2025-12-24 14:56:56,525 - httpx - INFO - HTTP Request: POST https://api.telegram.org/bot8476521610:AAFKJ_XrFUB5-reI1OjwvQ4vAPimyVMai3I/getUpdates "HTTP/1.1 200 OK"
2025-12-24 14:57:06,729 - httpx - INFO - HTTP Request: POST https://api.telegram.org/bot8476521610:AAFKJ_XrFUB5-reI1OjwvQ4vAPimyVMai3I/getUpdates "HTTP/1.1 200 OK"
2025-12-24 14:57:16,934 - httpx - INFO - HTTP Request: POST https://api.telegram.org/bot8476521610:AAFKJ_XrFUB5-reI1OjwvQ4vAPimyVMai3I/getUpdates "HTTP/1.1 200 OK"
2025-12-24 14:57:27,143 - httpx - INFO - HTTP Request: POST https://api.telegram.org/bot8476521610:AAFKJ_XrFUB5-reI1OjwvQ4vAPimyVMai3I/getUpdates "HTTP/1.1 200 OK"
2025-12-24 14:57:37,346 - httpx - INFO - HTTP Request: POST https://api.telegram.org/bot8476521610:AAFKJ_XrFUB5-reI1OjwvQ4vAPimyVMai3I/getUpdates "HTTP/1.1 200 OK"
2025-12-24 14:57:47,546 - httpx - INFO - HTTP Request: POST https://api.telegram.org/bot8476521610:AAFKJ_XrFUB5-reI1OjwvQ4vAPimyVMai3I/getUpdates "HTTP/1.1 200 OK"
2025-12-24 14:57:57,771 - httpx - INFO - HTTP Request: POST https://api.telegram.org/bot8476521610:AAFKJ_XrFUB5-reI1OjwvQ4vAPimyVMai3I/getUpdates "HTTP/1.1 200 OK"
2025-12-24 14:58:07,977 - httpx - INFO - HTTP Request: POST https://api.telegram.org/bot8476521610:AAFKJ_XrFUB5-reI1OjwvQ4vAPimyVMai3I/getUpdates "HTTP/1.1 200 OK"
2025-12-24 14:58:18,181 - httpx - INFO - HTTP Request: POST https://api.telegram.org/bot8476521610:AAFKJ_XrFUB5-reI1OjwvQ4vAPimyVMai3I/getUpdates "HTTP/1.1 200 OK"
2025-12-24 14:58:28,390 - httpx - INFO - HTTP Request: POST https://api.telegram.org/bot8476521610:AAFKJ_XrFUB5-reI1OjwvQ4vAPimyVMai3I/getUpdates "HTTP/1.1 200 OK"
2025-12-24 14:58:38,596 - httpx - INFO - HTTP Request: POST https://api.telegram.org/bot8476521610:AAFKJ_XrFUB5-reI1OjwvQ4vAPimyVMai3I/getUpdates "HTTP/1.1 200 OK"
2025-12-24 14:58:48,804 - httpx - INFO - HTTP Request: POST https://api.telegram.org/bot8476521610:AAFKJ_XrFUB5-reI1OjwvQ4vAPimyVMai3I/getUpdates "HTTP/1.1 200 OK"
2025-12-24 14:58:59,006 - httpx - INFO - HTTP Request: POST https://api.telegram.org/bot8476521610:AAFKJ_XrFUB5-reI1OjwvQ4vAPimyVMai3I/getUpdates "HTTP/1.1 200 OK"
2025-12-24 14:59:09,213 - httpx - INFO - HTTP Request: POST https://api.telegram.org/bot8476521610:AAFKJ_XrFUB5-reI1OjwvQ4vAPimyVMai3I/getUpdates "HTTP/1.1 200 OK"
2025-12-24 14:59:19,417 - httpx - INFO - HTTP Request: POST https://api.telegram.org/bot8476521610:AAFKJ_XrFUB5-reI1OjwvQ4vAPimyVMai3I/getUpdates "HTTP/1.1 200 OK"
2025-12-24 14:59:29,626 - httpx - INFO - HTTP Request: POST https://api.telegram.org/bot8476521610:AAFKJ_XrFUB5-reI1OjwvQ4vAPimyVMai3I/getUpdates "HTTP/1.1 200 OK"
2025-12-24 14:59:39,830 - httpx - INFO - HTTP Request: POST https://api.telegram.org/bot8476521610:AAFKJ_XrFUB5-reI1OjwvQ4vAPimyVMai3I/getUpdates "HTTP/1.1 200 OK"
2025-12-24 14:59:50,035 - httpx - INFO - HTTP Request: POST https://api.telegram.org/bot8476521610:AAFKJ_XrFUB5-reI1OjwvQ4vAPimyVMai3I/getUpdates "HTTP/1.1 200 OK"
2025-12-24 15:00:00,241 - httpx - INFO - HTTP Request: POST https://api.telegram.org/bot8476521610:AAFKJ_XrFUB5-reI1OjwvQ4vAPimyVMai3I/getUpdates "HTTP/1.1 200 OK"
2025-12-24 15:00:10,452 - httpx - INFO - HTTP Request: POST https://api.telegram.org/bot8476521610:AAFKJ_XrFUB5-reI1OjwvQ4vAPimyVMai3I/getUpdates "HTTP/1.1 200 OK"
2025-12-24 15:00:20,660 - httpx - INFO - HTTP Request: POST https://api.telegram.org/bot8476521610:AAFKJ_XrFUB5-reI1OjwvQ4vAPimyVMai3I/getUpdates "HTTP/1.1 200 OK"
2025-12-24 15:00:30,865 - httpx - INFO - HTTP Request: POST https://api.telegram.org/bot8476521610:AAFKJ_XrFUB5-reI1OjwvQ4vAPimyVMai3I/getUpdates "HTTP/1.1 200 OK"
2025-12-24 15:00:41,077 - httpx - INFO - HTTP Request: POST https://api.telegram.org/bot8476521610:AAFKJ_XrFUB5-reI1OjwvQ4vAPimyVMai3I/getUpdates "HTTP/1.1 200 OK"
2025-12-24 15:00:51,285 - httpx - INFO - HTTP Request: POST https://api.telegram.org/bot8476521610:AAFKJ_XrFUB5-reI1OjwvQ4vAPimyVMai3I/getUpdates "HTTP/1.1 200 OK"
2025-12-24 15:01:01,491 - httpx - INFO - HTTP Request: POST https://api.telegram.org/bot8476521610:AAFKJ_XrFUB5-reI1OjwvQ4vAPimyVMai3I/getUpdates "HTTP/1.1 200 OK"
2025-12-24 15:01:11,694 - httpx - INFO - HTTP Request: POST https://api.telegram.org/bot8476521610:AAFKJ_XrFUB5-reI1OjwvQ4vAPimyVMai3I/getUpdates "HTTP/1.1 200 OK"
2025-12-24 15:01:21,898 - httpx - INFO - HTTP Request: POST https://api.telegram.org/bot8476521610:AAFKJ_XrFUB5-reI1OjwvQ4vAPimyVMai3I/getUpdates "HTTP/1.1 200 OK"
2025-12-24 15:01:32,105 - httpx - INFO - HTTP Request: POST https://api.telegram.org/bot8476521610:AAFKJ_XrFUB5-reI1OjwvQ4vAPimyVMai3I/getUpdates "HTTP/1.1 200 OK"
2025-12-24 15:01:42,304 - httpx - INFO - HTTP Request: POST https://api.telegram.org/bot8476521610:AAFKJ_XrFUB5-reI1OjwvQ4vAPimyVMai3I/getUpdates "HTTP/1.1 200 OK"
2025-12-24 15:01:52,507 - httpx - INFO - HTTP Request: POST https://api.telegram.org/bot8476521610:AAFKJ_XrFUB5-reI1OjwvQ4vAPimyVMai3I/getUpdates "HTTP/1.1 200 OK"
2025-12-24 15:02:02,716 - httpx - INFO - HTTP Request: POST https://api.telegram.org/bot8476521610:AAFKJ_XrFUB5-reI1OjwvQ4vAPimyVMai3I/getUpdates "HTTP/1.1 200 OK"
2025-12-24 15:02:12,920 - httpx - INFO - HTTP Request: POST https://api.telegram.org/bot8476521610:AAFKJ_XrFUB5-reI1OjwvQ4vAPimyVMai3I/getUpdates "HTTP/1.1 200 OK"
2025-12-24 15:02:23,126 - httpx - INFO - HTTP Request: POST https://api.telegram.org/bot8476521610:AAFKJ_XrFUB5-reI1OjwvQ4vAPimyVMai3I/getUpdates "HTTP/1.1 200 OK"
2025-12-24 15:02:33,330 - httpx - INFO - HTTP Request: POST https://api.telegram.org/bot8476521610:AAFKJ_XrFUB5-reI1OjwvQ4vAPimyVMai3I/getUpdates "HTTP/1.1 200 OK"
2025-12-24 15:02:43,551 - httpx - INFO - HTTP Request: POST https://api.telegram.org/bot8476521610:AAFKJ_XrFUB5-reI1OjwvQ4vAPimyVMai3I/getUpdates "HTTP/1.1 200 OK"
2025-12-24 15:02:53,756 - httpx - INFO - HTTP Request: POST https://api.telegram.org/bot8476521610:AAFKJ_XrFUB5-reI1OjwvQ4vAPimyVMai3I/getUpdates "HTTP/1.1 200 OK"
2025-12-24 15:03:03,962 - httpx - INFO - HTTP Request: POST https://api.telegram.org/bot8476521610:AAFKJ_XrFUB5-reI1OjwvQ4vAPimyVMai3I/getUpdates "HTTP/1.1 200 OK"
2025-12-24 15:03:14,169 - httpx - INFO - HTTP Request: POST https://api.telegram.org/bot8476521610:AAFKJ_XrFUB5-reI1OjwvQ4vAPimyVMai3I/getUpdates "HTTP/1.1 200 OK"
2025-12-24 15:03:24,376 - httpx - INFO - HTTP Request: POST https://api.telegram.org/bot8476521610:AAFKJ_XrFUB5-reI1OjwvQ4vAPimyVMai3I/getUpdates "HTTP/1.1 200 OK"
2025-12-24 15:03:34,595 - httpx - INFO - HTTP Request: POST https://api.telegram.org/bot8476521610:AAFKJ_XrFUB5-reI1OjwvQ4vAPimyVMai3I/getUpdates "HTTP/1.1 200 OK"
2025-12-24 15:03:44,811 - httpx - INFO - HTTP Request: POST https://api.telegram.org/bot8476521610:AAFKJ_XrFUB5-reI1OjwvQ4vAPimyVMai3I/getUpdates "HTTP/1.1 200 OK"
2025-12-24 15:03:55,017 - httpx - INFO - HTTP Request: POST https://api.telegram.org/bot8476521610:AAFKJ_XrFUB5-reI1OjwvQ4vAPimyVMai3I/getUpdates "HTTP/1.1 200 OK"
2025-12-24 15:04:05,223 - httpx - INFO - HTTP Request: POST https://api.telegram.org/bot8476521610:AAFKJ_XrFUB5-reI1OjwvQ4vAPimyVMai3I/getUpdates "HTTP/1.1 200 OK"
2025-12-24 15:04:15,432 - httpx - INFO - HTTP Request: POST https://api.telegram.org/bot8476521610:AAFKJ_XrFUB5-reI1OjwvQ4vAPimyVMai3I/getUpdates "HTTP/1.1 200 OK"
2025-12-24 15:04:25,636 - httpx - INFO - HTTP Request: POST https://api.telegram.org/bot8476521610:AAFKJ_XrFUB5-reI1OjwvQ4vAPimyVMai3I/getUpdates "HTTP/1.1 200 OK"
2025-12-24 15:04:35,841 - httpx - INFO - HTTP Request: POST https://api.telegram.org/bot8476521610:AAFKJ_XrFUB5-reI1OjwvQ4vAPimyVMai3I/getUpdates "HTTP/1.1 200 OK"
2025-12-24 15:04:46,048 - httpx - INFO - HTTP Request: POST https://api.telegram.org/bot8476521610:AAFKJ_XrFUB5-reI1OjwvQ4vAPimyVMai3I/getUpdates "HTTP/1.1 200 OK"
2025-12-24 15:04:56,253 - httpx - INFO - HTTP Request: POST https://api.telegram.org/bot8476521610:AAFKJ_XrFUB5-reI1OjwvQ4vAPimyVMai3I/getUpdates "HTTP/1.1 200 OK"
2025-12-24 15:05:06,458 - httpx - INFO - HTTP Request: POST https://api.telegram.org/bot8476521610:AAFKJ_XrFUB5-reI1OjwvQ4vAPimyVMai3I/getUpdates "HTTP/1.1 200 OK"
2025-12-24 15:05:16,663 - httpx - INFO - HTTP Request: POST https://api.telegram.org/bot8476521610:AAFKJ_XrFUB5-reI1OjwvQ4vAPimyVMai3I/getUpdates "HTTP/1.1 200 OK"
2025-12-24 15:05:26,868 - httpx - INFO - HTTP Request: POST https://api.telegram.org/bot8476521610:AAFKJ_XrFUB5-reI1OjwvQ4vAPimyVMai3I/getUpdates "HTTP/1.1 200 OK"
2025-12-24 15:05:37,098 - httpx - INFO - HTTP Request: POST https://api.telegram.org/bot8476521610:AAFKJ_XrFUB5-reI1OjwvQ4vAPimyVMai3I/getUpdates "HTTP/1.1 200 OK"
2025-12-24 15:05:47,718 - httpx - INFO - HTTP Request: POST https://api.telegram.org/bot8476521610:AAFKJ_XrFUB5-reI1OjwvQ4vAPimyVMai3I/getUpdates "HTTP/1.1 200 OK"
2025-12-24 15:05:57,925 - httpx - INFO - HTTP Request: POST https://api.telegram.org/bot8476521610:AAFKJ_XrFUB5-reI1OjwvQ4vAPimyVMai3I/getUpdates "HTTP/1.1 200 OK"
2025-12-24 15:06:08,131 - httpx - INFO - HTTP Request: POST https://api.telegram.org/bot8476521610:AAFKJ_XrFUB5-reI1OjwvQ4vAPimyVMai3I/getUpdates "HTTP/1.1 200 OK"
2025-12-24 15:06:18,337 - httpx - INFO - HTTP Request: POST https://api.telegram.org/bot8476521610:AAFKJ_XrFUB5-reI1OjwvQ4vAPimyVMai3I/getUpdates "HTTP/1.1 200 OK"
2025-12-24 15:06:28,550 - httpx - INFO - HTTP Request: POST https://api.telegram.org/bot8476521610:AAFKJ_XrFUB5-reI1OjwvQ4vAPimyVMai3I/getUpdates "HTTP/1.1 200 OK"
2025-12-24 15:06:38,756 - httpx - INFO - HTTP Request: POST https://api.telegram.org/bot8476521610:AAFKJ_XrFUB5-reI1OjwvQ4vAPimyVMai3I/getUpdates "HTTP/1.1 200 OK"
2025-12-24 15:06:48,963 - httpx - INFO - HTTP Request: POST https://api.telegram.org/bot8476521610:AAFKJ_XrFUB5-reI1OjwvQ4vAPimyVMai3I/getUpdates "HTTP/1.1 200 OK"
2025-12-24 15:06:59,168 - httpx - INFO - HTTP Request: POST https://api.telegram.org/bot8476521610:AAFKJ_XrFUB5-reI1OjwvQ4vAPimyVMai3I/getUpdates "HTTP/1.1 200 OK"
2025-12-24 15:07:09,376 - httpx - INFO - HTTP Request: POST https://api.telegram.org/bot8476521610:AAFKJ_XrFUB5-reI1OjwvQ4vAPimyVMai3I/getUpdates "HTTP/1.1 200 OK"
2025-12-24 15:07:19,584 - httpx - INFO - HTTP Request: POST https://api.telegram.org/bot8476521610:AAFKJ_XrFUB5-reI1OjwvQ4vAPimyVMai3I/getUpdates "HTTP/1.1 200 OK"
2025-12-24 15:07:29,790 - httpx - INFO - HTTP Request: POST https://api.telegram.org/bot8476521610:AAFKJ_XrFUB5-reI1OjwvQ4vAPimyVMai3I/getUpdates "HTTP/1.1 200 OK"
2025-12-24 15:07:39,996 - httpx - INFO - HTTP Request: POST https://api.telegram.org/bot8476521610:AAFKJ_XrFUB5-reI1OjwvQ4vAPimyVMai3I/getUpdates "HTTP/1.1 200 OK"
2025-12-24 15:07:50,210 - httpx - INFO - HTTP Request: POST https://api.telegram.org/bot8476521610:AAFKJ_XrFUB5-reI1OjwvQ4vAPimyVMai3I/getUpdates "HTTP/1.1 200 OK"
2025-12-24 15:08:00,423 - httpx - INFO - HTTP Request: POST https://api.telegram.org/bot8476521610:AAFKJ_XrFUB5-reI1OjwvQ4vAPimyVMai3I/getUpdates "HTTP/1.1 200 OK"
2025-12-24 15:08:10,630 - httpx - INFO - HTTP Request: POST https://api.telegram.org/bot8476521610:AAFKJ_XrFUB5-reI1OjwvQ4vAPimyVMai3I/getUpdates "HTTP/1.1 200 OK"
2025-12-24 15:08:20,836 - httpx - INFO - HTTP Request: POST https://api.telegram.org/bot8476521610:AAFKJ_XrFUB5-reI1OjwvQ4vAPimyVMai3I/getUpdates "HTTP/1.1 200 OK"
2025-12-24 15:08:31,044 - httpx - INFO - HTTP Request: POST https://api.telegram.org/bot8476521610:AAFKJ_XrFUB5-reI1OjwvQ4vAPimyVMai3I/getUpdates "HTTP/1.1 200 OK"
2025-12-24 15:08:41,251 - httpx - INFO - HTTP Request: POST https://api.telegram.org/bot8476521610:AAFKJ_XrFUB5-reI1OjwvQ4vAPimyVMai3I/getUpdates "HTTP/1.1 200 OK"
2025-12-24 15:08:51,458 - httpx - INFO - HTTP Request: POST https://api.telegram.org/bot8476521610:AAFKJ_XrFUB5-reI1OjwvQ4vAPimyVMai3I/getUpdates "HTTP/1.1 200 OK"
2025-12-24 15:09:01,663 - httpx - INFO - HTTP Request: POST https://api.telegram.org/bot8476521610:AAFKJ_XrFUB5-reI1OjwvQ4vAPimyVMai3I/getUpdates "HTTP/1.1 200 OK"
2025-12-24 15:09:11,873 - httpx - INFO - HTTP Request: POST https://api.telegram.org/bot8476521610:AAFKJ_XrFUB5-reI1OjwvQ4vAPimyVMai3I/getUpdates "HTTP/1.1 200 OK"
2025-12-24 15:09:22,079 - httpx - INFO - HTTP Request: POST https://api.telegram.org/bot8476521610:AAFKJ_XrFUB5-reI1OjwvQ4vAPimyVMai3I/getUpdates "HTTP/1.1 200 OK"
2025-12-24 15:09:32,286 - httpx - INFO - HTTP Request: POST https://api.telegram.org/bot8476521610:AAFKJ_XrFUB5-reI1OjwvQ4vAPimyVMai3I/getUpdates "HTTP/1.1 200 OK"
2025-12-24 15:09:42,500 - httpx - INFO - HTTP Request: POST https://api.telegram.org/bot8476521610:AAFKJ_XrFUB5-reI1OjwvQ4vAPimyVMai3I/getUpdates "HTTP/1.1 200 OK"
2025-12-24 15:09:52,730 - httpx - INFO - HTTP Request: POST https://api.telegram.org/bot8476521610:AAFKJ_XrFUB5-reI1OjwvQ4vAPimyVMai3I/getUpdates "HTTP/1.1 200 OK"
2025-12-24 15:10:02,937 - httpx - INFO - HTTP Request: POST https://api.telegram.org/bot8476521610:AAFKJ_XrFUB5-reI1OjwvQ4vAPimyVMai3I/getUpdates "HTTP/1.1 200 OK"
2025-12-24 15:10:13,143 - httpx - INFO - HTTP Request: POST https://api.telegram.org/bot8476521610:AAFKJ_XrFUB5-reI1OjwvQ4vAPimyVMai3I/getUpdates "HTTP/1.1 200 OK"
2025-12-24 15:10:23,349 - httpx - INFO - HTTP Request: POST https://api.telegram.org/bot8476521610:AAFKJ_XrFUB5-reI1OjwvQ4vAPimyVMai3I/getUpdates "HTTP/1.1 200 OK"
2025-12-24 15:10:33,556 - httpx - INFO - HTTP Request: POST https://api.telegram.org/bot8476521610:AAFKJ_XrFUB5-reI1OjwvQ4vAPimyVMai3I/getUpdates "HTTP/1.1 200 OK"
2025-12-24 15:10:43,764 - httpx - INFO - HTTP Request: POST https://api.telegram.org/bot8476521610:AAFKJ_XrFUB5-reI1OjwvQ4vAPimyVMai3I/getUpdates "HTTP/1.1 200 OK"
2025-12-24 15:10:53,970 - httpx - INFO - HTTP Request: POST https://api.telegram.org/bot8476521610:AAFKJ_XrFUB5-reI1OjwvQ4vAPimyVMai3I/getUpdates "HTTP/1.1 200 OK"
2025-12-24 15:11:04,175 - httpx - INFO - HTTP Request: POST https://api.telegram.org/bot8476521610:AAFKJ_XrFUB5-reI1OjwvQ4vAPimyVMai3I/getUpdates "HTTP/1.1 200 OK"
2025-12-24 15:11:14,388 - httpx - INFO - HTTP Request: POST https://api.telegram.org/bot8476521610:AAFKJ_XrFUB5-reI1OjwvQ4vAPimyVMai3I/getUpdates "HTTP/1.1 200 OK"
2025-12-24 15:11:24,595 - httpx - INFO - HTTP Request: POST https://api.telegram.org/bot8476521610:AAFKJ_XrFUB5-reI1OjwvQ4vAPimyVMai3I/getUpdates "HTTP/1.1 200 OK"
2025-12-24 15:11:34,817 - httpx - INFO - HTTP Request: POST https://api.telegram.org/bot8476521610:AAFKJ_XrFUB5-reI1OjwvQ4vAPimyVMai3I/getUpdates "HTTP/1.1 200 OK"
2025-12-24 15:11:45,025 - httpx - INFO - HTTP Request: POST https://api.telegram.org/bot8476521610:AAFKJ_XrFUB5-reI1OjwvQ4vAPimyVMai3I/getUpdates "HTTP/1.1 200 OK"
2025-12-24 15:11:55,231 - httpx - INFO - HTTP Request: POST https://api.telegram.org/bot8476521610:AAFKJ_XrFUB5-reI1OjwvQ4vAPimyVMai3I/getUpdates "HTTP/1.1 200 OK"
2025-12-24 15:12:05,437 - httpx - INFO - HTTP Request: POST https://api.telegram.org/bot8476521610:AAFKJ_XrFUB5-reI1OjwvQ4vAPimyVMai3I/getUpdates "HTTP/1.1 200 OK"
2025-12-24 15:12:15,644 - httpx - INFO - HTTP Request: POST https://api.telegram.org/bot8476521610:AAFKJ_XrFUB5-reI1OjwvQ4vAPimyVMai3I/getUpdates "HTTP/1.1 200 OK"
2025-12-24 15:12:25,849 - httpx - INFO - HTTP Request: POST https://api.telegram.org/bot8476521610:AAFKJ_XrFUB5-reI1OjwvQ4vAPimyVMai3I/getUpdates "HTTP/1.1 200 OK"
2025-12-24 15:12:36,056 - httpx - INFO - HTTP Request: POST https://api.telegram.org/bot8476521610:AAFKJ_XrFUB5-reI1OjwvQ4vAPimyVMai3I/getUpdates "HTTP/1.1 200 OK"
2025-12-24 15:12:46,261 - httpx - INFO - HTTP Request: POST https://api.telegram.org/bot8476521610:AAFKJ_XrFUB5-reI1OjwvQ4vAPimyVMai3I/getUpdates "HTTP/1.1 200 OK"
2025-12-24 15:12:56,467 - httpx - INFO - HTTP Request: POST https://api.telegram.org/bot8476521610:AAFKJ_XrFUB5-reI1OjwvQ4vAPimyVMai3I/getUpdates "HTTP/1.1 200 OK"
2025-12-24 15:13:06,674 - httpx - INFO - HTTP Request: POST https://api.telegram.org/bot8476521610:AAFKJ_XrFUB5-reI1OjwvQ4vAPimyVMai3I/getUpdates "HTTP/1.1 200 OK"
2025-12-24 15:13:16,884 - httpx - INFO - HTTP Request: POST https://api.telegram.org/bot8476521610:AAFKJ_XrFUB5-reI1OjwvQ4vAPimyVMai3I/getUpdates "HTTP/1.1 200 OK"
2025-12-24 15:13:27,089 - httpx - INFO - HTTP Request: POST https://api.telegram.org/bot8476521610:AAFKJ_XrFUB5-reI1OjwvQ4vAPimyVMai3I/getUpdates "HTTP/1.1 200 OK"
2025-12-24 15:13:37,297 - httpx - INFO - HTTP Request: POST https://api.telegram.org/bot8476521610:AAFKJ_XrFUB5-reI1OjwvQ4vAPimyVMai3I/getUpdates "HTTP/1.1 200 OK"
2025-12-24 15:13:47,505 - httpx - INFO - HTTP Request: POST https://api.telegram.org/bot8476521610:AAFKJ_XrFUB5-reI1OjwvQ4vAPimyVMai3I/getUpdates "HTTP/1.1 200 OK"
2025-12-24 15:13:57,711 - httpx - INFO - HTTP Request: POST https://api.telegram.org/bot8476521610:AAFKJ_XrFUB5-reI1OjwvQ4vAPimyVMai3I/getUpdates "HTTP/1.1 200 OK"
2025-12-24 15:14:07,920 - httpx - INFO - HTTP Request: POST https://api.telegram.org/bot8476521610:AAFKJ_XrFUB5-reI1OjwvQ4vAPimyVMai3I/getUpdates "HTTP/1.1 200 OK"
2025-12-24 15:14:18,126 - httpx - INFO - HTTP Request: POST https://api.telegram.org/bot8476521610:AAFKJ_XrFUB5-reI1OjwvQ4vAPimyVMai3I/getUpdates "HTTP/1.1 200 OK"
2025-12-24 15:14:28,329 - httpx - INFO - HTTP Request: POST https://api.telegram.org/bot8476521610:AAFKJ_XrFUB5-reI1OjwvQ4vAPimyVMai3I/getUpdates "HTTP/1.1 200 OK"
2025-12-24 15:14:38,534 - httpx - INFO - HTTP Request: POST https://api.telegram.org/bot8476521610:AAFKJ_XrFUB5-reI1OjwvQ4vAPimyVMai3I/getUpdates "HTTP/1.1 200 OK"
2025-12-24 15:14:48,740 - httpx - INFO - HTTP Request: POST https://api.telegram.org/bot8476521610:AAFKJ_XrFUB5-reI1OjwvQ4vAPimyVMai3I/getUpdates "HTTP/1.1 200 OK"
2025-12-24 15:14:58,946 - httpx - INFO - HTTP Request: POST https://api.telegram.org/bot8476521610:AAFKJ_XrFUB5-reI1OjwvQ4vAPimyVMai3I/getUpdates "HTTP/1.1 200 OK"
2025-12-24 15:15:09,151 - httpx - INFO - HTTP Request: POST https://api.telegram.org/bot8476521610:AAFKJ_XrFUB5-reI1OjwvQ4vAPimyVMai3I/getUpdates "HTTP/1.1 200 OK"
2025-12-24 15:15:19,356 - httpx - INFO - HTTP Request: POST https://api.telegram.org/bot8476521610:AAFKJ_XrFUB5-reI1OjwvQ4vAPimyVMai3I/getUpdates "HTTP/1.1 200 OK"
2025-12-24 15:15:29,563 - httpx - INFO - HTTP Request: POST https://api.telegram.org/bot8476521610:AAFKJ_XrFUB5-reI1OjwvQ4vAPimyVMai3I/getUpdates "HTTP/1.1 200 OK"
2025-12-24 15:15:39,770 - httpx - INFO - HTTP Request: POST https://api.telegram.org/bot8476521610:AAFKJ_XrFUB5-reI1OjwvQ4vAPimyVMai3I/getUpdates "HTTP/1.1 200 OK"
2025-12-24 15:15:49,976 - httpx - INFO - HTTP Request: POST https://api.telegram.org/bot8476521610:AAFKJ_XrFUB5-reI1OjwvQ4vAPimyVMai3I/getUpdates "HTTP/1.1 200 OK"
2025-12-24 15:16:00,183 - httpx - INFO - HTTP Request: POST https://api.telegram.org/bot8476521610:AAFKJ_XrFUB5-reI1OjwvQ4vAPimyVMai3I/getUpdates "HTTP/1.1 200 OK"
2025-12-24 15:16:10,390 - httpx - INFO - HTTP Request: POST https://api.telegram.org/bot8476521610:AAFKJ_XrFUB5-reI1OjwvQ4vAPimyVMai3I/getUpdates "HTTP/1.1 200 OK"
2025-12-24 15:16:20,595 - httpx - INFO - HTTP Request: POST https://api.telegram.org/bot8476521610:AAFKJ_XrFUB5-reI1OjwvQ4vAPimyVMai3I/getUpdates "HTTP/1.1 200 OK"
2025-12-24 15:16:30,801 - httpx - INFO - HTTP Request: POST https://api.telegram.org/bot8476521610:AAFKJ_XrFUB5-reI1OjwvQ4vAPimyVMai3I/getUpdates "HTTP/1.1 200 OK"
2025-12-24 15:16:41,008 - httpx - INFO - HTTP Request: POST https://api.telegram.org/bot8476521610:AAFKJ_XrFUB5-reI1OjwvQ4vAPimyVMai3I/getUpdates "HTTP/1.1 200 OK"
2025-12-24 15:16:51,217 - httpx - INFO - HTTP Request: POST https://api.telegram.org/bot8476521610:AAFKJ_XrFUB5-reI1OjwvQ4vAPimyVMai3I/getUpdates "HTTP/1.1 200 OK"
2025-12-24 15:17:01,425 - httpx - INFO - HTTP Request: POST https://api.telegram.org/bot8476521610:AAFKJ_XrFUB5-reI1OjwvQ4vAPimyVMai3I/getUpdates "HTTP/1.1 200 OK"
2025-12-24 15:17:11,650 - httpx - INFO - HTTP Request: POST https://api.telegram.org/bot8476521610:AAFKJ_XrFUB5-reI1OjwvQ4vAPimyVMai3I/getUpdates "HTTP/1.1 200 OK"
2025-12-24 15:17:21,860 - httpx - INFO - HTTP Request: POST https://api.telegram.org/bot8476521610:AAFKJ_XrFUB5-reI1OjwvQ4vAPimyVMai3I/getUpdates "HTTP/1.1 200 OK"
2025-12-24 15:17:32,067 - httpx - INFO - HTTP Request: POST https://api.telegram.org/bot8476521610:AAFKJ_XrFUB5-reI1OjwvQ4vAPimyVMai3I/getUpdates "HTTP/1.1 200 OK"
2025-12-24 15:17:42,274 - httpx - INFO - HTTP Request: POST https://api.telegram.org/bot8476521610:AAFKJ_XrFUB5-reI1OjwvQ4vAPimyVMai3I/getUpdates "HTTP/1.1 200 OK"
2025-12-24 15:17:52,478 - httpx - INFO - HTTP Request: POST https://api.telegram.org/bot8476521610:AAFKJ_XrFUB5-reI1OjwvQ4vAPimyVMai3I/getUpdates "HTTP/1.1 200 OK"
2025-12-24 15:18:02,684 - httpx - INFO - HTTP Request: POST https://api.telegram.org/bot8476521610:AAFKJ_XrFUB5-reI1OjwvQ4vAPimyVMai3I/getUpdates "HTTP/1.1 200 OK"
2025-12-24 15:18:12,889 - httpx - INFO - HTTP Request: POST https://api.telegram.org/bot8476521610:AAFKJ_XrFUB5-reI1OjwvQ4vAPimyVMai3I/getUpdates "HTTP/1.1 200 OK"
2025-12-24 15:18:23,099 - httpx - INFO - HTTP Request: POST https://api.telegram.org/bot8476521610:AAFKJ_XrFUB5-reI1OjwvQ4vAPimyVMai3I/getUpdates "HTTP/1.1 200 OK"
2025-12-24 15:18:33,304 - httpx - INFO - HTTP Request: POST https://api.telegram.org/bot8476521610:AAFKJ_XrFUB5-reI1OjwvQ4vAPimyVMai3I/getUpdates "HTTP/1.1 200 OK"
2025-12-24 15:18:43,505 - httpx - INFO - HTTP Request: POST https://api.telegram.org/bot8476521610:AAFKJ_XrFUB5-reI1OjwvQ4vAPimyVMai3I/getUpdates "HTTP/1.1 200 OK"
2025-12-24 15:18:53,716 - httpx - INFO - HTTP Request: POST https://api.telegram.org/bot8476521610:AAFKJ_XrFUB5-reI1OjwvQ4vAPimyVMai3I/getUpdates "HTTP/1.1 200 OK"
2025-12-24 15:19:55,673 - httpx - INFO - HTTP Request: POST https://api.telegram.org/bot8476521610:AAFKJ_XrFUB5-reI1OjwvQ4vAPimyVMai3I/getUpdates "HTTP/1.1 200 OK"
2025-12-24 15:20:05,880 - httpx - INFO - HTTP Request: POST https://api.telegram.org/bot8476521610:AAFKJ_XrFUB5-reI1OjwvQ4vAPimyVMai3I/getUpdates "HTTP/1.1 200 OK"
2025-12-24 15:20:16,097 - httpx - INFO - HTTP Request: POST https://api.telegram.org/bot8476521610:AAFKJ_XrFUB5-reI1OjwvQ4vAPimyVMai3I/getUpdates "HTTP/1.1 200 OK"
2025-12-24 15:20:26,300 - httpx - INFO - HTTP Request: POST https://api.telegram.org/bot8476521610:AAFKJ_XrFUB5-reI1OjwvQ4vAPimyVMai3I/getUpdates "HTTP/1.1 200 OK"
2025-12-24 15:20:36,502 - httpx - INFO - HTTP Request: POST https://api.telegram.org/bot8476521610:AAFKJ_XrFUB5-reI1OjwvQ4vAPimyVMai3I/getUpdates "HTTP/1.1 200 OK"
2025-12-24 15:20:46,704 - httpx - INFO - HTTP Request: POST https://api.telegram.org/bot8476521610:AAFKJ_XrFUB5-reI1OjwvQ4vAPimyVMai3I/getUpdates "HTTP/1.1 200 OK"
2025-12-24 15:20:56,906 - httpx - INFO - HTTP Request: POST https://api.telegram.org/bot8476521610:AAFKJ_XrFUB5-reI1OjwvQ4vAPimyVMai3I/getUpdates "HTTP/1.1 200 OK"
2025-12-24 15:21:07,109 - httpx - INFO - HTTP Request: POST https://api.telegram.org/bot8476521610:AAFKJ_XrFUB5-reI1OjwvQ4vAPimyVMai3I/getUpdates "HTTP/1.1 200 OK"
2025-12-24 15:21:17,318 - httpx - INFO - HTTP Request: POST https://api.telegram.org/bot8476521610:AAFKJ_XrFUB5-reI1OjwvQ4vAPimyVMai3I/getUpdates "HTTP/1.1 200 OK"
2025-12-24 15:21:27,532 - httpx - INFO - HTTP Request: POST https://api.telegram.org/bot8476521610:AAFKJ_XrFUB5-reI1OjwvQ4vAPimyVMai3I/getUpdates "HTTP/1.1 200 OK"
2025-12-24 15:21:37,738 - httpx - INFO - HTTP Request: POST https://api.telegram.org/bot8476521610:AAFKJ_XrFUB5-reI1OjwvQ4vAPimyVMai3I/getUpdates "HTTP/1.1 200 OK"
2025-12-24 15:21:47,945 - httpx - INFO - HTTP Request: POST https://api.telegram.org/bot8476521610:AAFKJ_XrFUB5-reI1OjwvQ4vAPimyVMai3I/getUpdates "HTTP/1.1 200 OK"
2025-12-24 15:21:58,157 - httpx - INFO - HTTP Request: POST https://api.telegram.org/bot8476521610:AAFKJ_XrFUB5-reI1OjwvQ4vAPimyVMai3I/getUpdates "HTTP/1.1 200 OK"
2025-12-24 15:22:08,364 - httpx - INFO - HTTP Request: POST https://api.telegram.org/bot8476521610:AAFKJ_XrFUB5-reI1OjwvQ4vAPimyVMai3I/getUpdates "HTTP/1.1 200 OK"
2025-12-24 15:22:18,575 - httpx - INFO - HTTP Request: POST https://api.telegram.org/bot8476521610:AAFKJ_XrFUB5-reI1OjwvQ4vAPimyVMai3I/getUpdates "HTTP/1.1 200 OK"
2025-12-24 15:22:28,779 - httpx - INFO - HTTP Request: POST https://api.telegram.org/bot8476521610:AAFKJ_XrFUB5-reI1OjwvQ4vAPimyVMai3I/getUpdates "HTTP/1.1 200 OK"
2025-12-24 15:22:38,986 - httpx - INFO - HTTP Request: POST https://api.telegram.org/bot8476521610:AAFKJ_XrFUB5-reI1OjwvQ4vAPimyVMai3I/getUpdates "HTTP/1.1 200 OK"
2025-12-24 15:22:49,193 - httpx - INFO - HTTP Request: POST https://api.telegram.org/bot8476521610:AAFKJ_XrFUB5-reI1OjwvQ4vAPimyVMai3I/getUpdates "HTTP/1.1 200 OK"
2025-12-24 15:22:59,403 - httpx - INFO - HTTP Request: POST https://api.telegram.org/bot8476521610:AAFKJ_XrFUB5-reI1OjwvQ4vAPimyVMai3I/getUpdates "HTTP/1.1 200 OK"
2025-12-24 15:23:09,609 - httpx - INFO - HTTP Request: POST https://api.telegram.org/bot8476521610:AAFKJ_XrFUB5-reI1OjwvQ4vAPimyVMai3I/getUpdates "HTTP/1.1 200 OK"
2025-12-24 15:23:19,821 - httpx - INFO - HTTP Request: POST https://api.telegram.org/bot8476521610:AAFKJ_XrFUB5-reI1OjwvQ4vAPimyVMai3I/getUpdates "HTTP/1.1 200 OK"
2025-12-24 15:23:30,028 - httpx - INFO - HTTP Request: POST https://api.telegram.org/bot8476521610:AAFKJ_XrFUB5-reI1OjwvQ4vAPimyVMai3I/getUpdates "HTTP/1.1 200 OK"
2025-12-24 15:23:40,237 - httpx - INFO - HTTP Request: POST https://api.telegram.org/bot8476521610:AAFKJ_XrFUB5-reI1OjwvQ4vAPimyVMai3I/getUpdates "HTTP/1.1 200 OK"
2025-12-24 15:23:50,448 - httpx - INFO - HTTP Request: POST https://api.telegram.org/bot8476521610:AAFKJ_XrFUB5-reI1OjwvQ4vAPimyVMai3I/getUpdates "HTTP/1.1 200 OK"
2025-12-24 15:24:00,659 - httpx - INFO - HTTP Request: POST https://api.telegram.org/bot8476521610:AAFKJ_XrFUB5-reI1OjwvQ4vAPimyVMai3I/getUpdates "HTTP/1.1 200 OK"
2025-12-24 15:24:10,865 - httpx - INFO - HTTP Request: POST https://api.telegram.org/bot8476521610:AAFKJ_XrFUB5-reI1OjwvQ4vAPimyVMai3I/getUpdates "HTTP/1.1 200 OK"
2025-12-24 15:24:21,081 - httpx - INFO - HTTP Request: POST https://api.telegram.org/bot8476521610:AAFKJ_XrFUB5-reI1OjwvQ4vAPimyVMai3I/getUpdates "HTTP/1.1 200 OK"
2025-12-24 15:24:31,289 - httpx - INFO - HTTP Request: POST https://api.telegram.org/bot8476521610:AAFKJ_XrFUB5-reI1OjwvQ4vAPimyVMai3I/getUpdates "HTTP/1.1 200 OK"
2025-12-24 15:24:41,501 - httpx - INFO - HTTP Request: POST https://api.telegram.org/bot8476521610:AAFKJ_XrFUB5-reI1OjwvQ4vAPimyVMai3I/getUpdates "HTTP/1.1 200 OK"
2025-12-24 15:24:51,709 - httpx - INFO - HTTP Request: POST https://api.telegram.org/bot8476521610:AAFKJ_XrFUB5-reI1OjwvQ4vAPimyVMai3I/getUpdates "HTTP/1.1 200 OK"
2025-12-24 15:25:01,916 - httpx - INFO - HTTP Request: POST https://api.telegram.org/bot8476521610:AAFKJ_XrFUB5-reI1OjwvQ4vAPimyVMai3I/getUpdates "HTTP/1.1 200 OK"
2025-12-24 15:25:12,125 - httpx - INFO - HTTP Request: POST https://api.telegram.org/bot8476521610:AAFKJ_XrFUB5-reI1OjwvQ4vAPimyVMai3I/getUpdates "HTTP/1.1 200 OK"
2025-12-24 15:25:22,334 - httpx - INFO - HTTP Request: POST https://api.telegram.org/bot8476521610:AAFKJ_XrFUB5-reI1OjwvQ4vAPimyVMai3I/getUpdates "HTTP/1.1 200 OK"
2025-12-24 15:25:32,541 - httpx - INFO - HTTP Request: POST https://api.telegram.org/bot8476521610:AAFKJ_XrFUB5-reI1OjwvQ4vAPimyVMai3I/getUpdates "HTTP/1.1 200 OK"
2025-12-24 15:25:42,747 - httpx - INFO - HTTP Request: POST https://api.telegram.org/bot8476521610:AAFKJ_XrFUB5-reI1OjwvQ4vAPimyVMai3I/getUpdates "HTTP/1.1 200 OK"
2025-12-24 15:25:52,954 - httpx - INFO - HTTP Request: POST https://api.telegram.org/bot8476521610:AAFKJ_XrFUB5-reI1OjwvQ4vAPimyVMai3I/getUpdates "HTTP/1.1 200 OK"
2025-12-24 15:26:03,161 - httpx - INFO - HTTP Request: POST https://api.telegram.org/bot8476521610:AAFKJ_XrFUB5-reI1OjwvQ4vAPimyVMai3I/getUpdates "HTTP/1.1 200 OK"
2025-12-24 15:26:13,373 - httpx - INFO - HTTP Request: POST https://api.telegram.org/bot8476521610:AAFKJ_XrFUB5-reI1OjwvQ4vAPimyVMai3I/getUpdates "HTTP/1.1 200 OK"
2025-12-24 15:26:23,580 - httpx - INFO - HTTP Request: POST https://api.telegram.org/bot8476521610:AAFKJ_XrFUB5-reI1OjwvQ4vAPimyVMai3I/getUpdates "HTTP/1.1 200 OK"
2025-12-24 15:26:33,787 - httpx - INFO - HTTP Request: POST https://api.telegram.org/bot8476521610:AAFKJ_XrFUB5-reI1OjwvQ4vAPimyVMai3I/getUpdates "HTTP/1.1 200 OK"
2025-12-24 15:26:43,997 - httpx - INFO - HTTP Request: POST https://api.telegram.org/bot8476521610:AAFKJ_XrFUB5-reI1OjwvQ4vAPimyVMai3I/getUpdates "HTTP/1.1 200 OK"
2025-12-24 15:26:54,203 - httpx - INFO - HTTP Request: POST https://api.telegram.org/bot8476521610:AAFKJ_XrFUB5-reI1OjwvQ4vAPimyVMai3I/getUpdates "HTTP/1.1 200 OK"
2025-12-24 15:27:04,414 - httpx - INFO - HTTP Request: POST https://api.telegram.org/bot8476521610:AAFKJ_XrFUB5-reI1OjwvQ4vAPimyVMai3I/getUpdates "HTTP/1.1 200 OK"
2025-12-24 15:27:14,621 - httpx - INFO - HTTP Request: POST https://api.telegram.org/bot8476521610:AAFKJ_XrFUB5-reI1OjwvQ4vAPimyVMai3I/getUpdates "HTTP/1.1 200 OK"
2025-12-24 15:27:24,829 - httpx - INFO - HTTP Request: POST https://api.telegram.org/bot8476521610:AAFKJ_XrFUB5-reI1OjwvQ4vAPimyVMai3I/getUpdates "HTTP/1.1 200 OK"
2025-12-24 15:27:35,040 - httpx - INFO - HTTP Request: POST https://api.telegram.org/bot8476521610:AAFKJ_XrFUB5-reI1OjwvQ4vAPimyVMai3I/getUpdates "HTTP/1.1 200 OK"
2025-12-24 15:27:45,247 - httpx - INFO - HTTP Request: POST https://api.telegram.org/bot8476521610:AAFKJ_XrFUB5-reI1OjwvQ4vAPimyVMai3I/getUpdates "HTTP/1.1 200 OK"
2025-12-24 15:27:55,454 - httpx - INFO - HTTP Request: POST https://api.telegram.org/bot8476521610:AAFKJ_XrFUB5-reI1OjwvQ4vAPimyVMai3I/getUpdates "HTTP/1.1 200 OK"
2025-12-24 15:28:05,665 - httpx - INFO - HTTP Request: POST https://api.telegram.org/bot8476521610:AAFKJ_XrFUB5-reI1OjwvQ4vAPimyVMai3I/getUpdates "HTTP/1.1 200 OK"
2025-12-24 15:28:15,873 - httpx - INFO - HTTP Request: POST https://api.telegram.org/bot8476521610:AAFKJ_XrFUB5-reI1OjwvQ4vAPimyVMai3I/getUpdates "HTTP/1.1 200 OK"
2025-12-24 15:28:26,080 - httpx - INFO - HTTP Request: POST https://api.telegram.org/bot8476521610:AAFKJ_XrFUB5-reI1OjwvQ4vAPimyVMai3I/getUpdates "HTTP/1.1 200 OK"
2025-12-24 15:28:36,288 - httpx - INFO - HTTP Request: POST https://api.telegram.org/bot8476521610:AAFKJ_XrFUB5-reI1OjwvQ4vAPimyVMai3I/getUpdates "HTTP/1.1 200 OK"
2025-12-24 15:28:46,496 - httpx - INFO - HTTP Request: POST https://api.telegram.org/bot8476521610:AAFKJ_XrFUB5-reI1OjwvQ4vAPimyVMai3I/getUpdates "HTTP/1.1 200 OK"
2025-12-24 15:28:56,722 - httpx - INFO - HTTP Request: POST https://api.telegram.org/bot8476521610:AAFKJ_XrFUB5-reI1OjwvQ4vAPimyVMai3I/getUpdates "HTTP/1.1 200 OK"
2025-12-24 15:29:06,929 - httpx - INFO - HTTP Request: POST https://api.telegram.org/bot8476521610:AAFKJ_XrFUB5-reI1OjwvQ4vAPimyVMai3I/getUpdates "HTTP/1.1 200 OK"
2025-12-24 15:29:17,136 - httpx - INFO - HTTP Request: POST https://api.telegram.org/bot8476521610:AAFKJ_XrFUB5-reI1OjwvQ4vAPimyVMai3I/getUpdates "HTTP/1.1 200 OK"
2025-12-24 15:29:27,341 - httpx - INFO - HTTP Request: POST https://api.telegram.org/bot8476521610:AAFKJ_XrFUB5-reI1OjwvQ4vAPimyVMai3I/getUpdates "HTTP/1.1 200 OK"
2025-12-24 15:29:37,547 - httpx - INFO - HTTP Request: POST https://api.telegram.org/bot8476521610:AAFKJ_XrFUB5-reI1OjwvQ4vAPimyVMai3I/getUpdates "HTTP/1.1 200 OK"
2025-12-24 15:29:47,754 - httpx - INFO - HTTP Request: POST https://api.telegram.org/bot8476521610:AAFKJ_XrFUB5-reI1OjwvQ4vAPimyVMai3I/getUpdates "HTTP/1.1 200 OK"
2025-12-24 15:29:57,962 - httpx - INFO - HTTP Request: POST https://api.telegram.org/bot8476521610:AAFKJ_XrFUB5-reI1OjwvQ4vAPimyVMai3I/getUpdates "HTTP/1.1 200 OK"
2025-12-24 15:30:08,169 - httpx - INFO - HTTP Request: POST https://api.telegram.org/bot8476521610:AAFKJ_XrFUB5-reI1OjwvQ4vAPimyVMai3I/getUpdates "HTTP/1.1 200 OK"
2025-12-24 15:30:18,376 - httpx - INFO - HTTP Request: POST https://api.telegram.org/bot8476521610:AAFKJ_XrFUB5-reI1OjwvQ4vAPimyVMai3I/getUpdates "HTTP/1.1 200 OK"
2025-12-24 15:30:28,588 - httpx - INFO - HTTP Request: POST https://api.telegram.org/bot8476521610:AAFKJ_XrFUB5-reI1OjwvQ4vAPimyVMai3I/getUpdates "HTTP/1.1 200 OK"
2025-12-24 15:30:38,797 - httpx - INFO - HTTP Request: POST https://api.telegram.org/bot8476521610:AAFKJ_XrFUB5-reI1OjwvQ4vAPimyVMai3I/getUpdates "HTTP/1.1 200 OK"
2025-12-24 15:30:49,007 - httpx - INFO - HTTP Request: POST https://api.telegram.org/bot8476521610:AAFKJ_XrFUB5-reI1OjwvQ4vAPimyVMai3I/getUpdates "HTTP/1.1 200 OK"
2025-12-24 15:30:59,214 - httpx - INFO - HTTP Request: POST https://api.telegram.org/bot8476521610:AAFKJ_XrFUB5-reI1OjwvQ4vAPimyVMai3I/getUpdates "HTTP/1.1 200 OK"
2025-12-24 15:31:09,422 - httpx - INFO - HTTP Request: POST https://api.telegram.org/bot8476521610:AAFKJ_XrFUB5-reI1OjwvQ4vAPimyVMai3I/getUpdates "HTTP/1.1 200 OK"
2025-12-24 15:31:19,629 - httpx - INFO - HTTP Request: POST https://api.telegram.org/bot8476521610:AAFKJ_XrFUB5-reI1OjwvQ4vAPimyVMai3I/getUpdates "HTTP/1.1 200 OK"
2025-12-24 15:31:29,837 - httpx - INFO - HTTP Request: POST https://api.telegram.org/bot8476521610:AAFKJ_XrFUB5-reI1OjwvQ4vAPimyVMai3I/getUpdates "HTTP/1.1 200 OK"
2025-12-24 15:31:40,044 - httpx - INFO - HTTP Request: POST https://api.telegram.org/bot8476521610:AAFKJ_XrFUB5-reI1OjwvQ4vAPimyVMai3I/getUpdates "HTTP/1.1 200 OK"
2025-12-24 15:31:50,252 - httpx - INFO - HTTP Request: POST https://api.telegram.org/bot8476521610:AAFKJ_XrFUB5-reI1OjwvQ4vAPimyVMai3I/getUpdates "HTTP/1.1 200 OK"
2025-12-24 15:32:00,460 - httpx - INFO - HTTP Request: POST https://api.telegram.org/bot8476521610:AAFKJ_XrFUB5-reI1OjwvQ4vAPimyVMai3I/getUpdates "HTTP/1.1 200 OK"
2025-12-24 15:32:10,668 - httpx - INFO - HTTP Request: POST https://api.telegram.org/bot8476521610:AAFKJ_XrFUB5-reI1OjwvQ4vAPimyVMai3I/getUpdates "HTTP/1.1 200 OK"
2025-12-24 15:32:20,876 - httpx - INFO - HTTP Request: POST https://api.telegram.org/bot8476521610:AAFKJ_XrFUB5-reI1OjwvQ4vAPimyVMai3I/getUpdates "HTTP/1.1 200 OK"
2025-12-24 15:32:31,084 - httpx - INFO - HTTP Request: POST https://api.telegram.org/bot8476521610:AAFKJ_XrFUB5-reI1OjwvQ4vAPimyVMai3I/getUpdates "HTTP/1.1 200 OK"
2025-12-24 15:32:41,291 - httpx - INFO - HTTP Request: POST https://api.telegram.org/bot8476521610:AAFKJ_XrFUB5-reI1OjwvQ4vAPimyVMai3I/getUpdates "HTTP/1.1 200 OK"
2025-12-24 15:32:51,501 - httpx - INFO - HTTP Request: POST https://api.telegram.org/bot8476521610:AAFKJ_XrFUB5-reI1OjwvQ4vAPimyVMai3I/getUpdates "HTTP/1.1 200 OK"
2025-12-24 15:33:01,708 - httpx - INFO - HTTP Request: POST https://api.telegram.org/bot8476521610:AAFKJ_XrFUB5-reI1OjwvQ4vAPimyVMai3I/getUpdates "HTTP/1.1 200 OK"
2025-12-24 15:33:11,915 - httpx - INFO - HTTP Request: POST https://api.telegram.org/bot8476521610:AAFKJ_XrFUB5-reI1OjwvQ4vAPimyVMai3I/getUpdates "HTTP/1.1 200 OK"
2025-12-24 15:33:22,123 - httpx - INFO - HTTP Request: POST https://api.telegram.org/bot8476521610:AAFKJ_XrFUB5-reI1OjwvQ4vAPimyVMai3I/getUpdates "HTTP/1.1 200 OK"
2025-12-24 15:33:32,330 - httpx - INFO - HTTP Request: POST https://api.telegram.org/bot8476521610:AAFKJ_XrFUB5-reI1OjwvQ4vAPimyVMai3I/getUpdates "HTTP/1.1 200 OK"
2025-12-24 15:33:42,526 - httpx - INFO - HTTP Request: POST https://api.telegram.org/bot8476521610:AAFKJ_XrFUB5-reI1OjwvQ4vAPimyVMai3I/getUpdates "HTTP/1.1 200 OK"
2025-12-24 15:33:52,744 - httpx - INFO - HTTP Request: POST https://api.telegram.org/bot8476521610:AAFKJ_XrFUB5-reI1OjwvQ4vAPimyVMai3I/getUpdates "HTTP/1.1 200 OK"
2025-12-24 15:34:02,941 - httpx - INFO - HTTP Request: POST https://api.telegram.org/bot8476521610:AAFKJ_XrFUB5-reI1OjwvQ4vAPimyVMai3I/getUpdates "HTTP/1.1 200 OK"
2025-12-24 15:34:13,146 - httpx - INFO - HTTP Request: POST https://api.telegram.org/bot8476521610:AAFKJ_XrFUB5-reI1OjwvQ4vAPimyVMai3I/getUpdates "HTTP/1.1 200 OK"
2025-12-24 15:34:23,357 - httpx - INFO - HTTP Request: POST https://api.telegram.org/bot8476521610:AAFKJ_XrFUB5-reI1OjwvQ4vAPimyVMai3I/getUpdates "HTTP/1.1 200 OK"
2025-12-24 15:34:33,566 - httpx - INFO - HTTP Request: POST https://api.telegram.org/bot8476521610:AAFKJ_XrFUB5-reI1OjwvQ4vAPimyVMai3I/getUpdates "HTTP/1.1 200 OK"
2025-12-24 15:34:43,769 - httpx - INFO - HTTP Request: POST https://api.telegram.org/bot8476521610:AAFKJ_XrFUB5-reI1OjwvQ4vAPimyVMai3I/getUpdates "HTTP/1.1 200 OK"
2025-12-24 15:34:53,961 - httpx - INFO - HTTP Request: POST https://api.telegram.org/bot8476521610:AAFKJ_XrFUB5-reI1OjwvQ4vAPimyVMai3I/getUpdates "HTTP/1.1 200 OK"
2025-12-24 15:35:04,171 - httpx - INFO - HTTP Request: POST https://api.telegram.org/bot8476521610:AAFKJ_XrFUB5-reI1OjwvQ4vAPimyVMai3I/getUpdates "HTTP/1.1 200 OK"
2025-12-24 15:35:14,386 - httpx - INFO - HTTP Request: POST https://api.telegram.org/bot8476521610:AAFKJ_XrFUB5-reI1OjwvQ4vAPimyVMai3I/getUpdates "HTTP/1.1 200 OK"
2025-12-24 15:35:24,602 - httpx - INFO - HTTP Request: POST https://api.telegram.org/bot8476521610:AAFKJ_XrFUB5-reI1OjwvQ4vAPimyVMai3I/getUpdates "HTTP/1.1 200 OK"
2025-12-24 15:35:34,831 - httpx - INFO - HTTP Request: POST https://api.telegram.org/bot8476521610:AAFKJ_XrFUB5-reI1OjwvQ4vAPimyVMai3I/getUpdates "HTTP/1.1 200 OK"
2025-12-24 15:35:45,052 - httpx - INFO - HTTP Request: POST https://api.telegram.org/bot8476521610:AAFKJ_XrFUB5-reI1OjwvQ4vAPimyVMai3I/getUpdates "HTTP/1.1 200 OK"
2025-12-24 15:35:55,242 - httpx - INFO - HTTP Request: POST https://api.telegram.org/bot8476521610:AAFKJ_XrFUB5-reI1OjwvQ4vAPimyVMai3I/getUpdates "HTTP/1.1 200 OK"
2025-12-24 15:36:05,453 - httpx - INFO - HTTP Request: POST https://api.telegram.org/bot8476521610:AAFKJ_XrFUB5-reI1OjwvQ4vAPimyVMai3I/getUpdates "HTTP/1.1 200 OK"
2025-12-24 15:36:15,665 - httpx - INFO - HTTP Request: POST https://api.telegram.org/bot8476521610:AAFKJ_XrFUB5-reI1OjwvQ4vAPimyVMai3I/getUpdates "HTTP/1.1 200 OK"
2025-12-24 15:36:25,881 - httpx - INFO - HTTP Request: POST https://api.telegram.org/bot8476521610:AAFKJ_XrFUB5-reI1OjwvQ4vAPimyVMai3I/getUpdates "HTTP/1.1 200 OK"
2025-12-24 15:36:36,082 - httpx - INFO - HTTP Request: POST https://api.telegram.org/bot8476521610:AAFKJ_XrFUB5-reI1OjwvQ4vAPimyVMai3I/getUpdates "HTTP/1.1 200 OK"
2025-12-24 15:36:46,287 - httpx - INFO - HTTP Request: POST https://api.telegram.org/bot8476521610:AAFKJ_XrFUB5-reI1OjwvQ4vAPimyVMai3I/getUpdates "HTTP/1.1 200 OK"
2025-12-24 15:36:56,888 - httpx - INFO - HTTP Request: POST https://api.telegram.org/bot8476521610:AAFKJ_XrFUB5-reI1OjwvQ4vAPimyVMai3I/getUpdates "HTTP/1.1 200 OK"
2025-12-24 15:37:07,105 - httpx - INFO - HTTP Request: POST https://api.telegram.org/bot8476521610:AAFKJ_XrFUB5-reI1OjwvQ4vAPimyVMai3I/getUpdates "HTTP/1.1 200 OK"
2025-12-24 15:37:17,291 - httpx - INFO - HTTP Request: POST https://api.telegram.org/bot8476521610:AAFKJ_XrFUB5-reI1OjwvQ4vAPimyVMai3I/getUpdates "HTTP/1.1 200 OK"
2025-12-24 15:37:27,508 - httpx - INFO - HTTP Request: POST https://api.telegram.org/bot8476521610:AAFKJ_XrFUB5-reI1OjwvQ4vAPimyVMai3I/getUpdates "HTTP/1.1 200 OK"
2025-12-24 15:37:37,694 - httpx - INFO - HTTP Request: POST https://api.telegram.org/bot8476521610:AAFKJ_XrFUB5-reI1OjwvQ4vAPimyVMai3I/getUpdates "HTTP/1.1 200 OK"
2025-12-24 15:37:47,896 - httpx - INFO - HTTP Request: POST https://api.telegram.org/bot8476521610:AAFKJ_XrFUB5-reI1OjwvQ4vAPimyVMai3I/getUpdates "HTTP/1.1 200 OK"
2025-12-24 15:37:58,111 - httpx - INFO - HTTP Request: POST https://api.telegram.org/bot8476521610:AAFKJ_XrFUB5-reI1OjwvQ4vAPimyVMai3I/getUpdates "HTTP/1.1 200 OK"
2025-12-24 15:38:08,298 - httpx - INFO - HTTP Request: POST https://api.telegram.org/bot8476521610:AAFKJ_XrFUB5-reI1OjwvQ4vAPimyVMai3I/getUpdates "HTTP/1.1 200 OK"
2025-12-24 15:38:18,516 - httpx - INFO - HTTP Request: POST https://api.telegram.org/bot8476521610:AAFKJ_XrFUB5-reI1OjwvQ4vAPimyVMai3I/getUpdates "HTTP/1.1 200 OK"
2025-12-24 15:38:28,721 - httpx - INFO - HTTP Request: POST https://api.telegram.org/bot8476521610:AAFKJ_XrFUB5-reI1OjwvQ4vAPimyVMai3I/getUpdates "HTTP/1.1 200 OK"
2025-12-24 15:38:38,926 - httpx - INFO - HTTP Request: POST https://api.telegram.org/bot8476521610:AAFKJ_XrFUB5-reI1OjwvQ4vAPimyVMai3I/getUpdates "HTTP/1.1 200 OK"
2025-12-24 15:38:49,126 - httpx - INFO - HTTP Request: POST https://api.telegram.org/bot8476521610:AAFKJ_XrFUB5-reI1OjwvQ4vAPimyVMai3I/getUpdates "HTTP/1.1 200 OK"
2025-12-24 15:38:59,327 - httpx - INFO - HTTP Request: POST https://api.telegram.org/bot8476521610:AAFKJ_XrFUB5-reI1OjwvQ4vAPimyVMai3I/getUpdates "HTTP/1.1 200 OK"
2025-12-24 15:39:09,533 - httpx - INFO - HTTP Request: POST https://api.telegram.org/bot8476521610:AAFKJ_XrFUB5-reI1OjwvQ4vAPimyVMai3I/getUpdates "HTTP/1.1 200 OK"
2025-12-24 15:39:19,746 - httpx - INFO - HTTP Request: POST https://api.telegram.org/bot8476521610:AAFKJ_XrFUB5-reI1OjwvQ4vAPimyVMai3I/getUpdates "HTTP/1.1 200 OK"
2025-12-24 15:39:29,950 - httpx - INFO - HTTP Request: POST https://api.telegram.org/bot8476521610:AAFKJ_XrFUB5-reI1OjwvQ4vAPimyVMai3I/getUpdates "HTTP/1.1 200 OK"
2025-12-24 15:39:40,151 - httpx - INFO - HTTP Request: POST https://api.telegram.org/bot8476521610:AAFKJ_XrFUB5-reI1OjwvQ4vAPimyVMai3I/getUpdates "HTTP/1.1 200 OK"
2025-12-24 15:39:50,438 - httpx - INFO - HTTP Request: POST https://api.telegram.org/bot8476521610:AAFKJ_XrFUB5-reI1OjwvQ4vAPimyVMai3I/getUpdates "HTTP/1.1 200 OK"
2025-12-24 15:40:00,808 - httpx - INFO - HTTP Request: POST https://api.telegram.org/bot8476521610:AAFKJ_XrFUB5-reI1OjwvQ4vAPimyVMai3I/getUpdates "HTTP/1.1 200 OK"
2025-12-24 15:40:11,010 - httpx - INFO - HTTP Request: POST https://api.telegram.org/bot8476521610:AAFKJ_XrFUB5-reI1OjwvQ4vAPimyVMai3I/getUpdates "HTTP/1.1 200 OK"
2025-12-24 15:40:21,219 - httpx - INFO - HTTP Request: POST https://api.telegram.org/bot8476521610:AAFKJ_XrFUB5-reI1OjwvQ4vAPimyVMai3I/getUpdates "HTTP/1.1 200 OK"
2025-12-24 15:40:31,418 - httpx - INFO - HTTP Request: POST https://api.telegram.org/bot8476521610:AAFKJ_XrFUB5-reI1OjwvQ4vAPimyVMai3I/getUpdates "HTTP/1.1 200 OK"
2025-12-24 15:40:41,620 - httpx - INFO - HTTP Request: POST https://api.telegram.org/bot8476521610:AAFKJ_XrFUB5-reI1OjwvQ4vAPimyVMai3I/getUpdates "HTTP/1.1 200 OK"
2025-12-24 15:40:51,829 - httpx - INFO - HTTP Request: POST https://api.telegram.org/bot8476521610:AAFKJ_XrFUB5-reI1OjwvQ4vAPimyVMai3I/getUpdates "HTTP/1.1 200 OK"
2025-12-24 15:41:02,028 - httpx - INFO - HTTP Request: POST https://api.telegram.org/bot8476521610:AAFKJ_XrFUB5-reI1OjwvQ4vAPimyVMai3I/getUpdates "HTTP/1.1 200 OK"
2025-12-24 15:41:12,249 - httpx - INFO - HTTP Request: POST https://api.telegram.org/bot8476521610:AAFKJ_XrFUB5-reI1OjwvQ4vAPimyVMai3I/getUpdates "HTTP/1.1 200 OK"
2025-12-24 15:41:29,484 - httpx - INFO - HTTP Request: POST https://api.telegram.org/bot8476521610:AAFKJ_XrFUB5-reI1OjwvQ4vAPimyVMai3I/getUpdates "HTTP/1.1 200 OK"
2025-12-24 15:41:39,726 - httpx - INFO - HTTP Request: POST https://api.telegram.org/bot8476521610:AAFKJ_XrFUB5-reI1OjwvQ4vAPimyVMai3I/getUpdates "HTTP/1.1 200 OK"
2025-12-24 15:41:51,062 - httpx - INFO - HTTP Request: POST https://api.telegram.org/bot8476521610:AAFKJ_XrFUB5-reI1OjwvQ4vAPimyVMai3I/getUpdates "HTTP/1.1 200 OK"
2025-12-24 15:42:01,301 - httpx - INFO - HTTP Request: POST https://api.telegram.org/bot8476521610:AAFKJ_XrFUB5-reI1OjwvQ4vAPimyVMai3I/getUpdates "HTTP/1.1 200 OK"
2025-12-24 15:42:11,519 - httpx - INFO - HTTP Request: POST https://api.telegram.org/bot8476521610:AAFKJ_XrFUB5-reI1OjwvQ4vAPimyVMai3I/getUpdates "HTTP/1.1 200 OK"
2025-12-24 15:42:21,730 - httpx - INFO - HTTP Request: POST https://api.telegram.org/bot8476521610:AAFKJ_XrFUB5-reI1OjwvQ4vAPimyVMai3I/getUpdates "HTTP/1.1 200 OK"
2025-12-24 15:42:31,947 - httpx - INFO - HTTP Request: POST https://api.telegram.org/bot8476521610:AAFKJ_XrFUB5-reI1OjwvQ4vAPimyVMai3I/getUpdates "HTTP/1.1 200 OK"
2025-12-24 15:42:42,153 - httpx - INFO - HTTP Request: POST https://api.telegram.org/bot8476521610:AAFKJ_XrFUB5-reI1OjwvQ4vAPimyVMai3I/getUpdates "HTTP/1.1 200 OK"
2025-12-24 15:42:52,356 - httpx - INFO - HTTP Request: POST https://api.telegram.org/bot8476521610:AAFKJ_XrFUB5-reI1OjwvQ4vAPimyVMai3I/getUpdates "HTTP/1.1 200 OK"
2025-12-24 15:43:02,558 - httpx - INFO - HTTP Request: POST https://api.telegram.org/bot8476521610:AAFKJ_XrFUB5-reI1OjwvQ4vAPimyVMai3I/getUpdates "HTTP/1.1 200 OK"
2025-12-24 15:43:12,762 - httpx - INFO - HTTP Request: POST https://api.telegram.org/bot8476521610:AAFKJ_XrFUB5-reI1OjwvQ4vAPimyVMai3I/getUpdates "HTTP/1.1 200 OK"
2025-12-24 15:43:22,963 - httpx - INFO - HTTP Request: POST https://api.telegram.org/bot8476521610:AAFKJ_XrFUB5-reI1OjwvQ4vAPimyVMai3I/getUpdates "HTTP/1.1 200 OK"
2025-12-24 15:43:33,163 - httpx - INFO - HTTP Request: POST https://api.telegram.org/bot8476521610:AAFKJ_XrFUB5-reI1OjwvQ4vAPimyVMai3I/getUpdates "HTTP/1.1 200 OK"
2025-12-24 15:43:43,370 - httpx - INFO - HTTP Request: POST https://api.telegram.org/bot8476521610:AAFKJ_XrFUB5-reI1OjwvQ4vAPimyVMai3I/getUpdates "HTTP/1.1 200 OK"
2025-12-24 15:43:53,570 - httpx - INFO - HTTP Request: POST https://api.telegram.org/bot8476521610:AAFKJ_XrFUB5-reI1OjwvQ4vAPimyVMai3I/getUpdates "HTTP/1.1 200 OK"
2025-12-24 15:44:03,772 - httpx - INFO - HTTP Request: POST https://api.telegram.org/bot8476521610:AAFKJ_XrFUB5-reI1OjwvQ4vAPimyVMai3I/getUpdates "HTTP/1.1 200 OK"
2025-12-24 15:44:13,972 - httpx - INFO - HTTP Request: POST https://api.telegram.org/bot8476521610:AAFKJ_XrFUB5-reI1OjwvQ4vAPimyVMai3I/getUpdates "HTTP/1.1 200 OK"
2025-12-24 15:44:24,175 - httpx - INFO - HTTP Request: POST https://api.telegram.org/bot8476521610:AAFKJ_XrFUB5-reI1OjwvQ4vAPimyVMai3I/getUpdates "HTTP/1.1 200 OK"
2025-12-24 15:44:34,378 - httpx - INFO - HTTP Request: POST https://api.telegram.org/bot8476521610:AAFKJ_XrFUB5-reI1OjwvQ4vAPimyVMai3I/getUpdates "HTTP/1.1 200 OK"
2025-12-24 15:44:44,582 - httpx - INFO - HTTP Request: POST https://api.telegram.org/bot8476521610:AAFKJ_XrFUB5-reI1OjwvQ4vAPimyVMai3I/getUpdates "HTTP/1.1 200 OK"
2025-12-24 15:44:54,782 - httpx - INFO - HTTP Request: POST https://api.telegram.org/bot8476521610:AAFKJ_XrFUB5-reI1OjwvQ4vAPimyVMai3I/getUpdates "HTTP/1.1 200 OK"
2025-12-24 15:45:04,985 - httpx - INFO - HTTP Request: POST https://api.telegram.org/bot8476521610:AAFKJ_XrFUB5-reI1OjwvQ4vAPimyVMai3I/getUpdates "HTTP/1.1 200 OK"
2025-12-24 15:45:15,184 - httpx - INFO - HTTP Request: POST https://api.telegram.org/bot8476521610:AAFKJ_XrFUB5-reI1OjwvQ4vAPimyVMai3I/getUpdates "HTTP/1.1 200 OK"
2025-12-24 15:45:25,396 - httpx - INFO - HTTP Request: POST https://api.telegram.org/bot8476521610:AAFKJ_XrFUB5-reI1OjwvQ4vAPimyVMai3I/getUpdates "HTTP/1.1 200 OK"
2025-12-24 15:45:35,595 - httpx - INFO - HTTP Request: POST https://api.telegram.org/bot8476521610:AAFKJ_XrFUB5-reI1OjwvQ4vAPimyVMai3I/getUpdates "HTTP/1.1 200 OK"
2025-12-24 15:45:45,795 - httpx - INFO - HTTP Request: POST https://api.telegram.org/bot8476521610:AAFKJ_XrFUB5-reI1OjwvQ4vAPimyVMai3I/getUpdates "HTTP/1.1 200 OK"
2025-12-24 15:45:55,997 - httpx - INFO - HTTP Request: POST https://api.telegram.org/bot8476521610:AAFKJ_XrFUB5-reI1OjwvQ4vAPimyVMai3I/getUpdates "HTTP/1.1 200 OK"
2025-12-24 15:46:06,198 - httpx - INFO - HTTP Request: POST https://api.telegram.org/bot8476521610:AAFKJ_XrFUB5-reI1OjwvQ4vAPimyVMai3I/getUpdates "HTTP/1.1 200 OK"
2025-12-24 15:46:16,400 - httpx - INFO - HTTP Request: POST https://api.telegram.org/bot8476521610:AAFKJ_XrFUB5-reI1OjwvQ4vAPimyVMai3I/getUpdates "HTTP/1.1 200 OK"
2025-12-24 15:46:26,599 - httpx - INFO - HTTP Request: POST https://api.telegram.org/bot8476521610:AAFKJ_XrFUB5-reI1OjwvQ4vAPimyVMai3I/getUpdates "HTTP/1.1 200 OK"
2025-12-24 15:46:36,798 - httpx - INFO - HTTP Request: POST https://api.telegram.org/bot8476521610:AAFKJ_XrFUB5-reI1OjwvQ4vAPimyVMai3I/getUpdates "HTTP/1.1 200 OK"
2025-12-24 15:46:47,000 - httpx - INFO - HTTP Request: POST https://api.telegram.org/bot8476521610:AAFKJ_XrFUB5-reI1OjwvQ4vAPimyVMai3I/getUpdates "HTTP/1.1 200 OK"
2025-12-24 15:46:57,201 - httpx - INFO - HTTP Request: POST https://api.telegram.org/bot8476521610:AAFKJ_XrFUB5-reI1OjwvQ4vAPimyVMai3I/getUpdates "HTTP/1.1 200 OK"
2025-12-24 15:47:07,401 - httpx - INFO - HTTP Request: POST https://api.telegram.org/bot8476521610:AAFKJ_XrFUB5-reI1OjwvQ4vAPimyVMai3I/getUpdates "HTTP/1.1 200 OK"
2025-12-24 15:47:17,602 - httpx - INFO - HTTP Request: POST https://api.telegram.org/bot8476521610:AAFKJ_XrFUB5-reI1OjwvQ4vAPimyVMai3I/getUpdates "HTTP/1.1 200 OK"
2025-12-24 15:47:27,799 - httpx - INFO - HTTP Request: POST https://api.telegram.org/bot8476521610:AAFKJ_XrFUB5-reI1OjwvQ4vAPimyVMai3I/getUpdates "HTTP/1.1 200 OK"
2025-12-24 15:47:38,007 - httpx - INFO - HTTP Request: POST https://api.telegram.org/bot8476521610:AAFKJ_XrFUB5-reI1OjwvQ4vAPimyVMai3I/getUpdates "HTTP/1.1 200 OK"
2025-12-24 15:47:48,207 - httpx - INFO - HTTP Request: POST https://api.telegram.org/bot8476521610:AAFKJ_XrFUB5-reI1OjwvQ4vAPimyVMai3I/getUpdates "HTTP/1.1 200 OK"
2025-12-24 15:47:58,408 - httpx - INFO - HTTP Request: POST https://api.telegram.org/bot8476521610:AAFKJ_XrFUB5-reI1OjwvQ4vAPimyVMai3I/getUpdates "HTTP/1.1 200 OK"
2025-12-24 15:48:08,608 - httpx - INFO - HTTP Request: POST https://api.telegram.org/bot8476521610:AAFKJ_XrFUB5-reI1OjwvQ4vAPimyVMai3I/getUpdates "HTTP/1.1 200 OK"
2025-12-24 15:48:18,809 - httpx - INFO - HTTP Request: POST https://api.telegram.org/bot8476521610:AAFKJ_XrFUB5-reI1OjwvQ4vAPimyVMai3I/getUpdates "HTTP/1.1 200 OK"
2025-12-24 15:48:29,013 - httpx - INFO - HTTP Request: POST https://api.telegram.org/bot8476521610:AAFKJ_XrFUB5-reI1OjwvQ4vAPimyVMai3I/getUpdates "HTTP/1.1 200 OK"
2025-12-24 15:48:39,221 - httpx - INFO - HTTP Request: POST https://api.telegram.org/bot8476521610:AAFKJ_XrFUB5-reI1OjwvQ4vAPimyVMai3I/getUpdates "HTTP/1.1 200 OK"
2025-12-24 15:48:49,421 - httpx - INFO - HTTP Request: POST https://api.telegram.org/bot8476521610:AAFKJ_XrFUB5-reI1OjwvQ4vAPimyVMai3I/getUpdates "HTTP/1.1 200 OK"
2025-12-24 15:48:59,623 - httpx - INFO - HTTP Request: POST https://api.telegram.org/bot8476521610:AAFKJ_XrFUB5-reI1OjwvQ4vAPimyVMai3I/getUpdates "HTTP/1.1 200 OK"
2025-12-24 15:49:09,828 - httpx - INFO - HTTP Request: POST https://api.telegram.org/bot8476521610:AAFKJ_XrFUB5-reI1OjwvQ4vAPimyVMai3I/getUpdates "HTTP/1.1 200 OK"
2025-12-24 15:49:20,028 - httpx - INFO - HTTP Request: POST https://api.telegram.org/bot8476521610:AAFKJ_XrFUB5-reI1OjwvQ4vAPimyVMai3I/getUpdates "HTTP/1.1 200 OK"
2025-12-24 15:49:30,232 - httpx - INFO - HTTP Request: POST https://api.telegram.org/bot8476521610:AAFKJ_XrFUB5-reI1OjwvQ4vAPimyVMai3I/getUpdates "HTTP/1.1 200 OK"
2025-12-24 15:49:40,432 - httpx - INFO - HTTP Request: POST https://api.telegram.org/bot8476521610:AAFKJ_XrFUB5-reI1OjwvQ4vAPimyVMai3I/getUpdates "HTTP/1.1 200 OK"
2025-12-24 15:49:50,632 - httpx - INFO - HTTP Request: POST https://api.telegram.org/bot8476521610:AAFKJ_XrFUB5-reI1OjwvQ4vAPimyVMai3I/getUpdates "HTTP/1.1 200 OK"
2025-12-24 15:50:00,831 - httpx - INFO - HTTP Request: POST https://api.telegram.org/bot8476521610:AAFKJ_XrFUB5-reI1OjwvQ4vAPimyVMai3I/getUpdates "HTTP/1.1 200 OK"
2025-12-24 15:50:11,037 - httpx - INFO - HTTP Request: POST https://api.telegram.org/bot8476521610:AAFKJ_XrFUB5-reI1OjwvQ4vAPimyVMai3I/getUpdates "HTTP/1.1 200 OK"
2025-12-24 15:50:21,237 - httpx - INFO - HTTP Request: POST https://api.telegram.org/bot8476521610:AAFKJ_XrFUB5-reI1OjwvQ4vAPimyVMai3I/getUpdates "HTTP/1.1 200 OK"
2025-12-24 15:50:31,442 - httpx - INFO - HTTP Request: POST https://api.telegram.org/bot8476521610:AAFKJ_XrFUB5-reI1OjwvQ4vAPimyVMai3I/getUpdates "HTTP/1.1 200 OK"
2025-12-24 15:50:41,640 - httpx - INFO - HTTP Request: POST https://api.telegram.org/bot8476521610:AAFKJ_XrFUB5-reI1OjwvQ4vAPimyVMai3I/getUpdates "HTTP/1.1 200 OK"
2025-12-24 15:50:51,842 - httpx - INFO - HTTP Request: POST https://api.telegram.org/bot8476521610:AAFKJ_XrFUB5-reI1OjwvQ4vAPimyVMai3I/getUpdates "HTTP/1.1 200 OK"
2025-12-24 15:51:02,046 - httpx - INFO - HTTP Request: POST https://api.telegram.org/bot8476521610:AAFKJ_XrFUB5-reI1OjwvQ4vAPimyVMai3I/getUpdates "HTTP/1.1 200 OK"
2025-12-24 15:51:12,246 - httpx - INFO - HTTP Request: POST https://api.telegram.org/bot8476521610:AAFKJ_XrFUB5-reI1OjwvQ4vAPimyVMai3I/getUpdates "HTTP/1.1 200 OK"
2025-12-24 15:51:22,447 - httpx - INFO - HTTP Request: POST https://api.telegram.org/bot8476521610:AAFKJ_XrFUB5-reI1OjwvQ4vAPimyVMai3I/getUpdates "HTTP/1.1 200 OK"
2025-12-24 15:51:32,645 - httpx - INFO - HTTP Request: POST https://api.telegram.org/bot8476521610:AAFKJ_XrFUB5-reI1OjwvQ4vAPimyVMai3I/getUpdates "HTTP/1.1 200 OK"
2025-12-24 15:51:42,846 - httpx - INFO - HTTP Request: POST https://api.telegram.org/bot8476521610:AAFKJ_XrFUB5-reI1OjwvQ4vAPimyVMai3I/getUpdates "HTTP/1.1 200 OK"
2025-12-24 15:51:53,050 - httpx - INFO - HTTP Request: POST https://api.telegram.org/bot8476521610:AAFKJ_XrFUB5-reI1OjwvQ4vAPimyVMai3I/getUpdates "HTTP/1.1 200 OK"
2025-12-24 15:52:03,254 - httpx - INFO - HTTP Request: POST https://api.telegram.org/bot8476521610:AAFKJ_XrFUB5-reI1OjwvQ4vAPimyVMai3I/getUpdates "HTTP/1.1 200 OK"
2025-12-24 15:52:13,453 - httpx - INFO - HTTP Request: POST https://api.telegram.org/bot8476521610:AAFKJ_XrFUB5-reI1OjwvQ4vAPimyVMai3I/getUpdates "HTTP/1.1 200 OK"
2025-12-24 15:52:23,651 - httpx - INFO - HTTP Request: POST https://api.telegram.org/bot8476521610:AAFKJ_XrFUB5-reI1OjwvQ4vAPimyVMai3I/getUpdates "HTTP/1.1 200 OK"
2025-12-24 15:52:33,857 - httpx - INFO - HTTP Request: POST https://api.telegram.org/bot8476521610:AAFKJ_XrFUB5-reI1OjwvQ4vAPimyVMai3I/getUpdates "HTTP/1.1 200 OK"
2025-12-24 15:52:44,058 - httpx - INFO - HTTP Request: POST https://api.telegram.org/bot8476521610:AAFKJ_XrFUB5-reI1OjwvQ4vAPimyVMai3I/getUpdates "HTTP/1.1 200 OK"
2025-12-24 15:52:54,258 - httpx - INFO - HTTP Request: POST https://api.telegram.org/bot8476521610:AAFKJ_XrFUB5-reI1OjwvQ4vAPimyVMai3I/getUpdates "HTTP/1.1 200 OK"
2025-12-24 15:53:04,459 - httpx - INFO - HTTP Request: POST https://api.telegram.org/bot8476521610:AAFKJ_XrFUB5-reI1OjwvQ4vAPimyVMai3I/getUpdates "HTTP/1.1 200 OK"
2025-12-24 15:53:14,659 - httpx - INFO - HTTP Request: POST https://api.telegram.org/bot8476521610:AAFKJ_XrFUB5-reI1OjwvQ4vAPimyVMai3I/getUpdates "HTTP/1.1 200 OK"
2025-12-24 15:53:24,859 - httpx - INFO - HTTP Request: POST https://api.telegram.org/bot8476521610:AAFKJ_XrFUB5-reI1OjwvQ4vAPimyVMai3I/getUpdates "HTTP/1.1 200 OK"
2025-12-24 15:53:35,059 - httpx - INFO - HTTP Request: POST https://api.telegram.org/bot8476521610:AAFKJ_XrFUB5-reI1OjwvQ4vAPimyVMai3I/getUpdates "HTTP/1.1 200 OK"
2025-12-24 15:53:45,262 - httpx - INFO - HTTP Request: POST https://api.telegram.org/bot8476521610:AAFKJ_XrFUB5-reI1OjwvQ4vAPimyVMai3I/getUpdates "HTTP/1.1 200 OK"
2025-12-24 15:53:55,467 - httpx - INFO - HTTP Request: POST https://api.telegram.org/bot8476521610:AAFKJ_XrFUB5-reI1OjwvQ4vAPimyVMai3I/getUpdates "HTTP/1.1 200 OK"
2025-12-24 15:54:06,073 - httpx - INFO - HTTP Request: POST https://api.telegram.org/bot8476521610:AAFKJ_XrFUB5-reI1OjwvQ4vAPimyVMai3I/getUpdates "HTTP/1.1 200 OK"
2025-12-24 15:54:16,278 - httpx - INFO - HTTP Request: POST https://api.telegram.org/bot8476521610:AAFKJ_XrFUB5-reI1OjwvQ4vAPimyVMai3I/getUpdates "HTTP/1.1 200 OK"
2025-12-24 15:54:26,483 - httpx - INFO - HTTP Request: POST https://api.telegram.org/bot8476521610:AAFKJ_XrFUB5-reI1OjwvQ4vAPimyVMai3I/getUpdates "HTTP/1.1 200 OK"
2025-12-24 15:54:36,683 - httpx - INFO - HTTP Request: POST https://api.telegram.org/bot8476521610:AAFKJ_XrFUB5-reI1OjwvQ4vAPimyVMai3I/getUpdates "HTTP/1.1 200 OK"
2025-12-24 15:54:46,886 - httpx - INFO - HTTP Request: POST https://api.telegram.org/bot8476521610:AAFKJ_XrFUB5-reI1OjwvQ4vAPimyVMai3I/getUpdates "HTTP/1.1 200 OK"
2025-12-24 15:54:57,086 - httpx - INFO - HTTP Request: POST https://api.telegram.org/bot8476521610:AAFKJ_XrFUB5-reI1OjwvQ4vAPimyVMai3I/getUpdates "HTTP/1.1 200 OK"
2025-12-24 15:55:07,289 - httpx - INFO - HTTP Request: POST https://api.telegram.org/bot8476521610:AAFKJ_XrFUB5-reI1OjwvQ4vAPimyVMai3I/getUpdates "HTTP/1.1 200 OK"
2025-12-24 15:55:17,491 - httpx - INFO - HTTP Request: POST https://api.telegram.org/bot8476521610:AAFKJ_XrFUB5-reI1OjwvQ4vAPimyVMai3I/getUpdates "HTTP/1.1 200 OK"
2025-12-24 15:55:27,691 - httpx - INFO - HTTP Request: POST https://api.telegram.org/bot8476521610:AAFKJ_XrFUB5-reI1OjwvQ4vAPimyVMai3I/getUpdates "HTTP/1.1 200 OK"
2025-12-24 15:55:37,892 - httpx - INFO - HTTP Request: POST https://api.telegram.org/bot8476521610:AAFKJ_XrFUB5-reI1OjwvQ4vAPimyVMai3I/getUpdates "HTTP/1.1 200 OK"
2025-12-24 15:55:48,092 - httpx - INFO - HTTP Request: POST https://api.telegram.org/bot8476521610:AAFKJ_XrFUB5-reI1OjwvQ4vAPimyVMai3I/getUpdates "HTTP/1.1 200 OK"
2025-12-24 15:55:58,625 - httpx - INFO - HTTP Request: POST https://api.telegram.org/bot8476521610:AAFKJ_XrFUB5-reI1OjwvQ4vAPimyVMai3I/getUpdates "HTTP/1.1 200 OK"
2025-12-24 15:56:08,823 - httpx - INFO - HTTP Request: POST https://api.telegram.org/bot8476521610:AAFKJ_XrFUB5-reI1OjwvQ4vAPimyVMai3I/getUpdates "HTTP/1.1 200 OK"
2025-12-24 15:56:19,023 - httpx - INFO - HTTP Request: POST https://api.telegram.org/bot8476521610:AAFKJ_XrFUB5-reI1OjwvQ4vAPimyVMai3I/getUpdates "HTTP/1.1 200 OK"
2025-12-24 15:56:29,224 - httpx - INFO - HTTP Request: POST https://api.telegram.org/bot8476521610:AAFKJ_XrFUB5-reI1OjwvQ4vAPimyVMai3I/getUpdates "HTTP/1.1 200 OK"
2025-12-24 15:56:39,422 - httpx - INFO - HTTP Request: POST https://api.telegram.org/bot8476521610:AAFKJ_XrFUB5-reI1OjwvQ4vAPimyVMai3I/getUpdates "HTTP/1.1 200 OK"
2025-12-24 15:56:49,623 - httpx - INFO - HTTP Request: POST https://api.telegram.org/bot8476521610:AAFKJ_XrFUB5-reI1OjwvQ4vAPimyVMai3I/getUpdates "HTTP/1.1 200 OK"
2025-12-24 15:56:59,825 - httpx - INFO - HTTP Request: POST https://api.telegram.org/bot8476521610:AAFKJ_XrFUB5-reI1OjwvQ4vAPimyVMai3I/getUpdates "HTTP/1.1 200 OK"
2025-12-24 15:57:10,034 - httpx - INFO - HTTP Request: POST https://api.telegram.org/bot8476521610:AAFKJ_XrFUB5-reI1OjwvQ4vAPimyVMai3I/getUpdates "HTTP/1.1 200 OK"
2025-12-24 15:57:20,235 - httpx - INFO - HTTP Request: POST https://api.telegram.org/bot8476521610:AAFKJ_XrFUB5-reI1OjwvQ4vAPimyVMai3I/getUpdates "HTTP/1.1 200 OK"
2025-12-24 15:57:30,662 - httpx - INFO - HTTP Request: POST https://api.telegram.org/bot8476521610:AAFKJ_XrFUB5-reI1OjwvQ4vAPimyVMai3I/getUpdates "HTTP/1.1 200 OK"
2025-12-24 15:57:40,865 - httpx - INFO - HTTP Request: POST https://api.telegram.org/bot8476521610:AAFKJ_XrFUB5-reI1OjwvQ4vAPimyVMai3I/getUpdates "HTTP/1.1 200 OK"
2025-12-24 15:57:51,066 - httpx - INFO - HTTP Request: POST https://api.telegram.org/bot8476521610:AAFKJ_XrFUB5-reI1OjwvQ4vAPimyVMai3I/getUpdates "HTTP/1.1 200 OK"
2025-12-24 15:58:01,268 - httpx - INFO - HTTP Request: POST https://api.telegram.org/bot8476521610:AAFKJ_XrFUB5-reI1OjwvQ4vAPimyVMai3I/getUpdates "HTTP/1.1 200 OK"
2025-12-24 15:58:11,469 - httpx - INFO - HTTP Request: POST https://api.telegram.org/bot8476521610:AAFKJ_XrFUB5-reI1OjwvQ4vAPimyVMai3I/getUpdates "HTTP/1.1 200 OK"
2025-12-24 15:58:21,669 - httpx - INFO - HTTP Request: POST https://api.telegram.org/bot8476521610:AAFKJ_XrFUB5-reI1OjwvQ4vAPimyVMai3I/getUpdates "HTTP/1.1 200 OK"
2025-12-24 15:58:31,870 - httpx - INFO - HTTP Request: POST https://api.telegram.org/bot8476521610:AAFKJ_XrFUB5-reI1OjwvQ4vAPimyVMai3I/getUpdates "HTTP/1.1 200 OK"
2025-12-24 15:58:42,074 - httpx - INFO - HTTP Request: POST https://api.telegram.org/bot8476521610:AAFKJ_XrFUB5-reI1OjwvQ4vAPimyVMai3I/getUpdates "HTTP/1.1 200 OK"
2025-12-24 15:58:52,273 - httpx - INFO - HTTP Request: POST https://api.telegram.org/bot8476521610:AAFKJ_XrFUB5-reI1OjwvQ4vAPimyVMai3I/getUpdates "HTTP/1.1 200 OK"
2025-12-24 15:59:02,473 - httpx - INFO - HTTP Request: POST https://api.telegram.org/bot8476521610:AAFKJ_XrFUB5-reI1OjwvQ4vAPimyVMai3I/getUpdates "HTTP/1.1 200 OK"
2025-12-24 15:59:12,673 - httpx - INFO - HTTP Request: POST https://api.telegram.org/bot8476521610:AAFKJ_XrFUB5-reI1OjwvQ4vAPimyVMai3I/getUpdates "HTTP/1.1 200 OK"
2025-12-24 15:59:22,872 - httpx - INFO - HTTP Request: POST https://api.telegram.org/bot8476521610:AAFKJ_XrFUB5-reI1OjwvQ4vAPimyVMai3I/getUpdates "HTTP/1.1 200 OK"
2025-12-24 15:59:33,079 - httpx - INFO - HTTP Request: POST https://api.telegram.org/bot8476521610:AAFKJ_XrFUB5-reI1OjwvQ4vAPimyVMai3I/getUpdates "HTTP/1.1 200 OK"
2025-12-24 15:59:43,284 - httpx - INFO - HTTP Request: POST https://api.telegram.org/bot8476521610:AAFKJ_XrFUB5-reI1OjwvQ4vAPimyVMai3I/getUpdates "HTTP/1.1 200 OK"
2025-12-24 15:59:53,483 - httpx - INFO - HTTP Request: POST https://api.telegram.org/bot8476521610:AAFKJ_XrFUB5-reI1OjwvQ4vAPimyVMai3I/getUpdates "HTTP/1.1 200 OK"
2025-12-24 16:00:03,683 - httpx - INFO - HTTP Request: POST https://api.telegram.org/bot8476521610:AAFKJ_XrFUB5-reI1OjwvQ4vAPimyVMai3I/getUpdates "HTTP/1.1 200 OK"
2025-12-24 16:00:13,892 - httpx - INFO - HTTP Request: POST https://api.telegram.org/bot8476521610:AAFKJ_XrFUB5-reI1OjwvQ4vAPimyVMai3I/getUpdates "HTTP/1.1 200 OK"
2025-12-24 16:00:24,091 - httpx - INFO - HTTP Request: POST https://api.telegram.org/bot8476521610:AAFKJ_XrFUB5-reI1OjwvQ4vAPimyVMai3I/getUpdates "HTTP/1.1 200 OK"
2025-12-24 16:00:34,291 - httpx - INFO - HTTP Request: POST https://api.telegram.org/bot8476521610:AAFKJ_XrFUB5-reI1OjwvQ4vAPimyVMai3I/getUpdates "HTTP/1.1 200 OK"
2025-12-24 16:00:44,490 - httpx - INFO - HTTP Request: POST https://api.telegram.org/bot8476521610:AAFKJ_XrFUB5-reI1OjwvQ4vAPimyVMai3I/getUpdates "HTTP/1.1 200 OK"
2025-12-24 16:00:54,702 - httpx - INFO - HTTP Request: POST https://api.telegram.org/bot8476521610:AAFKJ_XrFUB5-reI1OjwvQ4vAPimyVMai3I/getUpdates "HTTP/1.1 200 OK"
2025-12-24 16:01:04,908 - httpx - INFO - HTTP Request: POST https://api.telegram.org/bot8476521610:AAFKJ_XrFUB5-reI1OjwvQ4vAPimyVMai3I/getUpdates "HTTP/1.1 200 OK"
2025-12-24 16:01:15,112 - httpx - INFO - HTTP Request: POST https://api.telegram.org/bot8476521610:AAFKJ_XrFUB5-reI1OjwvQ4vAPimyVMai3I/getUpdates "HTTP/1.1 200 OK"
2025-12-24 16:01:25,312 - httpx - INFO - HTTP Request: POST https://api.telegram.org/bot8476521610:AAFKJ_XrFUB5-reI1OjwvQ4vAPimyVMai3I/getUpdates "HTTP/1.1 200 OK"
2025-12-24 16:01:35,513 - httpx - INFO - HTTP Request: POST https://api.telegram.org/bot8476521610:AAFKJ_XrFUB5-reI1OjwvQ4vAPimyVMai3I/getUpdates "HTTP/1.1 200 OK"
2025-12-24 16:01:45,714 - httpx - INFO - HTTP Request: POST https://api.telegram.org/bot8476521610:AAFKJ_XrFUB5-reI1OjwvQ4vAPimyVMai3I/getUpdates "HTTP/1.1 200 OK"
2025-12-24 16:01:55,914 - httpx - INFO - HTTP Request: POST https://api.telegram.org/bot8476521610:AAFKJ_XrFUB5-reI1OjwvQ4vAPimyVMai3I/getUpdates "HTTP/1.1 200 OK"
2025-12-24 16:02:06,114 - httpx - INFO - HTTP Request: POST https://api.telegram.org/bot8476521610:AAFKJ_XrFUB5-reI1OjwvQ4vAPimyVMai3I/getUpdates "HTTP/1.1 200 OK"
2025-12-24 16:02:16,313 - httpx - INFO - HTTP Request: POST https://api.telegram.org/bot8476521610:AAFKJ_XrFUB5-reI1OjwvQ4vAPimyVMai3I/getUpdates "HTTP/1.1 200 OK"
2025-12-24 16:02:26,514 - httpx - INFO - HTTP Request: POST https://api.telegram.org/bot8476521610:AAFKJ_XrFUB5-reI1OjwvQ4vAPimyVMai3I/getUpdates "HTTP/1.1 200 OK"
2025-12-24 16:02:36,713 - httpx - INFO - HTTP Request: POST https://api.telegram.org/bot8476521610:AAFKJ_XrFUB5-reI1OjwvQ4vAPimyVMai3I/getUpdates "HTTP/1.1 200 OK"
2025-12-24 16:02:46,912 - httpx - INFO - HTTP Request: POST https://api.telegram.org/bot8476521610:AAFKJ_XrFUB5-reI1OjwvQ4vAPimyVMai3I/getUpdates "HTTP/1.1 200 OK"
2025-12-24 16:02:57,113 - httpx - INFO - HTTP Request: POST https://api.telegram.org/bot8476521610:AAFKJ_XrFUB5-reI1OjwvQ4vAPimyVMai3I/getUpdates "HTTP/1.1 200 OK"
2025-12-24 16:03:07,319 - httpx - INFO - HTTP Request: POST https://api.telegram.org/bot8476521610:AAFKJ_XrFUB5-reI1OjwvQ4vAPimyVMai3I/getUpdates "HTTP/1.1 200 OK"
2025-12-24 16:03:17,519 - httpx - INFO - HTTP Request: POST https://api.telegram.org/bot8476521610:AAFKJ_XrFUB5-reI1OjwvQ4vAPimyVMai3I/getUpdates "HTTP/1.1 200 OK"
2025-12-24 16:03:27,718 - httpx - INFO - HTTP Request: POST https://api.telegram.org/bot8476521610:AAFKJ_XrFUB5-reI1OjwvQ4vAPimyVMai3I/getUpdates "HTTP/1.1 200 OK"
2025-12-24 16:03:37,916 - httpx - INFO - HTTP Request: POST https://api.telegram.org/bot8476521610:AAFKJ_XrFUB5-reI1OjwvQ4vAPimyVMai3I/getUpdates "HTTP/1.1 200 OK"
2025-12-24 16:03:48,117 - httpx - INFO - HTTP Request: POST https://api.telegram.org/bot8476521610:AAFKJ_XrFUB5-reI1OjwvQ4vAPimyVMai3I/getUpdates "HTTP/1.1 200 OK"
2025-12-24 16:03:58,316 - httpx - INFO - HTTP Request: POST https://api.telegram.org/bot8476521610:AAFKJ_XrFUB5-reI1OjwvQ4vAPimyVMai3I/getUpdates "HTTP/1.1 200 OK"
2025-12-24 16:04:08,517 - httpx - INFO - HTTP Request: POST https://api.telegram.org/bot8476521610:AAFKJ_XrFUB5-reI1OjwvQ4vAPimyVMai3I/getUpdates "HTTP/1.1 200 OK"
2025-12-24 16:04:18,716 - httpx - INFO - HTTP Request: POST https://api.telegram.org/bot8476521610:AAFKJ_XrFUB5-reI1OjwvQ4vAPimyVMai3I/getUpdates "HTTP/1.1 200 OK"
2025-12-24 16:04:28,917 - httpx - INFO - HTTP Request: POST https://api.telegram.org/bot8476521610:AAFKJ_XrFUB5-reI1OjwvQ4vAPimyVMai3I/getUpdates "HTTP/1.1 200 OK"
2025-12-24 16:04:39,117 - httpx - INFO - HTTP Request: POST https://api.telegram.org/bot8476521610:AAFKJ_XrFUB5-reI1OjwvQ4vAPimyVMai3I/getUpdates "HTTP/1.1 200 OK"
2025-12-24 16:04:49,321 - httpx - INFO - HTTP Request: POST https://api.telegram.org/bot8476521610:AAFKJ_XrFUB5-reI1OjwvQ4vAPimyVMai3I/getUpdates "HTTP/1.1 200 OK"
2025-12-24 16:04:59,522 - httpx - INFO - HTTP Request: POST https://api.telegram.org/bot8476521610:AAFKJ_XrFUB5-reI1OjwvQ4vAPimyVMai3I/getUpdates "HTTP/1.1 200 OK"
2025-12-24 16:05:09,721 - httpx - INFO - HTTP Request: POST https://api.telegram.org/bot8476521610:AAFKJ_XrFUB5-reI1OjwvQ4vAPimyVMai3I/getUpdates "HTTP/1.1 200 OK"
2025-12-24 16:05:19,924 - httpx - INFO - HTTP Request: POST https://api.telegram.org/bot8476521610:AAFKJ_XrFUB5-reI1OjwvQ4vAPimyVMai3I/getUpdates "HTTP/1.1 200 OK"
2025-12-24 16:05:30,124 - httpx - INFO - HTTP Request: POST https://api.telegram.org/bot8476521610:AAFKJ_XrFUB5-reI1OjwvQ4vAPimyVMai3I/getUpdates "HTTP/1.1 200 OK"
2025-12-24 16:05:40,328 - httpx - INFO - HTTP Request: POST https://api.telegram.org/bot8476521610:AAFKJ_XrFUB5-reI1OjwvQ4vAPimyVMai3I/getUpdates "HTTP/1.1 200 OK"
2025-12-24 16:05:50,535 - httpx - INFO - HTTP Request: POST https://api.telegram.org/bot8476521610:AAFKJ_XrFUB5-reI1OjwvQ4vAPimyVMai3I/getUpdates "HTTP/1.1 200 OK"
2025-12-24 16:06:00,734 - httpx - INFO - HTTP Request: POST https://api.telegram.org/bot8476521610:AAFKJ_XrFUB5-reI1OjwvQ4vAPimyVMai3I/getUpdates "HTTP/1.1 200 OK"
2025-12-24 16:06:10,935 - httpx - INFO - HTTP Request: POST https://api.telegram.org/bot8476521610:AAFKJ_XrFUB5-reI1OjwvQ4vAPimyVMai3I/getUpdates "HTTP/1.1 200 OK"
2025-12-24 16:06:21,142 - httpx - INFO - HTTP Request: POST https://api.telegram.org/bot8476521610:AAFKJ_XrFUB5-reI1OjwvQ4vAPimyVMai3I/getUpdates "HTTP/1.1 200 OK"
2025-12-24 16:06:31,342 - httpx - INFO - HTTP Request: POST https://api.telegram.org/bot8476521610:AAFKJ_XrFUB5-reI1OjwvQ4vAPimyVMai3I/getUpdates "HTTP/1.1 200 OK"
2025-12-24 16:06:41,549 - httpx - INFO - HTTP Request: POST https://api.telegram.org/bot8476521610:AAFKJ_XrFUB5-reI1OjwvQ4vAPimyVMai3I/getUpdates "HTTP/1.1 200 OK"
2025-12-24 16:06:51,812 - httpx - INFO - HTTP Request: POST https://api.telegram.org/bot8476521610:AAFKJ_XrFUB5-reI1OjwvQ4vAPimyVMai3I/getUpdates "HTTP/1.1 200 OK"
2025-12-24 16:07:02,014 - httpx - INFO - HTTP Request: POST https://api.telegram.org/bot8476521610:AAFKJ_XrFUB5-reI1OjwvQ4vAPimyVMai3I/getUpdates "HTTP/1.1 200 OK"
2025-12-24 16:07:12,213 - httpx - INFO - HTTP Request: POST https://api.telegram.org/bot8476521610:AAFKJ_XrFUB5-reI1OjwvQ4vAPimyVMai3I/getUpdates "HTTP/1.1 200 OK"
2025-12-24 16:07:22,413 - httpx - INFO - HTTP Request: POST https://api.telegram.org/bot8476521610:AAFKJ_XrFUB5-reI1OjwvQ4vAPimyVMai3I/getUpdates "HTTP/1.1 200 OK"
2025-12-24 16:07:32,613 - httpx - INFO - HTTP Request: POST https://api.telegram.org/bot8476521610:AAFKJ_XrFUB5-reI1OjwvQ4vAPimyVMai3I/getUpdates "HTTP/1.1 200 OK"
2025-12-24 16:07:42,813 - httpx - INFO - HTTP Request: POST https://api.telegram.org/bot8476521610:AAFKJ_XrFUB5-reI1OjwvQ4vAPimyVMai3I/getUpdates "HTTP/1.1 200 OK"
2025-12-24 16:07:53,014 - httpx - INFO - HTTP Request: POST https://api.telegram.org/bot8476521610:AAFKJ_XrFUB5-reI1OjwvQ4vAPimyVMai3I/getUpdates "HTTP/1.1 200 OK"
2025-12-24 16:08:03,215 - httpx - INFO - HTTP Request: POST https://api.telegram.org/bot8476521610:AAFKJ_XrFUB5-reI1OjwvQ4vAPimyVMai3I/getUpdates "HTTP/1.1 200 OK"
2025-12-24 16:08:13,414 - httpx - INFO - HTTP Request: POST https://api.telegram.org/bot8476521610:AAFKJ_XrFUB5-reI1OjwvQ4vAPimyVMai3I/getUpdates "HTTP/1.1 200 OK"
2025-12-24 16:08:23,615 - httpx - INFO - HTTP Request: POST https://api.telegram.org/bot8476521610:AAFKJ_XrFUB5-reI1OjwvQ4vAPimyVMai3I/getUpdates "HTTP/1.1 200 OK"
2025-12-24 16:08:33,815 - httpx - INFO - HTTP Request: POST https://api.telegram.org/bot8476521610:AAFKJ_XrFUB5-reI1OjwvQ4vAPimyVMai3I/getUpdates "HTTP/1.1 200 OK"
2025-12-24 16:08:44,018 - httpx - INFO - HTTP Request: POST https://api.telegram.org/bot8476521610:AAFKJ_XrFUB5-reI1OjwvQ4vAPimyVMai3I/getUpdates "HTTP/1.1 200 OK"
2025-12-24 16:08:54,231 - httpx - INFO - HTTP Request: POST https://api.telegram.org/bot8476521610:AAFKJ_XrFUB5-reI1OjwvQ4vAPimyVMai3I/getUpdates "HTTP/1.1 200 OK"
2025-12-24 16:09:04,431 - httpx - INFO - HTTP Request: POST https://api.telegram.org/bot8476521610:AAFKJ_XrFUB5-reI1OjwvQ4vAPimyVMai3I/getUpdates "HTTP/1.1 200 OK"
2025-12-24 16:09:14,635 - httpx - INFO - HTTP Request: POST https://api.telegram.org/bot8476521610:AAFKJ_XrFUB5-reI1OjwvQ4vAPimyVMai3I/getUpdates "HTTP/1.1 200 OK"
2025-12-24 16:09:24,900 - httpx - INFO - HTTP Request: POST https://api.telegram.org/bot8476521610:AAFKJ_XrFUB5-reI1OjwvQ4vAPimyVMai3I/getUpdates "HTTP/1.1 200 OK"
2025-12-24 16:09:35,099 - httpx - INFO - HTTP Request: POST https://api.telegram.org/bot8476521610:AAFKJ_XrFUB5-reI1OjwvQ4vAPimyVMai3I/getUpdates "HTTP/1.1 200 OK"
2025-12-24 16:09:45,302 - httpx - INFO - HTTP Request: POST https://api.telegram.org/bot8476521610:AAFKJ_XrFUB5-reI1OjwvQ4vAPimyVMai3I/getUpdates "HTTP/1.1 200 OK"
2025-12-24 16:09:55,502 - httpx - INFO - HTTP Request: POST https://api.telegram.org/bot8476521610:AAFKJ_XrFUB5-reI1OjwvQ4vAPimyVMai3I/getUpdates "HTTP/1.1 200 OK"
2025-12-24 16:10:05,703 - httpx - INFO - HTTP Request: POST https://api.telegram.org/bot8476521610:AAFKJ_XrFUB5-reI1OjwvQ4vAPimyVMai3I/getUpdates "HTTP/1.1 200 OK"
2025-12-24 16:10:15,909 - httpx - INFO - HTTP Request: POST https://api.telegram.org/bot8476521610:AAFKJ_XrFUB5-reI1OjwvQ4vAPimyVMai3I/getUpdates "HTTP/1.1 200 OK"
2025-12-24 16:10:26,115 - httpx - INFO - HTTP Request: POST https://api.telegram.org/bot8476521610:AAFKJ_XrFUB5-reI1OjwvQ4vAPimyVMai3I/getUpdates "HTTP/1.1 200 OK"
2025-12-24 16:10:36,320 - httpx - INFO - HTTP Request: POST https://api.telegram.org/bot8476521610:AAFKJ_XrFUB5-reI1OjwvQ4vAPimyVMai3I/getUpdates "HTTP/1.1 200 OK"
2025-12-24 16:10:46,528 - httpx - INFO - HTTP Request: POST https://api.telegram.org/bot8476521610:AAFKJ_XrFUB5-reI1OjwvQ4vAPimyVMai3I/getUpdates "HTTP/1.1 200 OK"
2025-12-24 16:10:56,747 - httpx - INFO - HTTP Request: POST https://api.telegram.org/bot8476521610:AAFKJ_XrFUB5-reI1OjwvQ4vAPimyVMai3I/getUpdates "HTTP/1.1 200 OK"
2025-12-24 16:11:07,344 - httpx - INFO - HTTP Request: POST https://api.telegram.org/bot8476521610:AAFKJ_XrFUB5-reI1OjwvQ4vAPimyVMai3I/getUpdates "HTTP/1.1 200 OK"
2025-12-24 16:11:17,552 - httpx - INFO - HTTP Request: POST https://api.telegram.org/bot8476521610:AAFKJ_XrFUB5-reI1OjwvQ4vAPimyVMai3I/getUpdates "HTTP/1.1 200 OK"
2025-12-24 16:11:27,752 - httpx - INFO - HTTP Request: POST https://api.telegram.org/bot8476521610:AAFKJ_XrFUB5-reI1OjwvQ4vAPimyVMai3I/getUpdates "HTTP/1.1 200 OK"
2025-12-24 16:11:37,964 - httpx - INFO - HTTP Request: POST https://api.telegram.org/bot8476521610:AAFKJ_XrFUB5-reI1OjwvQ4vAPimyVMai3I/getUpdates "HTTP/1.1 200 OK"
2025-12-24 16:11:48,166 - httpx - INFO - HTTP Request: POST https://api.telegram.org/bot8476521610:AAFKJ_XrFUB5-reI1OjwvQ4vAPimyVMai3I/getUpdates "HTTP/1.1 200 OK"
2025-12-24 16:11:58,364 - httpx - INFO - HTTP Request: POST https://api.telegram.org/bot8476521610:AAFKJ_XrFUB5-reI1OjwvQ4vAPimyVMai3I/getUpdates "HTTP/1.1 200 OK"
2025-12-24 16:12:08,562 - httpx - INFO - HTTP Request: POST https://api.telegram.org/bot8476521610:AAFKJ_XrFUB5-reI1OjwvQ4vAPimyVMai3I/getUpdates "HTTP/1.1 200 OK"
2025-12-24 16:12:18,764 - httpx - INFO - HTTP Request: POST https://api.telegram.org/bot8476521610:AAFKJ_XrFUB5-reI1OjwvQ4vAPimyVMai3I/getUpdates "HTTP/1.1 200 OK"
2025-12-24 16:12:28,974 - httpx - INFO - HTTP Request: POST https://api.telegram.org/bot8476521610:AAFKJ_XrFUB5-reI1OjwvQ4vAPimyVMai3I/getUpdates "HTTP/1.1 200 OK"
2025-12-24 16:12:39,174 - httpx - INFO - HTTP Request: POST https://api.telegram.org/bot8476521610:AAFKJ_XrFUB5-reI1OjwvQ4vAPimyVMai3I/getUpdates "HTTP/1.1 200 OK"
2025-12-24 16:12:49,373 - httpx - INFO - HTTP Request: POST https://api.telegram.org/bot8476521610:AAFKJ_XrFUB5-reI1OjwvQ4vAPimyVMai3I/getUpdates "HTTP/1.1 200 OK"
2025-12-24 16:12:59,569 - httpx - INFO - HTTP Request: POST https://api.telegram.org/bot8476521610:AAFKJ_XrFUB5-reI1OjwvQ4vAPimyVMai3I/getUpdates "HTTP/1.1 200 OK"
2025-12-24 16:13:09,767 - httpx - INFO - HTTP Request: POST https://api.telegram.org/bot8476521610:AAFKJ_XrFUB5-reI1OjwvQ4vAPimyVMai3I/getUpdates "HTTP/1.1 200 OK"
2025-12-24 16:13:19,965 - httpx - INFO - HTTP Request: POST https://api.telegram.org/bot8476521610:AAFKJ_XrFUB5-reI1OjwvQ4vAPimyVMai3I/getUpdates "HTTP/1.1 200 OK"
2025-12-24 16:13:30,164 - httpx - INFO - HTTP Request: POST https://api.telegram.org/bot8476521610:AAFKJ_XrFUB5-reI1OjwvQ4vAPimyVMai3I/getUpdates "HTTP/1.1 200 OK"
2025-12-24 16:13:40,366 - httpx - INFO - HTTP Request: POST https://api.telegram.org/bot8476521610:AAFKJ_XrFUB5-reI1OjwvQ4vAPimyVMai3I/getUpdates "HTTP/1.1 200 OK"
2025-12-24 16:13:50,562 - httpx - INFO - HTTP Request: POST https://api.telegram.org/bot8476521610:AAFKJ_XrFUB5-reI1OjwvQ4vAPimyVMai3I/getUpdates "HTTP/1.1 200 OK"
2025-12-24 16:14:00,762 - httpx - INFO - HTTP Request: POST https://api.telegram.org/bot8476521610:AAFKJ_XrFUB5-reI1OjwvQ4vAPimyVMai3I/getUpdates "HTTP/1.1 200 OK"
2025-12-24 16:14:10,963 - httpx - INFO - HTTP Request: POST https://api.telegram.org/bot8476521610:AAFKJ_XrFUB5-reI1OjwvQ4vAPimyVMai3I/getUpdates "HTTP/1.1 200 OK"
2025-12-24 16:14:21,163 - httpx - INFO - HTTP Request: POST https://api.telegram.org/bot8476521610:AAFKJ_XrFUB5-reI1OjwvQ4vAPimyVMai3I/getUpdates "HTTP/1.1 200 OK"
2025-12-24 16:14:31,359 - httpx - INFO - HTTP Request: POST https://api.telegram.org/bot8476521610:AAFKJ_XrFUB5-reI1OjwvQ4vAPimyVMai3I/getUpdates "HTTP/1.1 200 OK"
2025-12-24 16:14:41,557 - httpx - INFO - HTTP Request: POST https://api.telegram.org/bot8476521610:AAFKJ_XrFUB5-reI1OjwvQ4vAPimyVMai3I/getUpdates "HTTP/1.1 200 OK"
2025-12-24 16:14:51,754 - httpx - INFO - HTTP Request: POST https://api.telegram.org/bot8476521610:AAFKJ_XrFUB5-reI1OjwvQ4vAPimyVMai3I/getUpdates "HTTP/1.1 200 OK"
2025-12-24 16:15:01,962 - httpx - INFO - HTTP Request: POST https://api.telegram.org/bot8476521610:AAFKJ_XrFUB5-reI1OjwvQ4vAPimyVMai3I/getUpdates "HTTP/1.1 200 OK"
2025-12-24 16:15:12,160 - httpx - INFO - HTTP Request: POST https://api.telegram.org/bot8476521610:AAFKJ_XrFUB5-reI1OjwvQ4vAPimyVMai3I/getUpdates "HTTP/1.1 200 OK"
2025-12-24 16:15:22,358 - httpx - INFO - HTTP Request: POST https://api.telegram.org/bot8476521610:AAFKJ_XrFUB5-reI1OjwvQ4vAPimyVMai3I/getUpdates "HTTP/1.1 200 OK"
2025-12-24 16:15:32,558 - httpx - INFO - HTTP Request: POST https://api.telegram.org/bot8476521610:AAFKJ_XrFUB5-reI1OjwvQ4vAPimyVMai3I/getUpdates "HTTP/1.1 200 OK"
2025-12-24 16:15:42,766 - httpx - INFO - HTTP Request: POST https://api.telegram.org/bot8476521610:AAFKJ_XrFUB5-reI1OjwvQ4vAPimyVMai3I/getUpdates "HTTP/1.1 200 OK"
2025-12-24 16:15:52,966 - httpx - INFO - HTTP Request: POST https://api.telegram.org/bot8476521610:AAFKJ_XrFUB5-reI1OjwvQ4vAPimyVMai3I/getUpdates "HTTP/1.1 200 OK"
2025-12-24 16:16:03,172 - httpx - INFO - HTTP Request: POST https://api.telegram.org/bot8476521610:AAFKJ_XrFUB5-reI1OjwvQ4vAPimyVMai3I/getUpdates "HTTP/1.1 200 OK"
2025-12-24 16:16:13,378 - httpx - INFO - HTTP Request: POST https://api.telegram.org/bot8476521610:AAFKJ_XrFUB5-reI1OjwvQ4vAPimyVMai3I/getUpdates "HTTP/1.1 200 OK"
2025-12-24 16:16:23,582 - httpx - INFO - HTTP Request: POST https://api.telegram.org/bot8476521610:AAFKJ_XrFUB5-reI1OjwvQ4vAPimyVMai3I/getUpdates "HTTP/1.1 200 OK"
2025-12-24 16:16:33,786 - httpx - INFO - HTTP Request: POST https://api.telegram.org/bot8476521610:AAFKJ_XrFUB5-reI1OjwvQ4vAPimyVMai3I/getUpdates "HTTP/1.1 200 OK"
2025-12-24 16:16:43,988 - httpx - INFO - HTTP Request: POST https://api.telegram.org/bot8476521610:AAFKJ_XrFUB5-reI1OjwvQ4vAPimyVMai3I/getUpdates "HTTP/1.1 200 OK"
2025-12-24 16:16:54,186 - httpx - INFO - HTTP Request: POST https://api.telegram.org/bot8476521610:AAFKJ_XrFUB5-reI1OjwvQ4vAPimyVMai3I/getUpdates "HTTP/1.1 200 OK"
2025-12-24 16:17:04,387 - httpx - INFO - HTTP Request: POST https://api.telegram.org/bot8476521610:AAFKJ_XrFUB5-reI1OjwvQ4vAPimyVMai3I/getUpdates "HTTP/1.1 200 OK"
2025-12-24 16:17:14,593 - httpx - INFO - HTTP Request: POST https://api.telegram.org/bot8476521610:AAFKJ_XrFUB5-reI1OjwvQ4vAPimyVMai3I/getUpdates "HTTP/1.1 200 OK"
2025-12-24 16:17:24,792 - httpx - INFO - HTTP Request: POST https://api.telegram.org/bot8476521610:AAFKJ_XrFUB5-reI1OjwvQ4vAPimyVMai3I/getUpdates "HTTP/1.1 200 OK"
2025-12-24 16:17:34,999 - httpx - INFO - HTTP Request: POST https://api.telegram.org/bot8476521610:AAFKJ_XrFUB5-reI1OjwvQ4vAPimyVMai3I/getUpdates "HTTP/1.1 200 OK"
2025-12-24 16:17:45,207 - httpx - INFO - HTTP Request: POST https://api.telegram.org/bot8476521610:AAFKJ_XrFUB5-reI1OjwvQ4vAPimyVMai3I/getUpdates "HTTP/1.1 200 OK"
2025-12-24 16:17:55,409 - httpx - INFO - HTTP Request: POST https://api.telegram.org/bot8476521610:AAFKJ_XrFUB5-reI1OjwvQ4vAPimyVMai3I/getUpdates "HTTP/1.1 200 OK"
2025-12-24 16:18:05,610 - httpx - INFO - HTTP Request: POST https://api.telegram.org/bot8476521610:AAFKJ_XrFUB5-reI1OjwvQ4vAPimyVMai3I/getUpdates "HTTP/1.1 200 OK"
2025-12-24 16:18:15,811 - httpx - INFO - HTTP Request: POST https://api.telegram.org/bot8476521610:AAFKJ_XrFUB5-reI1OjwvQ4vAPimyVMai3I/getUpdates "HTTP/1.1 200 OK"
2025-12-24 16:18:26,016 - httpx - INFO - HTTP Request: POST https://api.telegram.org/bot8476521610:AAFKJ_XrFUB5-reI1OjwvQ4vAPimyVMai3I/getUpdates "HTTP/1.1 200 OK"
2025-12-24 16:18:36,216 - httpx - INFO - HTTP Request: POST https://api.telegram.org/bot8476521610:AAFKJ_XrFUB5-reI1OjwvQ4vAPimyVMai3I/getUpdates "HTTP/1.1 200 OK"
2025-12-24 16:18:46,413 - httpx - INFO - HTTP Request: POST https://api.telegram.org/bot8476521610:AAFKJ_XrFUB5-reI1OjwvQ4vAPimyVMai3I/getUpdates "HTTP/1.1 200 OK"
2025-12-24 16:18:56,622 - httpx - INFO - HTTP Request: POST https://api.telegram.org/bot8476521610:AAFKJ_XrFUB5-reI1OjwvQ4vAPimyVMai3I/getUpdates "HTTP/1.1 200 OK"
2025-12-24 16:19:06,819 - httpx - INFO - HTTP Request: POST https://api.telegram.org/bot8476521610:AAFKJ_XrFUB5-reI1OjwvQ4vAPimyVMai3I/getUpdates "HTTP/1.1 200 OK"
2025-12-24 16:19:17,037 - httpx - INFO - HTTP Request: POST https://api.telegram.org/bot8476521610:AAFKJ_XrFUB5-reI1OjwvQ4vAPimyVMai3I/getUpdates "HTTP/1.1 200 OK"
2025-12-24 16:19:27,243 - httpx - INFO - HTTP Request: POST https://api.telegram.org/bot8476521610:AAFKJ_XrFUB5-reI1OjwvQ4vAPimyVMai3I/getUpdates "HTTP/1.1 200 OK"
2025-12-24 16:19:37,446 - httpx - INFO - HTTP Request: POST https://api.telegram.org/bot8476521610:AAFKJ_XrFUB5-reI1OjwvQ4vAPimyVMai3I/getUpdates "HTTP/1.1 200 OK"
2025-12-24 16:19:47,654 - httpx - INFO - HTTP Request: POST https://api.telegram.org/bot8476521610:AAFKJ_XrFUB5-reI1OjwvQ4vAPimyVMai3I/getUpdates "HTTP/1.1 200 OK"
2025-12-24 16:19:57,854 - httpx - INFO - HTTP Request: POST https://api.telegram.org/bot8476521610:AAFKJ_XrFUB5-reI1OjwvQ4vAPimyVMai3I/getUpdates "HTTP/1.1 200 OK"
2025-12-24 16:20:08,060 - httpx - INFO - HTTP Request: POST https://api.telegram.org/bot8476521610:AAFKJ_XrFUB5-reI1OjwvQ4vAPimyVMai3I/getUpdates "HTTP/1.1 200 OK"
2025-12-24 16:20:18,248 - httpx - INFO - HTTP Request: POST https://api.telegram.org/bot8476521610:AAFKJ_XrFUB5-reI1OjwvQ4vAPimyVMai3I/getUpdates "HTTP/1.1 200 OK"
2025-12-24 16:20:28,453 - httpx - INFO - HTTP Request: POST https://api.telegram.org/bot8476521610:AAFKJ_XrFUB5-reI1OjwvQ4vAPimyVMai3I/getUpdates "HTTP/1.1 200 OK"
2025-12-24 16:20:38,650 - httpx - INFO - HTTP Request: POST https://api.telegram.org/bot8476521610:AAFKJ_XrFUB5-reI1OjwvQ4vAPimyVMai3I/getUpdates "HTTP/1.1 200 OK"
2025-12-24 16:20:48,849 - httpx - INFO - HTTP Request: POST https://api.telegram.org/bot8476521610:AAFKJ_XrFUB5-reI1OjwvQ4vAPimyVMai3I/getUpdates "HTTP/1.1 200 OK"
2025-12-24 16:20:59,053 - httpx - INFO - HTTP Request: POST https://api.telegram.org/bot8476521610:AAFKJ_XrFUB5-reI1OjwvQ4vAPimyVMai3I/getUpdates "HTTP/1.1 200 OK"
2025-12-24 16:21:09,257 - httpx - INFO - HTTP Request: POST https://api.telegram.org/bot8476521610:AAFKJ_XrFUB5-reI1OjwvQ4vAPimyVMai3I/getUpdates "HTTP/1.1 200 OK"
2025-12-24 16:21:19,473 - httpx - INFO - HTTP Request: POST https://api.telegram.org/bot8476521610:AAFKJ_XrFUB5-reI1OjwvQ4vAPimyVMai3I/getUpdates "HTTP/1.1 200 OK"
2025-12-24 16:21:29,674 - httpx - INFO - HTTP Request: POST https://api.telegram.org/bot8476521610:AAFKJ_XrFUB5-reI1OjwvQ4vAPimyVMai3I/getUpdates "HTTP/1.1 200 OK"
2025-12-24 16:21:39,873 - httpx - INFO - HTTP Request: POST https://api.telegram.org/bot8476521610:AAFKJ_XrFUB5-reI1OjwvQ4vAPimyVMai3I/getUpdates "HTTP/1.1 200 OK"
2025-12-24 16:21:50,071 - httpx - INFO - HTTP Request: POST https://api.telegram.org/bot8476521610:AAFKJ_XrFUB5-reI1OjwvQ4vAPimyVMai3I/getUpdates "HTTP/1.1 200 OK"
2025-12-24 16:22:00,272 - httpx - INFO - HTTP Request: POST https://api.telegram.org/bot8476521610:AAFKJ_XrFUB5-reI1OjwvQ4vAPimyVMai3I/getUpdates "HTTP/1.1 200 OK"
2025-12-24 16:22:10,495 - httpx - INFO - HTTP Request: POST https://api.telegram.org/bot8476521610:AAFKJ_XrFUB5-reI1OjwvQ4vAPimyVMai3I/getUpdates "HTTP/1.1 200 OK"
2025-12-24 16:22:20,697 - httpx - INFO - HTTP Request: POST https://api.telegram.org/bot8476521610:AAFKJ_XrFUB5-reI1OjwvQ4vAPimyVMai3I/getUpdates "HTTP/1.1 200 OK"
2025-12-24 16:22:30,896 - httpx - INFO - HTTP Request: POST https://api.telegram.org/bot8476521610:AAFKJ_XrFUB5-reI1OjwvQ4vAPimyVMai3I/getUpdates "HTTP/1.1 200 OK"
2025-12-24 16:22:41,104 - httpx - INFO - HTTP Request: POST https://api.telegram.org/bot8476521610:AAFKJ_XrFUB5-reI1OjwvQ4vAPimyVMai3I/getUpdates "HTTP/1.1 200 OK"
2025-12-24 16:22:51,304 - httpx - INFO - HTTP Request: POST https://api.telegram.org/bot8476521610:AAFKJ_XrFUB5-reI1OjwvQ4vAPimyVMai3I/getUpdates "HTTP/1.1 200 OK"
2025-12-24 16:23:01,503 - httpx - INFO - HTTP Request: POST https://api.telegram.org/bot8476521610:AAFKJ_XrFUB5-reI1OjwvQ4vAPimyVMai3I/getUpdates "HTTP/1.1 200 OK"
2025-12-24 16:23:11,712 - httpx - INFO - HTTP Request: POST https://api.telegram.org/bot8476521610:AAFKJ_XrFUB5-reI1OjwvQ4vAPimyVMai3I/getUpdates "HTTP/1.1 200 OK"
2025-12-24 16:23:21,921 - httpx - INFO - HTTP Request: POST https://api.telegram.org/bot8476521610:AAFKJ_XrFUB5-reI1OjwvQ4vAPimyVMai3I/getUpdates "HTTP/1.1 200 OK"
2025-12-24 16:23:32,130 - httpx - INFO - HTTP Request: POST https://api.telegram.org/bot8476521610:AAFKJ_XrFUB5-reI1OjwvQ4vAPimyVMai3I/getUpdates "HTTP/1.1 200 OK"
2025-12-24 16:23:42,354 - httpx - INFO - HTTP Request: POST https://api.telegram.org/bot8476521610:AAFKJ_XrFUB5-reI1OjwvQ4vAPimyVMai3I/getUpdates "HTTP/1.1 200 OK"
2025-12-24 16:23:52,571 - httpx - INFO - HTTP Request: POST https://api.telegram.org/bot8476521610:AAFKJ_XrFUB5-reI1OjwvQ4vAPimyVMai3I/getUpdates "HTTP/1.1 200 OK"
2025-12-24 16:24:02,796 - httpx - INFO - HTTP Request: POST https://api.telegram.org/bot8476521610:AAFKJ_XrFUB5-reI1OjwvQ4vAPimyVMai3I/getUpdates "HTTP/1.1 200 OK"
2025-12-24 16:24:12,997 - httpx - INFO - HTTP Request: POST https://api.telegram.org/bot8476521610:AAFKJ_XrFUB5-reI1OjwvQ4vAPimyVMai3I/getUpdates "HTTP/1.1 200 OK"
2025-12-24 16:24:23,201 - httpx - INFO - HTTP Request: POST https://api.telegram.org/bot8476521610:AAFKJ_XrFUB5-reI1OjwvQ4vAPimyVMai3I/getUpdates "HTTP/1.1 200 OK"
2025-12-24 16:24:33,413 - httpx - INFO - HTTP Request: POST https://api.telegram.org/bot8476521610:AAFKJ_XrFUB5-reI1OjwvQ4vAPimyVMai3I/getUpdates "HTTP/1.1 200 OK"
2025-12-24 16:24:43,612 - httpx - INFO - HTTP Request: POST https://api.telegram.org/bot8476521610:AAFKJ_XrFUB5-reI1OjwvQ4vAPimyVMai3I/getUpdates "HTTP/1.1 200 OK"
2025-12-24 16:24:53,815 - httpx - INFO - HTTP Request: POST https://api.telegram.org/bot8476521610:AAFKJ_XrFUB5-reI1OjwvQ4vAPimyVMai3I/getUpdates "HTTP/1.1 200 OK"
2025-12-24 16:25:04,017 - httpx - INFO - HTTP Request: POST https://api.telegram.org/bot8476521610:AAFKJ_XrFUB5-reI1OjwvQ4vAPimyVMai3I/getUpdates "HTTP/1.1 200 OK"
2025-12-24 16:25:14,219 - httpx - INFO - HTTP Request: POST https://api.telegram.org/bot8476521610:AAFKJ_XrFUB5-reI1OjwvQ4vAPimyVMai3I/getUpdates "HTTP/1.1 200 OK"
2025-12-24 16:25:24,425 - httpx - INFO - HTTP Request: POST https://api.telegram.org/bot8476521610:AAFKJ_XrFUB5-reI1OjwvQ4vAPimyVMai3I/getUpdates "HTTP/1.1 200 OK"
2025-12-24 16:25:34,624 - httpx - INFO - HTTP Request: POST https://api.telegram.org/bot8476521610:AAFKJ_XrFUB5-reI1OjwvQ4vAPimyVMai3I/getUpdates "HTTP/1.1 200 OK"
2025-12-24 16:25:44,821 - httpx - INFO - HTTP Request: POST https://api.telegram.org/bot8476521610:AAFKJ_XrFUB5-reI1OjwvQ4vAPimyVMai3I/getUpdates "HTTP/1.1 200 OK"
2025-12-24 16:25:55,022 - httpx - INFO - HTTP Request: POST https://api.telegram.org/bot8476521610:AAFKJ_XrFUB5-reI1OjwvQ4vAPimyVMai3I/getUpdates "HTTP/1.1 200 OK"
2025-12-24 16:26:05,225 - httpx - INFO - HTTP Request: POST https://api.telegram.org/bot8476521610:AAFKJ_XrFUB5-reI1OjwvQ4vAPimyVMai3I/getUpdates "HTTP/1.1 200 OK"
2025-12-24 16:26:15,427 - httpx - INFO - HTTP Request: POST https://api.telegram.org/bot8476521610:AAFKJ_XrFUB5-reI1OjwvQ4vAPimyVMai3I/getUpdates "HTTP/1.1 200 OK"
2025-12-24 16:26:25,627 - httpx - INFO - HTTP Request: POST https://api.telegram.org/bot8476521610:AAFKJ_XrFUB5-reI1OjwvQ4vAPimyVMai3I/getUpdates "HTTP/1.1 200 OK"
2025-12-24 16:26:35,823 - httpx - INFO - HTTP Request: POST https://api.telegram.org/bot8476521610:AAFKJ_XrFUB5-reI1OjwvQ4vAPimyVMai3I/getUpdates "HTTP/1.1 200 OK"
2025-12-24 16:26:46,025 - httpx - INFO - HTTP Request: POST https://api.telegram.org/bot8476521610:AAFKJ_XrFUB5-reI1OjwvQ4vAPimyVMai3I/getUpdates "HTTP/1.1 200 OK"
2025-12-24 16:26:56,228 - httpx - INFO - HTTP Request: POST https://api.telegram.org/bot8476521610:AAFKJ_XrFUB5-reI1OjwvQ4vAPimyVMai3I/getUpdates "HTTP/1.1 200 OK"
2025-12-24 16:27:06,426 - httpx - INFO - HTTP Request: POST https://api.telegram.org/bot8476521610:AAFKJ_XrFUB5-reI1OjwvQ4vAPimyVMai3I/getUpdates "HTTP/1.1 200 OK"
2025-12-24 16:27:16,629 - httpx - INFO - HTTP Request: POST https://api.telegram.org/bot8476521610:AAFKJ_XrFUB5-reI1OjwvQ4vAPimyVMai3I/getUpdates "HTTP/1.1 200 OK"
2025-12-24 16:27:26,831 - httpx - INFO - HTTP Request: POST https://api.telegram.org/bot8476521610:AAFKJ_XrFUB5-reI1OjwvQ4vAPimyVMai3I/getUpdates "HTTP/1.1 200 OK"
2025-12-24 16:27:37,061 - httpx - INFO - HTTP Request: POST https://api.telegram.org/bot8476521610:AAFKJ_XrFUB5-reI1OjwvQ4vAPimyVMai3I/getUpdates "HTTP/1.1 200 OK"
2025-12-24 16:27:47,264 - httpx - INFO - HTTP Request: POST https://api.telegram.org/bot8476521610:AAFKJ_XrFUB5-reI1OjwvQ4vAPimyVMai3I/getUpdates "HTTP/1.1 200 OK"
2025-12-24 16:27:57,468 - httpx - INFO - HTTP Request: POST https://api.telegram.org/bot8476521610:AAFKJ_XrFUB5-reI1OjwvQ4vAPimyVMai3I/getUpdates "HTTP/1.1 200 OK"
2025-12-24 16:28:08,051 - httpx - INFO - HTTP Request: POST https://api.telegram.org/bot8476521610:AAFKJ_XrFUB5-reI1OjwvQ4vAPimyVMai3I/getUpdates "HTTP/1.1 200 OK"
2025-12-24 16:28:18,252 - httpx - INFO - HTTP Request: POST https://api.telegram.org/bot8476521610:AAFKJ_XrFUB5-reI1OjwvQ4vAPimyVMai3I/getUpdates "HTTP/1.1 200 OK"
2025-12-24 16:28:28,451 - httpx - INFO - HTTP Request: POST https://api.telegram.org/bot8476521610:AAFKJ_XrFUB5-reI1OjwvQ4vAPimyVMai3I/getUpdates "HTTP/1.1 200 OK"
2025-12-24 16:28:38,650 - httpx - INFO - HTTP Request: POST https://api.telegram.org/bot8476521610:AAFKJ_XrFUB5-reI1OjwvQ4vAPimyVMai3I/getUpdates "HTTP/1.1 200 OK"
2025-12-24 16:28:48,854 - httpx - INFO - HTTP Request: POST https://api.telegram.org/bot8476521610:AAFKJ_XrFUB5-reI1OjwvQ4vAPimyVMai3I/getUpdates "HTTP/1.1 200 OK"
2025-12-24 16:28:59,052 - httpx - INFO - HTTP Request: POST https://api.telegram.org/bot8476521610:AAFKJ_XrFUB5-reI1OjwvQ4vAPimyVMai3I/getUpdates "HTTP/1.1 200 OK"
2025-12-24 16:29:09,247 - httpx - INFO - HTTP Request: POST https://api.telegram.org/bot8476521610:AAFKJ_XrFUB5-reI1OjwvQ4vAPimyVMai3I/getUpdates "HTTP/1.1 200 OK"
2025-12-24 16:29:19,445 - httpx - INFO - HTTP Request: POST https://api.telegram.org/bot8476521610:AAFKJ_XrFUB5-reI1OjwvQ4vAPimyVMai3I/getUpdates "HTTP/1.1 200 OK"
2025-12-24 16:29:29,650 - httpx - INFO - HTTP Request: POST https://api.telegram.org/bot8476521610:AAFKJ_XrFUB5-reI1OjwvQ4vAPimyVMai3I/getUpdates "HTTP/1.1 200 OK"
2025-12-24 16:29:39,846 - httpx - INFO - HTTP Request: POST https://api.telegram.org/bot8476521610:AAFKJ_XrFUB5-reI1OjwvQ4vAPimyVMai3I/getUpdates "HTTP/1.1 200 OK"
2025-12-24 16:29:50,051 - httpx - INFO - HTTP Request: POST https://api.telegram.org/bot8476521610:AAFKJ_XrFUB5-reI1OjwvQ4vAPimyVMai3I/getUpdates "HTTP/1.1 200 OK"
2025-12-24 16:30:00,779 - httpx - INFO - HTTP Request: POST https://api.telegram.org/bot8476521610:AAFKJ_XrFUB5-reI1OjwvQ4vAPimyVMai3I/getUpdates "HTTP/1.1 200 OK"
2025-12-24 16:30:11,473 - httpx - INFO - HTTP Request: POST https://api.telegram.org/bot8476521610:AAFKJ_XrFUB5-reI1OjwvQ4vAPimyVMai3I/getUpdates "HTTP/1.1 200 OK"
2025-12-24 16:30:22,283 - httpx - INFO - HTTP Request: POST https://api.telegram.org/bot8476521610:AAFKJ_XrFUB5-reI1OjwvQ4vAPimyVMai3I/getUpdates "HTTP/1.1 200 OK"
2025-12-24 16:30:32,484 - httpx - INFO - HTTP Request: POST https://api.telegram.org/bot8476521610:AAFKJ_XrFUB5-reI1OjwvQ4vAPimyVMai3I/getUpdates "HTTP/1.1 200 OK"
2025-12-24 16:30:42,682 - httpx - INFO - HTTP Request: POST https://api.telegram.org/bot8476521610:AAFKJ_XrFUB5-reI1OjwvQ4vAPimyVMai3I/getUpdates "HTTP/1.1 200 OK"
2025-12-24 16:30:53,192 - httpx - INFO - HTTP Request: POST https://api.telegram.org/bot8476521610:AAFKJ_XrFUB5-reI1OjwvQ4vAPimyVMai3I/getUpdates "HTTP/1.1 200 OK"
2025-12-24 16:31:03,386 - httpx - INFO - HTTP Request: POST https://api.telegram.org/bot8476521610:AAFKJ_XrFUB5-reI1OjwvQ4vAPimyVMai3I/getUpdates "HTTP/1.1 200 OK"
2025-12-24 16:31:13,593 - httpx - INFO - HTTP Request: POST https://api.telegram.org/bot8476521610:AAFKJ_XrFUB5-reI1OjwvQ4vAPimyVMai3I/getUpdates "HTTP/1.1 200 OK"
2025-12-24 16:31:23,813 - httpx - INFO - HTTP Request: POST https://api.telegram.org/bot8476521610:AAFKJ_XrFUB5-reI1OjwvQ4vAPimyVMai3I/getUpdates "HTTP/1.1 200 OK"
2025-12-24 16:31:34,521 - httpx - INFO - HTTP Request: POST https://api.telegram.org/bot8476521610:AAFKJ_XrFUB5-reI1OjwvQ4vAPimyVMai3I/getUpdates "HTTP/1.1 200 OK"
2025-12-24 16:31:44,715 - httpx - INFO - HTTP Request: POST https://api.telegram.org/bot8476521610:AAFKJ_XrFUB5-reI1OjwvQ4vAPimyVMai3I/getUpdates "HTTP/1.1 200 OK"
2025-12-24 16:31:54,909 - httpx - INFO - HTTP Request: POST https://api.telegram.org/bot8476521610:AAFKJ_XrFUB5-reI1OjwvQ4vAPimyVMai3I/getUpdates "HTTP/1.1 200 OK"
2025-12-24 16:32:05,105 - httpx - INFO - HTTP Request: POST https://api.telegram.org/bot8476521610:AAFKJ_XrFUB5-reI1OjwvQ4vAPimyVMai3I/getUpdates "HTTP/1.1 200 OK"
2025-12-24 16:32:15,311 - httpx - INFO - HTTP Request: POST https://api.telegram.org/bot8476521610:AAFKJ_XrFUB5-reI1OjwvQ4vAPimyVMai3I/getUpdates "HTTP/1.1 200 OK"
2025-12-24 16:32:25,821 - httpx - INFO - HTTP Request: POST https://api.telegram.org/bot8476521610:AAFKJ_XrFUB5-reI1OjwvQ4vAPimyVMai3I/getUpdates "HTTP/1.1 200 OK"
2025-12-24 16:32:36,021 - httpx - INFO - HTTP Request: POST https://api.telegram.org/bot8476521610:AAFKJ_XrFUB5-reI1OjwvQ4vAPimyVMai3I/getUpdates "HTTP/1.1 200 OK"
2025-12-24 16:32:46,220 - httpx - INFO - HTTP Request: POST https://api.telegram.org/bot8476521610:AAFKJ_XrFUB5-reI1OjwvQ4vAPimyVMai3I/getUpdates "HTTP/1.1 200 OK"
2025-12-24 16:32:56,420 - httpx - INFO - HTTP Request: POST https://api.telegram.org/bot8476521610:AAFKJ_XrFUB5-reI1OjwvQ4vAPimyVMai3I/getUpdates "HTTP/1.1 200 OK"
2025-12-24 16:33:06,623 - httpx - INFO - HTTP Request: POST https://api.telegram.org/bot8476521610:AAFKJ_XrFUB5-reI1OjwvQ4vAPimyVMai3I/getUpdates "HTTP/1.1 200 OK"
2025-12-24 16:33:16,818 - httpx - INFO - HTTP Request: POST https://api.telegram.org/bot8476521610:AAFKJ_XrFUB5-reI1OjwvQ4vAPimyVMai3I/getUpdates "HTTP/1.1 200 OK"
2025-12-24 16:33:27,327 - httpx - INFO - HTTP Request: POST https://api.telegram.org/bot8476521610:AAFKJ_XrFUB5-reI1OjwvQ4vAPimyVMai3I/getUpdates "HTTP/1.1 200 OK"
2025-12-24 16:33:37,522 - httpx - INFO - HTTP Request: POST https://api.telegram.org/bot8476521610:AAFKJ_XrFUB5-reI1OjwvQ4vAPimyVMai3I/getUpdates "HTTP/1.1 200 OK"
2025-12-24 16:33:47,729 - httpx - INFO - HTTP Request: POST https://api.telegram.org/bot8476521610:AAFKJ_XrFUB5-reI1OjwvQ4vAPimyVMai3I/getUpdates "HTTP/1.1 200 OK"
2025-12-24 16:33:57,927 - httpx - INFO - HTTP Request: POST https://api.telegram.org/bot8476521610:AAFKJ_XrFUB5-reI1OjwvQ4vAPimyVMai3I/getUpdates "HTTP/1.1 200 OK"
2025-12-24 16:34:08,120 - httpx - INFO - HTTP Request: POST https://api.telegram.org/bot8476521610:AAFKJ_XrFUB5-reI1OjwvQ4vAPimyVMai3I/getUpdates "HTTP/1.1 200 OK"
2025-12-24 16:34:18,324 - httpx - INFO - HTTP Request: POST https://api.telegram.org/bot8476521610:AAFKJ_XrFUB5-reI1OjwvQ4vAPimyVMai3I/getUpdates "HTTP/1.1 200 OK"
2025-12-24 16:34:28,539 - httpx - INFO - HTTP Request: POST https://api.telegram.org/bot8476521610:AAFKJ_XrFUB5-reI1OjwvQ4vAPimyVMai3I/getUpdates "HTTP/1.1 200 OK"
2025-12-24 16:34:38,729 - httpx - INFO - HTTP Request: POST https://api.telegram.org/bot8476521610:AAFKJ_XrFUB5-reI1OjwvQ4vAPimyVMai3I/getUpdates "HTTP/1.1 200 OK"
2025-12-24 16:34:48,938 - httpx - INFO - HTTP Request: POST https://api.telegram.org/bot8476521610:AAFKJ_XrFUB5-reI1OjwvQ4vAPimyVMai3I/getUpdates "HTTP/1.1 200 OK"
2025-12-24 16:34:59,142 - httpx - INFO - HTTP Request: POST https://api.telegram.org/bot8476521610:AAFKJ_XrFUB5-reI1OjwvQ4vAPimyVMai3I/getUpdates "HTTP/1.1 200 OK"
2025-12-24 16:35:09,836 - httpx - INFO - HTTP Request: POST https://api.telegram.org/bot8476521610:AAFKJ_XrFUB5-reI1OjwvQ4vAPimyVMai3I/getUpdates "HTTP/1.1 200 OK"
2025-12-24 16:35:20,338 - httpx - INFO - HTTP Request: POST https://api.telegram.org/bot8476521610:AAFKJ_XrFUB5-reI1OjwvQ4vAPimyVMai3I/getUpdates "HTTP/1.1 200 OK"
2025-12-24 16:35:30,536 - httpx - INFO - HTTP Request: POST https://api.telegram.org/bot8476521610:AAFKJ_XrFUB5-reI1OjwvQ4vAPimyVMai3I/getUpdates "HTTP/1.1 200 OK"
2025-12-24 16:35:40,737 - httpx - INFO - HTTP Request: POST https://api.telegram.org/bot8476521610:AAFKJ_XrFUB5-reI1OjwvQ4vAPimyVMai3I/getUpdates "HTTP/1.1 200 OK"
2025-12-24 16:35:50,934 - httpx - INFO - HTTP Request: POST https://api.telegram.org/bot8476521610:AAFKJ_XrFUB5-reI1OjwvQ4vAPimyVMai3I/getUpdates "HTTP/1.1 200 OK"
2025-12-24 16:36:01,129 - httpx - INFO - HTTP Request: POST https://api.telegram.org/bot8476521610:AAFKJ_XrFUB5-reI1OjwvQ4vAPimyVMai3I/getUpdates "HTTP/1.1 200 OK"
2025-12-24 16:36:11,332 - httpx - INFO - HTTP Request: POST https://api.telegram.org/bot8476521610:AAFKJ_XrFUB5-reI1OjwvQ4vAPimyVMai3I/getUpdates "HTTP/1.1 200 OK"
2025-12-24 16:36:21,529 - httpx - INFO - HTTP Request: POST https://api.telegram.org/bot8476521610:AAFKJ_XrFUB5-reI1OjwvQ4vAPimyVMai3I/getUpdates "HTTP/1.1 200 OK"
2025-12-24 16:36:31,728 - httpx - INFO - HTTP Request: POST https://api.telegram.org/bot8476521610:AAFKJ_XrFUB5-reI1OjwvQ4vAPimyVMai3I/getUpdates "HTTP/1.1 200 OK"
2025-12-24 16:36:41,923 - httpx - INFO - HTTP Request: POST https://api.telegram.org/bot8476521610:AAFKJ_XrFUB5-reI1OjwvQ4vAPimyVMai3I/getUpdates "HTTP/1.1 200 OK"
2025-12-24 16:36:52,127 - httpx - INFO - HTTP Request: POST https://api.telegram.org/bot8476521610:AAFKJ_XrFUB5-reI1OjwvQ4vAPimyVMai3I/getUpdates "HTTP/1.1 200 OK"
2025-12-24 16:37:02,322 - httpx - INFO - HTTP Request: POST https://api.telegram.org/bot8476521610:AAFKJ_XrFUB5-reI1OjwvQ4vAPimyVMai3I/getUpdates "HTTP/1.1 200 OK"
2025-12-24 16:37:12,516 - httpx - INFO - HTTP Request: POST https://api.telegram.org/bot8476521610:AAFKJ_XrFUB5-reI1OjwvQ4vAPimyVMai3I/getUpdates "HTTP/1.1 200 OK"
2025-12-24 16:37:22,709 - httpx - INFO - HTTP Request: POST https://api.telegram.org/bot8476521610:AAFKJ_XrFUB5-reI1OjwvQ4vAPimyVMai3I/getUpdates "HTTP/1.1 200 OK"
2025-12-24 16:37:32,909 - httpx - INFO - HTTP Request: POST https://api.telegram.org/bot8476521610:AAFKJ_XrFUB5-reI1OjwvQ4vAPimyVMai3I/getUpdates "HTTP/1.1 200 OK"
2025-12-24 16:37:43,413 - httpx - INFO - HTTP Request: POST https://api.telegram.org/bot8476521610:AAFKJ_XrFUB5-reI1OjwvQ4vAPimyVMai3I/getUpdates "HTTP/1.1 200 OK"
2025-12-24 16:37:53,611 - httpx - INFO - HTTP Request: POST https://api.telegram.org/bot8476521610:AAFKJ_XrFUB5-reI1OjwvQ4vAPimyVMai3I/getUpdates "HTTP/1.1 200 OK"
2025-12-24 16:38:03,810 - httpx - INFO - HTTP Request: POST https://api.telegram.org/bot8476521610:AAFKJ_XrFUB5-reI1OjwvQ4vAPimyVMai3I/getUpdates "HTTP/1.1 200 OK"
2025-12-24 16:38:14,317 - httpx - INFO - HTTP Request: POST https://api.telegram.org/bot8476521610:AAFKJ_XrFUB5-reI1OjwvQ4vAPimyVMai3I/getUpdates "HTTP/1.1 200 OK"
2025-12-24 16:38:24,511 - httpx - INFO - HTTP Request: POST https://api.telegram.org/bot8476521610:AAFKJ_XrFUB5-reI1OjwvQ4vAPimyVMai3I/getUpdates "HTTP/1.1 200 OK"
2025-12-24 16:38:34,708 - httpx - INFO - HTTP Request: POST https://api.telegram.org/bot8476521610:AAFKJ_XrFUB5-reI1OjwvQ4vAPimyVMai3I/getUpdates "HTTP/1.1 200 OK"
2025-12-24 16:38:44,901 - httpx - INFO - HTTP Request: POST https://api.telegram.org/bot8476521610:AAFKJ_XrFUB5-reI1OjwvQ4vAPimyVMai3I/getUpdates "HTTP/1.1 200 OK"
2025-12-24 16:38:55,096 - httpx - INFO - HTTP Request: POST https://api.telegram.org/bot8476521610:AAFKJ_XrFUB5-reI1OjwvQ4vAPimyVMai3I/getUpdates "HTTP/1.1 200 OK"
2025-12-24 16:39:05,605 - httpx - INFO - HTTP Request: POST https://api.telegram.org/bot8476521610:AAFKJ_XrFUB5-reI1OjwvQ4vAPimyVMai3I/getUpdates "HTTP/1.1 200 OK"
2025-12-24 16:39:15,800 - httpx - INFO - HTTP Request: POST https://api.telegram.org/bot8476521610:AAFKJ_XrFUB5-reI1OjwvQ4vAPimyVMai3I/getUpdates "HTTP/1.1 200 OK"
2025-12-24 16:39:25,993 - httpx - INFO - HTTP Request: POST https://api.telegram.org/bot8476521610:AAFKJ_XrFUB5-reI1OjwvQ4vAPimyVMai3I/getUpdates "HTTP/1.1 200 OK"
2025-12-24 16:39:36,190 - httpx - INFO - HTTP Request: POST https://api.telegram.org/bot8476521610:AAFKJ_XrFUB5-reI1OjwvQ4vAPimyVMai3I/getUpdates "HTTP/1.1 200 OK"
2025-12-24 16:39:46,694 - httpx - INFO - HTTP Request: POST https://api.telegram.org/bot8476521610:AAFKJ_XrFUB5-reI1OjwvQ4vAPimyVMai3I/getUpdates "HTTP/1.1 200 OK"
2025-12-24 16:39:56,895 - httpx - INFO - HTTP Request: POST https://api.telegram.org/bot8476521610:AAFKJ_XrFUB5-reI1OjwvQ4vAPimyVMai3I/getUpdates "HTTP/1.1 200 OK"
2025-12-24 16:40:07,409 - httpx - INFO - HTTP Request: POST https://api.telegram.org/bot8476521610:AAFKJ_XrFUB5-reI1OjwvQ4vAPimyVMai3I/getUpdates "HTTP/1.1 200 OK"
2025-12-24 16:40:17,608 - httpx - INFO - HTTP Request: POST https://api.telegram.org/bot8476521610:AAFKJ_XrFUB5-reI1OjwvQ4vAPimyVMai3I/getUpdates "HTTP/1.1 200 OK"
2025-12-24 16:40:27,803 - httpx - INFO - HTTP Request: POST https://api.telegram.org/bot8476521610:AAFKJ_XrFUB5-reI1OjwvQ4vAPimyVMai3I/getUpdates "HTTP/1.1 200 OK"
2025-12-24 16:40:37,999 - httpx - INFO - HTTP Request: POST https://api.telegram.org/bot8476521610:AAFKJ_XrFUB5-reI1OjwvQ4vAPimyVMai3I/getUpdates "HTTP/1.1 200 OK"
2025-12-24 16:40:48,696 - httpx - INFO - HTTP Request: POST https://api.telegram.org/bot8476521610:AAFKJ_XrFUB5-reI1OjwvQ4vAPimyVMai3I/getUpdates "HTTP/1.1 200 OK"
2025-12-24 16:40:59,199 - httpx - INFO - HTTP Request: POST https://api.telegram.org/bot8476521610:AAFKJ_XrFUB5-reI1OjwvQ4vAPimyVMai3I/getUpdates "HTTP/1.1 200 OK"
2025-12-24 16:41:09,706 - httpx - INFO - HTTP Request: POST https://api.telegram.org/bot8476521610:AAFKJ_XrFUB5-reI1OjwvQ4vAPimyVMai3I/getUpdates "HTTP/1.1 200 OK"
2025-12-24 16:41:28,517 - __main__ - INFO - 🤖 Starting Receipt Bot...
2025-12-24 16:41:28,522 - src.bot - INFO - Starting bot...
2025-12-24 16:41:29,146 - httpx - INFO - HTTP Request: POST https://api.telegram.org/bot8476521610:AAFKJ_XrFUB5-reI1OjwvQ4vAPimyVMai3I/getMe "HTTP/1.1 200 OK"
2025-12-24 16:41:29,350 - httpx - INFO - HTTP Request: POST https://api.telegram.org/bot8476521610:AAFKJ_XrFUB5-reI1OjwvQ4vAPimyVMai3I/deleteWebhook "HTTP/1.1 200 OK"
2025-12-24 16:41:29,376 - telegram.ext.Application - INFO - Application started
2025-12-24 16:41:39,250 - httpx - INFO - HTTP Request: POST https://api.telegram.org/bot8476521610:AAFKJ_XrFUB5-reI1OjwvQ4vAPimyVMai3I/getUpdates "HTTP/1.1 200 OK"
2025-12-24 16:41:39,252 - src.bot - INFO - User zotavioz (1051315576) - Action
2025-12-24 16:41:40,006 - httpx - INFO - HTTP Request: POST https://api.telegram.org/bot8476521610:AAFKJ_XrFUB5-reI1OjwvQ4vAPimyVMai3I/sendMessage "HTTP/1.1 200 OK"
2025-12-24 16:41:49,453 - httpx - INFO - HTTP Request: POST https://api.telegram.org/bot8476521610:AAFKJ_XrFUB5-reI1OjwvQ4vAPimyVMai3I/getUpdates "HTTP/1.1 200 OK"
2025-12-24 16:41:59,656 - httpx - INFO - HTTP Request: POST https://api.telegram.org/bot8476521610:AAFKJ_XrFUB5-reI1OjwvQ4vAPimyVMai3I/getUpdates "HTTP/1.1 200 OK"
2025-12-24 16:42:01,327 - httpx - INFO - HTTP Request: POST https://api.telegram.org/bot8476521610:AAFKJ_XrFUB5-reI1OjwvQ4vAPimyVMai3I/getUpdates "HTTP/1.1 200 OK"
2025-12-24 16:42:01,329 - src.bot - INFO - User zotavioz (1051315576) - Action
2025-12-24 16:42:02,073 - httpx - INFO - HTTP Request: POST https://api.telegram.org/bot8476521610:AAFKJ_XrFUB5-reI1OjwvQ4vAPimyVMai3I/sendMessage "HTTP/1.1 200 OK"
2025-12-24 16:42:08,227 - httpx - INFO - HTTP Request: POST https://api.telegram.org/bot8476521610:AAFKJ_XrFUB5-reI1OjwvQ4vAPimyVMai3I/getUpdates "HTTP/1.1 200 OK"
2025-12-24 16:42:08,231 - src.bot - INFO - User zotavioz (1051315576) - Action
2025-12-24 16:42:09,343 - httpx - INFO - HTTP Request: POST https://api.telegram.org/bot8476521610:AAFKJ_XrFUB5-reI1OjwvQ4vAPimyVMai3I/sendDocument "HTTP/1.1 200 OK"
2025-12-24 16:42:18,573 - httpx - INFO - HTTP Request: POST https://api.telegram.org/bot8476521610:AAFKJ_XrFUB5-reI1OjwvQ4vAPimyVMai3I/getUpdates "HTTP/1.1 200 OK"
2025-12-24 16:42:28,771 - httpx - INFO - HTTP Request: POST https://api.telegram.org/bot8476521610:AAFKJ_XrFUB5-reI1OjwvQ4vAPimyVMai3I/getUpdates "HTTP/1.1 200 OK"
2025-12-24 16:42:38,980 - httpx - INFO - HTTP Request: POST https://api.telegram.org/bot8476521610:AAFKJ_XrFUB5-reI1OjwvQ4vAPimyVMai3I/getUpdates "HTTP/1.1 200 OK"
2025-12-24 16:42:49,188 - httpx - INFO - HTTP Request: POST https://api.telegram.org/bot8476521610:AAFKJ_XrFUB5-reI1OjwvQ4vAPimyVMai3I/getUpdates "HTTP/1.1 200 OK"
2025-12-24 16:42:59,399 - httpx - INFO - HTTP Request: POST https://api.telegram.org/bot8476521610:AAFKJ_XrFUB5-reI1OjwvQ4vAPimyVMai3I/getUpdates "HTTP/1.1 200 OK"
2025-12-24 16:43:06,623 - httpx - INFO - HTTP Request: POST https://api.telegram.org/bot8476521610:AAFKJ_XrFUB5-reI1OjwvQ4vAPimyVMai3I/getUpdates "HTTP/1.1 200 OK"
2025-12-24 16:43:06,626 - src.bot - INFO - User zotavioz (1051315576) - Action
2025-12-24 16:43:07,369 - httpx - INFO - HTTP Request: POST https://api.telegram.org/bot8476521610:AAFKJ_XrFUB5-reI1OjwvQ4vAPimyVMai3I/sendMessage "HTTP/1.1 200 OK"
2025-12-24 16:43:07,583 - httpx - INFO - HTTP Request: POST https://api.telegram.org/bot8476521610:AAFKJ_XrFUB5-reI1OjwvQ4vAPimyVMai3I/getFile "HTTP/1.1 200 OK"
2025-12-24 16:43:08,012 - httpx - INFO - HTTP Request: GET https://api.telegram.org/file/bot8476521610%3AAAFKJ_XrFUB5-reI1OjwvQ4vAPimyVMai3I/photos/file_1.jpg "HTTP/1.1 200 OK"
2025-12-24 16:43:08,962 - httpx - INFO - HTTP Request: POST https://api.telegram.org/bot8476521610:AAFKJ_XrFUB5-reI1OjwvQ4vAPimyVMai3I/sendMessage "HTTP/1.1 200 OK"
2025-12-24 16:43:14,678 - receipt.webscrapping - INFO - Scraping URL: https://portalsped.fazenda.mg.gov.br/portalnfce/sistema/qrcode.xhtml?p=31251232907983000807651030003471371304467089|2|1|1|eab3f9a7c4d6c821e950769c6b6f5e2571c19b52
2025-12-24 16:43:19,116 - httpx - INFO - HTTP Request: POST https://api.telegram.org/bot8476521610:AAFKJ_XrFUB5-reI1OjwvQ4vAPimyVMai3I/getUpdates "HTTP/1.1 200 OK"
2025-12-24 16:43:19,845 - httpx - INFO - HTTP Request: POST https://api.telegram.org/bot8476521610:AAFKJ_XrFUB5-reI1OjwvQ4vAPimyVMai3I/sendMessage "HTTP/1.1 200 OK"
2025-12-24 16:43:23,033 - httpx - INFO - HTTP Request: POST https://api.telegram.org/bot8476521610:AAFKJ_XrFUB5-reI1OjwvQ4vAPimyVMai3I/getUpdates "HTTP/1.1 200 OK"
2025-12-24 16:43:23,035 - src.bot - INFO - User zotavioz (1051315576) - Action
2025-12-24 16:43:23,384 - httpx - INFO - HTTP Request: POST https://api.telegram.org/bot8476521610:AAFKJ_XrFUB5-reI1OjwvQ4vAPimyVMai3I/answerCallbackQuery "HTTP/1.1 200 OK"
2025-12-24 16:43:23,712 - httpx - INFO - HTTP Request: POST https://api.telegram.org/bot8476521610:AAFKJ_XrFUB5-reI1OjwvQ4vAPimyVMai3I/editMessageText "HTTP/1.1 200 OK"
2025-12-24 16:43:24,459 - httpx - INFO - HTTP Request: POST https://api.telegram.org/bot8476521610:AAFKJ_XrFUB5-reI1OjwvQ4vAPimyVMai3I/getUpdates "HTTP/1.1 200 OK"
2025-12-24 16:43:24,465 - src.bot - INFO - User zotavioz (1051315576) - Action
2025-12-24 16:43:24,803 - httpx - INFO - HTTP Request: POST https://api.telegram.org/bot8476521610:AAFKJ_XrFUB5-reI1OjwvQ4vAPimyVMai3I/answerCallbackQuery "HTTP/1.1 200 OK"
2025-12-24 16:43:25,133 - httpx - INFO - HTTP Request: POST https://api.telegram.org/bot8476521610:AAFKJ_XrFUB5-reI1OjwvQ4vAPimyVMai3I/editMessageText "HTTP/1.1 200 OK"
2025-12-24 16:43:25,802 - httpx - INFO - HTTP Request: POST https://api.telegram.org/bot8476521610:AAFKJ_XrFUB5-reI1OjwvQ4vAPimyVMai3I/getUpdates "HTTP/1.1 200 OK"
2025-12-24 16:43:25,804 - src.bot - INFO - User zotavioz (1051315576) - Action
2025-12-24 16:43:26,117 - httpx - INFO - HTTP Request: POST https://api.telegram.org/bot8476521610:AAFKJ_XrFUB5-reI1OjwvQ4vAPimyVMai3I/answerCallbackQuery "HTTP/1.1 200 OK"
2025-12-24 16:43:26,440 - httpx - INFO - HTTP Request: POST https://api.telegram.org/bot8476521610:AAFKJ_XrFUB5-reI1OjwvQ4vAPimyVMai3I/editMessageText "HTTP/1.1 200 OK"
2025-12-24 16:43:28,605 - httpx - INFO - HTTP Request: POST https://api.telegram.org/bot8476521610:AAFKJ_XrFUB5-reI1OjwvQ4vAPimyVMai3I/getUpdates "HTTP/1.1 200 OK"
2025-12-24 16:43:28,607 - src.bot - INFO - User zotavioz (1051315576) - Action
2025-12-24 16:43:28,923 - httpx - INFO - HTTP Request: POST https://api.telegram.org/bot8476521610:AAFKJ_XrFUB5-reI1OjwvQ4vAPimyVMai3I/answerCallbackQuery "HTTP/1.1 200 OK"
2025-12-24 16:43:29,269 - httpx - INFO - HTTP Request: POST https://api.telegram.org/bot8476521610:AAFKJ_XrFUB5-reI1OjwvQ4vAPimyVMai3I/editMessageText "HTTP/1.1 200 OK"
2025-12-24 16:43:38,807 - httpx - INFO - HTTP Request: POST https://api.telegram.org/bot8476521610:AAFKJ_XrFUB5-reI1OjwvQ4vAPimyVMai3I/getUpdates "HTTP/1.1 200 OK"
2025-12-24 16:43:48,809 - httpx - INFO - HTTP Request: POST https://api.telegram.org/bot8476521610:AAFKJ_XrFUB5-reI1OjwvQ4vAPimyVMai3I/getUpdates "HTTP/1.1 200 OK"
2025-12-24 16:43:48,811 - src.bot - INFO - User zotavioz (1051315576) - Action
2025-12-24 16:43:49,547 - httpx - INFO - HTTP Request: POST https://api.telegram.org/bot8476521610:AAFKJ_XrFUB5-reI1OjwvQ4vAPimyVMai3I/sendMessage "HTTP/1.1 200 OK"
2025-12-24 16:43:49,746 - httpx - INFO - HTTP Request: POST https://api.telegram.org/bot8476521610:AAFKJ_XrFUB5-reI1OjwvQ4vAPimyVMai3I/getFile "HTTP/1.1 200 OK"
2025-12-24 16:43:50,731 - httpx - INFO - HTTP Request: GET https://api.telegram.org/file/bot8476521610%3AAAFKJ_XrFUB5-reI1OjwvQ4vAPimyVMai3I/photos/file_1.jpg "HTTP/1.1 200 OK"
2025-12-24 16:43:51,793 - httpx - INFO - HTTP Request: POST https://api.telegram.org/bot8476521610:AAFKJ_XrFUB5-reI1OjwvQ4vAPimyVMai3I/sendMessage "HTTP/1.1 200 OK"
2025-12-24 16:43:54,305 - receipt.webscrapping - INFO - Scraping URL: https://portalsped.fazenda.mg.gov.br/portalnfce/sistema/qrcode.xhtml?p=31251232907983000807651030003471371304467089|2|1|1|eab3f9a7c4d6c821e950769c6b6f5e2571c19b52
2025-12-24 16:43:59,006 - httpx - INFO - HTTP Request: POST https://api.telegram.org/bot8476521610:AAFKJ_XrFUB5-reI1OjwvQ4vAPimyVMai3I/getUpdates "HTTP/1.1 200 OK"
2025-12-24 16:43:59,431 - httpx - INFO - HTTP Request: POST https://api.telegram.org/bot8476521610:AAFKJ_XrFUB5-reI1OjwvQ4vAPimyVMai3I/sendMessage "HTTP/1.1 200 OK"
2025-12-24 16:44:01,158 - httpx - INFO - HTTP Request: POST https://api.telegram.org/bot8476521610:AAFKJ_XrFUB5-reI1OjwvQ4vAPimyVMai3I/getUpdates "HTTP/1.1 200 OK"
2025-12-24 16:44:01,160 - src.bot - INFO - User zotavioz (1051315576) - Action
2025-12-24 16:44:01,450 - httpx - INFO - HTTP Request: POST https://api.telegram.org/bot8476521610:AAFKJ_XrFUB5-reI1OjwvQ4vAPimyVMai3I/getUpdates "HTTP/1.1 200 OK"
2025-12-24 16:44:01,478 - httpx - INFO - HTTP Request: POST https://api.telegram.org/bot8476521610:AAFKJ_XrFUB5-reI1OjwvQ4vAPimyVMai3I/answerCallbackQuery "HTTP/1.1 200 OK"
2025-12-24 16:44:01,848 - httpx - INFO - HTTP Request: POST https://api.telegram.org/bot8476521610:AAFKJ_XrFUB5-reI1OjwvQ4vAPimyVMai3I/editMessageText "HTTP/1.1 200 OK"
2025-12-24 16:44:01,853 - src.bot - INFO - User zotavioz (1051315576) - Action
2025-12-24 16:44:02,168 - httpx - INFO - HTTP Request: POST https://api.telegram.org/bot8476521610:AAFKJ_XrFUB5-reI1OjwvQ4vAPimyVMai3I/answerCallbackQuery "HTTP/1.1 200 OK"
2025-12-24 16:44:02,492 - httpx - INFO - HTTP Request: POST https://api.telegram.org/bot8476521610:AAFKJ_XrFUB5-reI1OjwvQ4vAPimyVMai3I/editMessageText "HTTP/1.1 200 OK"
2025-12-24 16:44:06,879 - httpx - INFO - HTTP Request: POST https://api.telegram.org/bot8476521610:AAFKJ_XrFUB5-reI1OjwvQ4vAPimyVMai3I/getUpdates "HTTP/1.1 200 OK"
2025-12-24 16:44:06,881 - src.bot - INFO - User zotavioz (1051315576) - Action
2025-12-24 16:44:07,211 - httpx - INFO - HTTP Request: POST https://api.telegram.org/bot8476521610:AAFKJ_XrFUB5-reI1OjwvQ4vAPimyVMai3I/answerCallbackQuery "HTTP/1.1 200 OK"
2025-12-24 16:44:07,532 - httpx - INFO - HTTP Request: POST https://api.telegram.org/bot8476521610:AAFKJ_XrFUB5-reI1OjwvQ4vAPimyVMai3I/editMessageText "HTTP/1.1 200 OK"
2025-12-24 16:44:08,081 - httpx - INFO - HTTP Request: POST https://api.telegram.org/bot8476521610:AAFKJ_XrFUB5-reI1OjwvQ4vAPimyVMai3I/getUpdates "HTTP/1.1 200 OK"
2025-12-24 16:44:08,083 - src.bot - INFO - User zotavioz (1051315576) - Action
2025-12-24 16:44:08,395 - httpx - INFO - HTTP Request: POST https://api.telegram.org/bot8476521610:AAFKJ_XrFUB5-reI1OjwvQ4vAPimyVMai3I/answerCallbackQuery "HTTP/1.1 200 OK"
2025-12-24 16:44:08,726 - httpx - INFO - HTTP Request: POST https://api.telegram.org/bot8476521610:AAFKJ_XrFUB5-reI1OjwvQ4vAPimyVMai3I/editMessageText "HTTP/1.1 200 OK"
2025-12-24 16:44:09,119 - httpx - INFO - HTTP Request: POST https://api.telegram.org/bot8476521610:AAFKJ_XrFUB5-reI1OjwvQ4vAPimyVMai3I/getUpdates "HTTP/1.1 200 OK"
2025-12-24 16:44:09,121 - src.bot - INFO - User zotavioz (1051315576) - Action
2025-12-24 16:44:09,450 - httpx - INFO - HTTP Request: POST https://api.telegram.org/bot8476521610:AAFKJ_XrFUB5-reI1OjwvQ4vAPimyVMai3I/answerCallbackQuery "HTTP/1.1 200 OK"
2025-12-24 16:44:09,783 - httpx - INFO - HTTP Request: POST https://api.telegram.org/bot8476521610:AAFKJ_XrFUB5-reI1OjwvQ4vAPimyVMai3I/editMessageText "HTTP/1.1 200 OK"
2025-12-24 16:44:10,400 - httpx - INFO - HTTP Request: POST https://api.telegram.org/bot8476521610:AAFKJ_XrFUB5-reI1OjwvQ4vAPimyVMai3I/getUpdates "HTTP/1.1 200 OK"
2025-12-24 16:44:10,403 - src.bot - INFO - User zotavioz (1051315576) - Action
2025-12-24 16:44:10,715 - httpx - INFO - HTTP Request: POST https://api.telegram.org/bot8476521610:AAFKJ_XrFUB5-reI1OjwvQ4vAPimyVMai3I/answerCallbackQuery "HTTP/1.1 200 OK"
2025-12-24 16:44:11,039 - httpx - INFO - HTTP Request: POST https://api.telegram.org/bot8476521610:AAFKJ_XrFUB5-reI1OjwvQ4vAPimyVMai3I/editMessageText "HTTP/1.1 200 OK"
2025-12-24 16:44:20,600 - httpx - INFO - HTTP Request: POST https://api.telegram.org/bot8476521610:AAFKJ_XrFUB5-reI1OjwvQ4vAPimyVMai3I/getUpdates "HTTP/1.1 200 OK"
2025-12-24 16:44:30,803 - httpx - INFO - HTTP Request: POST https://api.telegram.org/bot8476521610:AAFKJ_XrFUB5-reI1OjwvQ4vAPimyVMai3I/getUpdates "HTTP/1.1 200 OK"
2025-12-24 16:44:37,815 - httpx - INFO - HTTP Request: POST https://api.telegram.org/bot8476521610:AAFKJ_XrFUB5-reI1OjwvQ4vAPimyVMai3I/getUpdates "HTTP/1.1 200 OK"
2025-12-24 16:44:37,817 - src.bot - INFO - User zotavioz (1051315576) - Action
2025-12-24 16:44:38,540 - httpx - INFO - HTTP Request: POST https://api.telegram.org/bot8476521610:AAFKJ_XrFUB5-reI1OjwvQ4vAPimyVMai3I/sendMessage "HTTP/1.1 200 OK"
2025-12-24 16:44:48,022 - httpx - INFO - HTTP Request: POST https://api.telegram.org/bot8476521610:AAFKJ_XrFUB5-reI1OjwvQ4vAPimyVMai3I/getUpdates "HTTP/1.1 200 OK"
2025-12-24 16:44:54,787 - httpx - INFO - HTTP Request: POST https://api.telegram.org/bot8476521610:AAFKJ_XrFUB5-reI1OjwvQ4vAPimyVMai3I/getUpdates "HTTP/1.1 200 OK"
2025-12-24 16:45:04,990 - httpx - INFO - HTTP Request: POST https://api.telegram.org/bot8476521610:AAFKJ_XrFUB5-reI1OjwvQ4vAPimyVMai3I/getUpdates "HTTP/1.1 200 OK"
2025-12-24 16:45:15,189 - httpx - INFO - HTTP Request: POST https://api.telegram.org/bot8476521610:AAFKJ_XrFUB5-reI1OjwvQ4vAPimyVMai3I/getUpdates "HTTP/1.1 200 OK"
2025-12-24 16:45:25,401 - httpx - INFO - HTTP Request: POST https://api.telegram.org/bot8476521610:AAFKJ_XrFUB5-reI1OjwvQ4vAPimyVMai3I/getUpdates "HTTP/1.1 200 OK"
2025-12-24 16:45:35,610 - httpx - INFO - HTTP Request: POST https://api.telegram.org/bot8476521610:AAFKJ_XrFUB5-reI1OjwvQ4vAPimyVMai3I/getUpdates "HTTP/1.1 200 OK"
2025-12-24 16:45:45,823 - httpx - INFO - HTTP Request: POST https://api.telegram.org/bot8476521610:AAFKJ_XrFUB5-reI1OjwvQ4vAPimyVMai3I/getUpdates "HTTP/1.1 200 OK"
2025-12-24 16:45:56,035 - httpx - INFO - HTTP Request: POST https://api.telegram.org/bot8476521610:AAFKJ_XrFUB5-reI1OjwvQ4vAPimyVMai3I/getUpdates "HTTP/1.1 200 OK"
2025-12-24 16:46:06,244 - httpx - INFO - HTTP Request: POST https://api.telegram.org/bot8476521610:AAFKJ_XrFUB5-reI1OjwvQ4vAPimyVMai3I/getUpdates "HTTP/1.1 200 OK"
2025-12-24 16:46:16,449 - httpx - INFO - HTTP Request: POST https://api.telegram.org/bot8476521610:AAFKJ_XrFUB5-reI1OjwvQ4vAPimyVMai3I/getUpdates "HTTP/1.1 200 OK"
2025-12-24 16:46:26,658 - httpx - INFO - HTTP Request: POST https://api.telegram.org/bot8476521610:AAFKJ_XrFUB5-reI1OjwvQ4vAPimyVMai3I/getUpdates "HTTP/1.1 200 OK"
2025-12-24 16:46:36,863 - httpx - INFO - HTTP Request: POST https://api.telegram.org/bot8476521610:AAFKJ_XrFUB5-reI1OjwvQ4vAPimyVMai3I/getUpdates "HTTP/1.1 200 OK"
2025-12-24 16:46:47,067 - httpx - INFO - HTTP Request: POST https://api.telegram.org/bot8476521610:AAFKJ_XrFUB5-reI1OjwvQ4vAPimyVMai3I/getUpdates "HTTP/1.1 200 OK"
2025-12-24 16:46:57,268 - httpx - INFO - HTTP Request: POST https://api.telegram.org/bot8476521610:AAFKJ_XrFUB5-reI1OjwvQ4vAPimyVMai3I/getUpdates "HTTP/1.1 200 OK"
2025-12-24 16:47:07,473 - httpx - INFO - HTTP Request: POST https://api.telegram.org/bot8476521610:AAFKJ_XrFUB5-reI1OjwvQ4vAPimyVMai3I/getUpdates "HTTP/1.1 200 OK"
2025-12-24 16:47:17,678 - httpx - INFO - HTTP Request: POST https://api.telegram.org/bot8476521610:AAFKJ_XrFUB5-reI1OjwvQ4vAPimyVMai3I/getUpdates "HTTP/1.1 200 OK"
2025-12-24 16:47:27,881 - httpx - INFO - HTTP Request: POST https://api.telegram.org/bot8476521610:AAFKJ_XrFUB5-reI1OjwvQ4vAPimyVMai3I/getUpdates "HTTP/1.1 200 OK"
2025-12-24 16:47:38,084 - httpx - INFO - HTTP Request: POST https://api.telegram.org/bot8476521610:AAFKJ_XrFUB5-reI1OjwvQ4vAPimyVMai3I/getUpdates "HTTP/1.1 200 OK"
2025-12-24 16:47:48,285 - httpx - INFO - HTTP Request: POST https://api.telegram.org/bot8476521610:AAFKJ_XrFUB5-reI1OjwvQ4vAPimyVMai3I/getUpdates "HTTP/1.1 200 OK"
2025-12-24 16:47:58,492 - httpx - INFO - HTTP Request: POST https://api.telegram.org/bot8476521610:AAFKJ_XrFUB5-reI1OjwvQ4vAPimyVMai3I/getUpdates "HTTP/1.1 200 OK"
2025-12-24 16:48:08,706 - httpx - INFO - HTTP Request: POST https://api.telegram.org/bot8476521610:AAFKJ_XrFUB5-reI1OjwvQ4vAPimyVMai3I/getUpdates "HTTP/1.1 200 OK"
2025-12-24 16:48:18,918 - httpx - INFO - HTTP Request: POST https://api.telegram.org/bot8476521610:AAFKJ_XrFUB5-reI1OjwvQ4vAPimyVMai3I/getUpdates "HTTP/1.1 200 OK"
2025-12-24 16:48:29,132 - httpx - INFO - HTTP Request: POST https://api.telegram.org/bot8476521610:AAFKJ_XrFUB5-reI1OjwvQ4vAPimyVMai3I/getUpdates "HTTP/1.1 200 OK"
2025-12-24 16:48:39,333 - httpx - INFO - HTTP Request: POST https://api.telegram.org/bot8476521610:AAFKJ_XrFUB5-reI1OjwvQ4vAPimyVMai3I/getUpdates "HTTP/1.1 200 OK"
2025-12-24 16:48:49,540 - httpx - INFO - HTTP Request: POST https://api.telegram.org/bot8476521610:AAFKJ_XrFUB5-reI1OjwvQ4vAPimyVMai3I/getUpdates "HTTP/1.1 200 OK"
2025-12-24 16:48:59,742 - httpx - INFO - HTTP Request: POST https://api.telegram.org/bot8476521610:AAFKJ_XrFUB5-reI1OjwvQ4vAPimyVMai3I/getUpdates "HTTP/1.1 200 OK"
2025-12-24 16:49:09,955 - httpx - INFO - HTTP Request: POST https://api.telegram.org/bot8476521610:AAFKJ_XrFUB5-reI1OjwvQ4vAPimyVMai3I/getUpdates "HTTP/1.1 200 OK"
2025-12-24 16:49:20,174 - httpx - INFO - HTTP Request: POST https://api.telegram.org/bot8476521610:AAFKJ_XrFUB5-reI1OjwvQ4vAPimyVMai3I/getUpdates "HTTP/1.1 200 OK"
2025-12-24 16:49:30,409 - httpx - INFO - HTTP Request: POST https://api.telegram.org/bot8476521610:AAFKJ_XrFUB5-reI1OjwvQ4vAPimyVMai3I/getUpdates "HTTP/1.1 200 OK"
2025-12-24 16:49:40,618 - httpx - INFO - HTTP Request: POST https://api.telegram.org/bot8476521610:AAFKJ_XrFUB5-reI1OjwvQ4vAPimyVMai3I/getUpdates "HTTP/1.1 200 OK"
2025-12-24 16:49:50,832 - httpx - INFO - HTTP Request: POST https://api.telegram.org/bot8476521610:AAFKJ_XrFUB5-reI1OjwvQ4vAPimyVMai3I/getUpdates "HTTP/1.1 200 OK"
2025-12-24 16:50:01,036 - httpx - INFO - HTTP Request: POST https://api.telegram.org/bot8476521610:AAFKJ_XrFUB5-reI1OjwvQ4vAPimyVMai3I/getUpdates "HTTP/1.1 200 OK"
2025-12-24 16:50:11,238 - httpx - INFO - HTTP Request: POST https://api.telegram.org/bot8476521610:AAFKJ_XrFUB5-reI1OjwvQ4vAPimyVMai3I/getUpdates "HTTP/1.1 200 OK"
2025-12-24 16:50:21,445 - httpx - INFO - HTTP Request: POST https://api.telegram.org/bot8476521610:AAFKJ_XrFUB5-reI1OjwvQ4vAPimyVMai3I/getUpdates "HTTP/1.1 200 OK"
2025-12-24 16:50:31,645 - httpx - INFO - HTTP Request: POST https://api.telegram.org/bot8476521610:AAFKJ_XrFUB5-reI1OjwvQ4vAPimyVMai3I/getUpdates "HTTP/1.1 200 OK"
2025-12-24 16:50:41,894 - httpx - INFO - HTTP Request: POST https://api.telegram.org/bot8476521610:AAFKJ_XrFUB5-reI1OjwvQ4vAPimyVMai3I/getUpdates "HTTP/1.1 200 OK"
2025-12-24 16:50:52,101 - httpx - INFO - HTTP Request: POST https://api.telegram.org/bot8476521610:AAFKJ_XrFUB5-reI1OjwvQ4vAPimyVMai3I/getUpdates "HTTP/1.1 200 OK"
2025-12-24 16:51:02,311 - httpx - INFO - HTTP Request: POST https://api.telegram.org/bot8476521610:AAFKJ_XrFUB5-reI1OjwvQ4vAPimyVMai3I/getUpdates "HTTP/1.1 200 OK"
2025-12-24 16:51:12,513 - httpx - INFO - HTTP Request: POST https://api.telegram.org/bot8476521610:AAFKJ_XrFUB5-reI1OjwvQ4vAPimyVMai3I/getUpdates "HTTP/1.1 200 OK"
2025-12-24 16:51:22,716 - httpx - INFO - HTTP Request: POST https://api.telegram.org/bot8476521610:AAFKJ_XrFUB5-reI1OjwvQ4vAPimyVMai3I/getUpdates "HTTP/1.1 200 OK"
2025-12-24 16:51:32,931 - httpx - INFO - HTTP Request: POST https://api.telegram.org/bot8476521610:AAFKJ_XrFUB5-reI1OjwvQ4vAPimyVMai3I/getUpdates "HTTP/1.1 200 OK"
2025-12-24 16:51:43,136 - httpx - INFO - HTTP Request: POST https://api.telegram.org/bot8476521610:AAFKJ_XrFUB5-reI1OjwvQ4vAPimyVMai3I/getUpdates "HTTP/1.1 200 OK"
2025-12-24 16:51:53,338 - httpx - INFO - HTTP Request: POST https://api.telegram.org/bot8476521610:AAFKJ_XrFUB5-reI1OjwvQ4vAPimyVMai3I/getUpdates "HTTP/1.1 200 OK"
2025-12-24 16:52:03,539 - httpx - INFO - HTTP Request: POST https://api.telegram.org/bot8476521610:AAFKJ_XrFUB5-reI1OjwvQ4vAPimyVMai3I/getUpdates "HTTP/1.1 200 OK"
2025-12-24 16:52:13,755 - httpx - INFO - HTTP Request: POST https://api.telegram.org/bot8476521610:AAFKJ_XrFUB5-reI1OjwvQ4vAPimyVMai3I/getUpdates "HTTP/1.1 200 OK"
2025-12-24 16:52:23,960 - httpx - INFO - HTTP Request: POST https://api.telegram.org/bot8476521610:AAFKJ_XrFUB5-reI1OjwvQ4vAPimyVMai3I/getUpdates "HTTP/1.1 200 OK"
2025-12-24 16:52:34,164 - httpx - INFO - HTTP Request: POST https://api.telegram.org/bot8476521610:AAFKJ_XrFUB5-reI1OjwvQ4vAPimyVMai3I/getUpdates "HTTP/1.1 200 OK"
2025-12-24 16:52:44,384 - httpx - INFO - HTTP Request: POST https://api.telegram.org/bot8476521610:AAFKJ_XrFUB5-reI1OjwvQ4vAPimyVMai3I/getUpdates "HTTP/1.1 200 OK"
2025-12-24 16:52:54,588 - httpx - INFO - HTTP Request: POST https://api.telegram.org/bot8476521610:AAFKJ_XrFUB5-reI1OjwvQ4vAPimyVMai3I/getUpdates "HTTP/1.1 200 OK"
2025-12-24 16:53:04,791 - httpx - INFO - HTTP Request: POST https://api.telegram.org/bot8476521610:AAFKJ_XrFUB5-reI1OjwvQ4vAPimyVMai3I/getUpdates "HTTP/1.1 200 OK"
2025-12-24 16:53:14,993 - httpx - INFO - HTTP Request: POST https://api.telegram.org/bot8476521610:AAFKJ_XrFUB5-reI1OjwvQ4vAPimyVMai3I/getUpdates "HTTP/1.1 200 OK"
2025-12-24 16:53:25,196 - httpx - INFO - HTTP Request: POST https://api.telegram.org/bot8476521610:AAFKJ_XrFUB5-reI1OjwvQ4vAPimyVMai3I/getUpdates "HTTP/1.1 200 OK"
2025-12-24 16:53:35,400 - httpx - INFO - HTTP Request: POST https://api.telegram.org/bot8476521610:AAFKJ_XrFUB5-reI1OjwvQ4vAPimyVMai3I/getUpdates "HTTP/1.1 200 OK"
2025-12-24 16:53:45,613 - httpx - INFO - HTTP Request: POST https://api.telegram.org/bot8476521610:AAFKJ_XrFUB5-reI1OjwvQ4vAPimyVMai3I/getUpdates "HTTP/1.1 200 OK"
2025-12-24 16:53:55,821 - httpx - INFO - HTTP Request: POST https://api.telegram.org/bot8476521610:AAFKJ_XrFUB5-reI1OjwvQ4vAPimyVMai3I/getUpdates "HTTP/1.1 200 OK"
2025-12-24 16:54:06,024 - httpx - INFO - HTTP Request: POST https://api.telegram.org/bot8476521610:AAFKJ_XrFUB5-reI1OjwvQ4vAPimyVMai3I/getUpdates "HTTP/1.1 200 OK"
2025-12-24 16:54:16,225 - httpx - INFO - HTTP Request: POST https://api.telegram.org/bot8476521610:AAFKJ_XrFUB5-reI1OjwvQ4vAPimyVMai3I/getUpdates "HTTP/1.1 200 OK"
2025-12-24 16:54:26,433 - httpx - INFO - HTTP Request: POST https://api.telegram.org/bot8476521610:AAFKJ_XrFUB5-reI1OjwvQ4vAPimyVMai3I/getUpdates "HTTP/1.1 200 OK"
2025-12-24 16:54:36,644 - httpx - INFO - HTTP Request: POST https://api.telegram.org/bot8476521610:AAFKJ_XrFUB5-reI1OjwvQ4vAPimyVMai3I/getUpdates "HTTP/1.1 200 OK"
2025-12-24 16:54:46,851 - httpx - INFO - HTTP Request: POST https://api.telegram.org/bot8476521610:AAFKJ_XrFUB5-reI1OjwvQ4vAPimyVMai3I/getUpdates "HTTP/1.1 200 OK"
2025-12-24 16:54:57,068 - httpx - INFO - HTTP Request: POST https://api.telegram.org/bot8476521610:AAFKJ_XrFUB5-reI1OjwvQ4vAPimyVMai3I/getUpdates "HTTP/1.1 200 OK"
2025-12-24 16:55:07,272 - httpx - INFO - HTTP Request: POST https://api.telegram.org/bot8476521610:AAFKJ_XrFUB5-reI1OjwvQ4vAPimyVMai3I/getUpdates "HTTP/1.1 200 OK"
2025-12-24 16:55:17,477 - httpx - INFO - HTTP Request: POST https://api.telegram.org/bot8476521610:AAFKJ_XrFUB5-reI1OjwvQ4vAPimyVMai3I/getUpdates "HTTP/1.1 200 OK"
2025-12-24 16:55:27,685 - httpx - INFO - HTTP Request: POST https://api.telegram.org/bot8476521610:AAFKJ_XrFUB5-reI1OjwvQ4vAPimyVMai3I/getUpdates "HTTP/1.1 200 OK"
2025-12-24 16:55:37,895 - httpx - INFO - HTTP Request: POST https://api.telegram.org/bot8476521610:AAFKJ_XrFUB5-reI1OjwvQ4vAPimyVMai3I/getUpdates "HTTP/1.1 200 OK"
2025-12-24 16:55:48,099 - httpx - INFO - HTTP Request: POST https://api.telegram.org/bot8476521610:AAFKJ_XrFUB5-reI1OjwvQ4vAPimyVMai3I/getUpdates "HTTP/1.1 200 OK"
2025-12-24 16:55:58,302 - httpx - INFO - HTTP Request: POST https://api.telegram.org/bot8476521610:AAFKJ_XrFUB5-reI1OjwvQ4vAPimyVMai3I/getUpdates "HTTP/1.1 200 OK"
2025-12-24 16:56:08,501 - httpx - INFO - HTTP Request: POST https://api.telegram.org/bot8476521610:AAFKJ_XrFUB5-reI1OjwvQ4vAPimyVMai3I/getUpdates "HTTP/1.1 200 OK"
2025-12-24 16:56:18,710 - httpx - INFO - HTTP Request: POST https://api.telegram.org/bot8476521610:AAFKJ_XrFUB5-reI1OjwvQ4vAPimyVMai3I/getUpdates "HTTP/1.1 200 OK"
2025-12-24 16:56:28,931 - httpx - INFO - HTTP Request: POST https://api.telegram.org/bot8476521610:AAFKJ_XrFUB5-reI1OjwvQ4vAPimyVMai3I/getUpdates "HTTP/1.1 200 OK"
2025-12-24 16:56:39,135 - httpx - INFO - HTTP Request: POST https://api.telegram.org/bot8476521610:AAFKJ_XrFUB5-reI1OjwvQ4vAPimyVMai3I/getUpdates "HTTP/1.1 200 OK"
2025-12-24 16:56:49,343 - httpx - INFO - HTTP Request: POST https://api.telegram.org/bot8476521610:AAFKJ_XrFUB5-reI1OjwvQ4vAPimyVMai3I/getUpdates "HTTP/1.1 200 OK"
2025-12-24 16:56:59,958 - httpx - INFO - HTTP Request: POST https://api.telegram.org/bot8476521610:AAFKJ_XrFUB5-reI1OjwvQ4vAPimyVMai3I/getUpdates "HTTP/1.1 200 OK"
2025-12-24 16:57:10,157 - httpx - INFO - HTTP Request: POST https://api.telegram.org/bot8476521610:AAFKJ_XrFUB5-reI1OjwvQ4vAPimyVMai3I/getUpdates "HTTP/1.1 200 OK"
2025-12-24 16:57:20,356 - httpx - INFO - HTTP Request: POST https://api.telegram.org/bot8476521610:AAFKJ_XrFUB5-reI1OjwvQ4vAPimyVMai3I/getUpdates "HTTP/1.1 200 OK"
2025-12-24 16:57:30,556 - httpx - INFO - HTTP Request: POST https://api.telegram.org/bot8476521610:AAFKJ_XrFUB5-reI1OjwvQ4vAPimyVMai3I/getUpdates "HTTP/1.1 200 OK"
2025-12-24 16:57:40,759 - httpx - INFO - HTTP Request: POST https://api.telegram.org/bot8476521610:AAFKJ_XrFUB5-reI1OjwvQ4vAPimyVMai3I/getUpdates "HTTP/1.1 200 OK"
2025-12-24 16:57:50,974 - httpx - INFO - HTTP Request: POST https://api.telegram.org/bot8476521610:AAFKJ_XrFUB5-reI1OjwvQ4vAPimyVMai3I/getUpdates "HTTP/1.1 200 OK"
2025-12-24 16:58:01,171 - httpx - INFO - HTTP Request: POST https://api.telegram.org/bot8476521610:AAFKJ_XrFUB5-reI1OjwvQ4vAPimyVMai3I/getUpdates "HTTP/1.1 200 OK"
2025-12-24 16:58:11,370 - httpx - INFO - HTTP Request: POST https://api.telegram.org/bot8476521610:AAFKJ_XrFUB5-reI1OjwvQ4vAPimyVMai3I/getUpdates "HTTP/1.1 200 OK"
2025-12-24 16:58:21,581 - httpx - INFO - HTTP Request: POST https://api.telegram.org/bot8476521610:AAFKJ_XrFUB5-reI1OjwvQ4vAPimyVMai3I/getUpdates "HTTP/1.1 200 OK"
2025-12-24 16:58:31,775 - httpx - INFO - HTTP Request: POST https://api.telegram.org/bot8476521610:AAFKJ_XrFUB5-reI1OjwvQ4vAPimyVMai3I/getUpdates "HTTP/1.1 200 OK"
2025-12-24 16:58:41,970 - httpx - INFO - HTTP Request: POST https://api.telegram.org/bot8476521610:AAFKJ_XrFUB5-reI1OjwvQ4vAPimyVMai3I/getUpdates "HTTP/1.1 200 OK"
2025-12-24 16:58:52,165 - httpx - INFO - HTTP Request: POST https://api.telegram.org/bot8476521610:AAFKJ_XrFUB5-reI1OjwvQ4vAPimyVMai3I/getUpdates "HTTP/1.1 200 OK"
2025-12-24 16:59:02,361 - httpx - INFO - HTTP Request: POST https://api.telegram.org/bot8476521610:AAFKJ_XrFUB5-reI1OjwvQ4vAPimyVMai3I/getUpdates "HTTP/1.1 200 OK"
2025-12-24 16:59:12,568 - httpx - INFO - HTTP Request: POST https://api.telegram.org/bot8476521610:AAFKJ_XrFUB5-reI1OjwvQ4vAPimyVMai3I/getUpdates "HTTP/1.1 200 OK"
2025-12-24 16:59:22,768 - httpx - INFO - HTTP Request: POST https://api.telegram.org/bot8476521610:AAFKJ_XrFUB5-reI1OjwvQ4vAPimyVMai3I/getUpdates "HTTP/1.1 200 OK"
2025-12-24 16:59:32,969 - httpx - INFO - HTTP Request: POST https://api.telegram.org/bot8476521610:AAFKJ_XrFUB5-reI1OjwvQ4vAPimyVMai3I/getUpdates "HTTP/1.1 200 OK"
2025-12-24 16:59:43,169 - httpx - INFO - HTTP Request: POST https://api.telegram.org/bot8476521610:AAFKJ_XrFUB5-reI1OjwvQ4vAPimyVMai3I/getUpdates "HTTP/1.1 200 OK"
2025-12-24 16:59:53,365 - httpx - INFO - HTTP Request: POST https://api.telegram.org/bot8476521610:AAFKJ_XrFUB5-reI1OjwvQ4vAPimyVMai3I/getUpdates "HTTP/1.1 200 OK"
2025-12-24 17:00:03,633 - httpx - INFO - HTTP Request: POST https://api.telegram.org/bot8476521610:AAFKJ_XrFUB5-reI1OjwvQ4vAPimyVMai3I/getUpdates "HTTP/1.1 200 OK"
2025-12-24 17:00:13,839 - httpx - INFO - HTTP Request: POST https://api.telegram.org/bot8476521610:AAFKJ_XrFUB5-reI1OjwvQ4vAPimyVMai3I/getUpdates "HTTP/1.1 200 OK"
2025-12-24 17:00:24,038 - httpx - INFO - HTTP Request: POST https://api.telegram.org/bot8476521610:AAFKJ_XrFUB5-reI1OjwvQ4vAPimyVMai3I/getUpdates "HTTP/1.1 200 OK"
2025-12-24 17:00:34,233 - httpx - INFO - HTTP Request: POST https://api.telegram.org/bot8476521610:AAFKJ_XrFUB5-reI1OjwvQ4vAPimyVMai3I/getUpdates "HTTP/1.1 200 OK"
2025-12-24 17:00:44,434 - httpx - INFO - HTTP Request: POST https://api.telegram.org/bot8476521610:AAFKJ_XrFUB5-reI1OjwvQ4vAPimyVMai3I/getUpdates "HTTP/1.1 200 OK"
2025-12-24 17:00:54,632 - httpx - INFO - HTTP Request: POST https://api.telegram.org/bot8476521610:AAFKJ_XrFUB5-reI1OjwvQ4vAPimyVMai3I/getUpdates "HTTP/1.1 200 OK"
2025-12-24 17:01:04,826 - httpx - INFO - HTTP Request: POST https://api.telegram.org/bot8476521610:AAFKJ_XrFUB5-reI1OjwvQ4vAPimyVMai3I/getUpdates "HTTP/1.1 200 OK"
2025-12-24 17:01:15,019 - httpx - INFO - HTTP Request: POST https://api.telegram.org/bot8476521610:AAFKJ_XrFUB5-reI1OjwvQ4vAPimyVMai3I/getUpdates "HTTP/1.1 200 OK"
2025-12-24 17:01:25,215 - httpx - INFO - HTTP Request: POST https://api.telegram.org/bot8476521610:AAFKJ_XrFUB5-reI1OjwvQ4vAPimyVMai3I/getUpdates "HTTP/1.1 200 OK"
2025-12-24 17:01:35,413 - httpx - INFO - HTTP Request: POST https://api.telegram.org/bot8476521610:AAFKJ_XrFUB5-reI1OjwvQ4vAPimyVMai3I/getUpdates "HTTP/1.1 200 OK"
2025-12-24 17:01:45,607 - httpx - INFO - HTTP Request: POST https://api.telegram.org/bot8476521610:AAFKJ_XrFUB5-reI1OjwvQ4vAPimyVMai3I/getUpdates "HTTP/1.1 200 OK"
2025-12-24 17:01:55,803 - httpx - INFO - HTTP Request: POST https://api.telegram.org/bot8476521610:AAFKJ_XrFUB5-reI1OjwvQ4vAPimyVMai3I/getUpdates "HTTP/1.1 200 OK"
2025-12-24 17:02:06,001 - httpx - INFO - HTTP Request: POST https://api.telegram.org/bot8476521610:AAFKJ_XrFUB5-reI1OjwvQ4vAPimyVMai3I/getUpdates "HTTP/1.1 200 OK"
2025-12-24 17:02:16,196 - httpx - INFO - HTTP Request: POST https://api.telegram.org/bot8476521610:AAFKJ_XrFUB5-reI1OjwvQ4vAPimyVMai3I/getUpdates "HTTP/1.1 200 OK"
2025-12-24 17:02:26,390 - httpx - INFO - HTTP Request: POST https://api.telegram.org/bot8476521610:AAFKJ_XrFUB5-reI1OjwvQ4vAPimyVMai3I/getUpdates "HTTP/1.1 200 OK"
2025-12-24 17:02:36,585 - httpx - INFO - HTTP Request: POST https://api.telegram.org/bot8476521610:AAFKJ_XrFUB5-reI1OjwvQ4vAPimyVMai3I/getUpdates "HTTP/1.1 200 OK"
2025-12-24 17:02:46,784 - httpx - INFO - HTTP Request: POST https://api.telegram.org/bot8476521610:AAFKJ_XrFUB5-reI1OjwvQ4vAPimyVMai3I/getUpdates "HTTP/1.1 200 OK"
2025-12-24 17:02:56,981 - httpx - INFO - HTTP Request: POST https://api.telegram.org/bot8476521610:AAFKJ_XrFUB5-reI1OjwvQ4vAPimyVMai3I/getUpdates "HTTP/1.1 200 OK"
2025-12-24 17:03:07,177 - httpx - INFO - HTTP Request: POST https://api.telegram.org/bot8476521610:AAFKJ_XrFUB5-reI1OjwvQ4vAPimyVMai3I/getUpdates "HTTP/1.1 200 OK"
2025-12-24 17:03:17,370 - httpx - INFO - HTTP Request: POST https://api.telegram.org/bot8476521610:AAFKJ_XrFUB5-reI1OjwvQ4vAPimyVMai3I/getUpdates "HTTP/1.1 200 OK"
2025-12-24 17:03:27,564 - httpx - INFO - HTTP Request: POST https://api.telegram.org/bot8476521610:AAFKJ_XrFUB5-reI1OjwvQ4vAPimyVMai3I/getUpdates "HTTP/1.1 200 OK"
2025-12-24 17:03:37,764 - httpx - INFO - HTTP Request: POST https://api.telegram.org/bot8476521610:AAFKJ_XrFUB5-reI1OjwvQ4vAPimyVMai3I/getUpdates "HTTP/1.1 200 OK"
2025-12-24 17:03:47,962 - httpx - INFO - HTTP Request: POST https://api.telegram.org/bot8476521610:AAFKJ_XrFUB5-reI1OjwvQ4vAPimyVMai3I/getUpdates "HTTP/1.1 200 OK"
2025-12-24 17:03:58,157 - httpx - INFO - HTTP Request: POST https://api.telegram.org/bot8476521610:AAFKJ_XrFUB5-reI1OjwvQ4vAPimyVMai3I/getUpdates "HTTP/1.1 200 OK"
2025-12-24 17:04:08,353 - httpx - INFO - HTTP Request: POST https://api.telegram.org/bot8476521610:AAFKJ_XrFUB5-reI1OjwvQ4vAPimyVMai3I/getUpdates "HTTP/1.1 200 OK"
2025-12-24 17:04:18,549 - httpx - INFO - HTTP Request: POST https://api.telegram.org/bot8476521610:AAFKJ_XrFUB5-reI1OjwvQ4vAPimyVMai3I/getUpdates "HTTP/1.1 200 OK"
2025-12-24 17:04:28,747 - httpx - INFO - HTTP Request: POST https://api.telegram.org/bot8476521610:AAFKJ_XrFUB5-reI1OjwvQ4vAPimyVMai3I/getUpdates "HTTP/1.1 200 OK"
2025-12-24 17:04:38,942 - httpx - INFO - HTTP Request: POST https://api.telegram.org/bot8476521610:AAFKJ_XrFUB5-reI1OjwvQ4vAPimyVMai3I/getUpdates "HTTP/1.1 200 OK"
2025-12-24 17:04:49,146 - httpx - INFO - HTTP Request: POST https://api.telegram.org/bot8476521610:AAFKJ_XrFUB5-reI1OjwvQ4vAPimyVMai3I/getUpdates "HTTP/1.1 200 OK"
2025-12-24 17:04:59,340 - httpx - INFO - HTTP Request: POST https://api.telegram.org/bot8476521610:AAFKJ_XrFUB5-reI1OjwvQ4vAPimyVMai3I/getUpdates "HTTP/1.1 200 OK"
2025-12-24 17:05:09,536 - httpx - INFO - HTTP Request: POST https://api.telegram.org/bot8476521610:AAFKJ_XrFUB5-reI1OjwvQ4vAPimyVMai3I/getUpdates "HTTP/1.1 200 OK"
2025-12-24 17:05:19,730 - httpx - INFO - HTTP Request: POST https://api.telegram.org/bot8476521610:AAFKJ_XrFUB5-reI1OjwvQ4vAPimyVMai3I/getUpdates "HTTP/1.1 200 OK"
2025-12-24 17:05:29,928 - httpx - INFO - HTTP Request: POST https://api.telegram.org/bot8476521610:AAFKJ_XrFUB5-reI1OjwvQ4vAPimyVMai3I/getUpdates "HTTP/1.1 200 OK"
2025-12-24 17:05:40,121 - httpx - INFO - HTTP Request: POST https://api.telegram.org/bot8476521610:AAFKJ_XrFUB5-reI1OjwvQ4vAPimyVMai3I/getUpdates "HTTP/1.1 200 OK"
2025-12-24 17:05:50,316 - httpx - INFO - HTTP Request: POST https://api.telegram.org/bot8476521610:AAFKJ_XrFUB5-reI1OjwvQ4vAPimyVMai3I/getUpdates "HTTP/1.1 200 OK"
2025-12-24 17:06:00,511 - httpx - INFO - HTTP Request: POST https://api.telegram.org/bot8476521610:AAFKJ_XrFUB5-reI1OjwvQ4vAPimyVMai3I/getUpdates "HTTP/1.1 200 OK"
2025-12-24 17:06:10,706 - httpx - INFO - HTTP Request: POST https://api.telegram.org/bot8476521610:AAFKJ_XrFUB5-reI1OjwvQ4vAPimyVMai3I/getUpdates "HTTP/1.1 200 OK"
2025-12-24 17:06:20,900 - httpx - INFO - HTTP Request: POST https://api.telegram.org/bot8476521610:AAFKJ_XrFUB5-reI1OjwvQ4vAPimyVMai3I/getUpdates "HTTP/1.1 200 OK"
2025-12-24 17:06:31,095 - httpx - INFO - HTTP Request: POST https://api.telegram.org/bot8476521610:AAFKJ_XrFUB5-reI1OjwvQ4vAPimyVMai3I/getUpdates "HTTP/1.1 200 OK"
2025-12-24 17:06:41,289 - httpx - INFO - HTTP Request: POST https://api.telegram.org/bot8476521610:AAFKJ_XrFUB5-reI1OjwvQ4vAPimyVMai3I/getUpdates "HTTP/1.1 200 OK"
2025-12-24 17:06:51,487 - httpx - INFO - HTTP Request: POST https://api.telegram.org/bot8476521610:AAFKJ_XrFUB5-reI1OjwvQ4vAPimyVMai3I/getUpdates "HTTP/1.1 200 OK"
2025-12-24 17:07:01,685 - httpx - INFO - HTTP Request: POST https://api.telegram.org/bot8476521610:AAFKJ_XrFUB5-reI1OjwvQ4vAPimyVMai3I/getUpdates "HTTP/1.1 200 OK"
2025-12-24 17:07:11,879 - httpx - INFO - HTTP Request: POST https://api.telegram.org/bot8476521610:AAFKJ_XrFUB5-reI1OjwvQ4vAPimyVMai3I/getUpdates "HTTP/1.1 200 OK"
2025-12-24 17:07:22,073 - httpx - INFO - HTTP Request: POST https://api.telegram.org/bot8476521610:AAFKJ_XrFUB5-reI1OjwvQ4vAPimyVMai3I/getUpdates "HTTP/1.1 200 OK"
2025-12-24 17:07:32,267 - httpx - INFO - HTTP Request: POST https://api.telegram.org/bot8476521610:AAFKJ_XrFUB5-reI1OjwvQ4vAPimyVMai3I/getUpdates "HTTP/1.1 200 OK"
2025-12-24 17:07:42,461 - httpx - INFO - HTTP Request: POST https://api.telegram.org/bot8476521610:AAFKJ_XrFUB5-reI1OjwvQ4vAPimyVMai3I/getUpdates "HTTP/1.1 200 OK"
2025-12-24 17:07:52,655 - httpx - INFO - HTTP Request: POST https://api.telegram.org/bot8476521610:AAFKJ_XrFUB5-reI1OjwvQ4vAPimyVMai3I/getUpdates "HTTP/1.1 200 OK"
2025-12-24 17:08:02,849 - httpx - INFO - HTTP Request: POST https://api.telegram.org/bot8476521610:AAFKJ_XrFUB5-reI1OjwvQ4vAPimyVMai3I/getUpdates "HTTP/1.1 200 OK"
2025-12-24 17:08:13,043 - httpx - INFO - HTTP Request: POST https://api.telegram.org/bot8476521610:AAFKJ_XrFUB5-reI1OjwvQ4vAPimyVMai3I/getUpdates "HTTP/1.1 200 OK"
2025-12-24 17:08:23,238 - httpx - INFO - HTTP Request: POST https://api.telegram.org/bot8476521610:AAFKJ_XrFUB5-reI1OjwvQ4vAPimyVMai3I/getUpdates "HTTP/1.1 200 OK"
2025-12-24 17:08:33,432 - httpx - INFO - HTTP Request: POST https://api.telegram.org/bot8476521610:AAFKJ_XrFUB5-reI1OjwvQ4vAPimyVMai3I/getUpdates "HTTP/1.1 200 OK"
2025-12-24 17:08:43,626 - httpx - INFO - HTTP Request: POST https://api.telegram.org/bot8476521610:AAFKJ_XrFUB5-reI1OjwvQ4vAPimyVMai3I/getUpdates "HTTP/1.1 200 OK"
2025-12-24 17:08:53,821 - httpx - INFO - HTTP Request: POST https://api.telegram.org/bot8476521610:AAFKJ_XrFUB5-reI1OjwvQ4vAPimyVMai3I/getUpdates "HTTP/1.1 200 OK"
2025-12-24 17:09:04,016 - httpx - INFO - HTTP Request: POST https://api.telegram.org/bot8476521610:AAFKJ_XrFUB5-reI1OjwvQ4vAPimyVMai3I/getUpdates "HTTP/1.1 200 OK"
2025-12-24 17:09:14,210 - httpx - INFO - HTTP Request: POST https://api.telegram.org/bot8476521610:AAFKJ_XrFUB5-reI1OjwvQ4vAPimyVMai3I/getUpdates "HTTP/1.1 200 OK"
2025-12-24 17:09:24,406 - httpx - INFO - HTTP Request: POST https://api.telegram.org/bot8476521610:AAFKJ_XrFUB5-reI1OjwvQ4vAPimyVMai3I/getUpdates "HTTP/1.1 200 OK"
2025-12-24 17:09:34,599 - httpx - INFO - HTTP Request: POST https://api.telegram.org/bot8476521610:AAFKJ_XrFUB5-reI1OjwvQ4vAPimyVMai3I/getUpdates "HTTP/1.1 200 OK"
2025-12-24 17:09:44,795 - httpx - INFO - HTTP Request: POST https://api.telegram.org/bot8476521610:AAFKJ_XrFUB5-reI1OjwvQ4vAPimyVMai3I/getUpdates "HTTP/1.1 200 OK"
2025-12-24 17:09:54,990 - httpx - INFO - HTTP Request: POST https://api.telegram.org/bot8476521610:AAFKJ_XrFUB5-reI1OjwvQ4vAPimyVMai3I/getUpdates "HTTP/1.1 200 OK"
2025-12-24 17:10:05,184 - httpx - INFO - HTTP Request: POST https://api.telegram.org/bot8476521610:AAFKJ_XrFUB5-reI1OjwvQ4vAPimyVMai3I/getUpdates "HTTP/1.1 200 OK"
2025-12-24 17:10:15,378 - httpx - INFO - HTTP Request: POST https://api.telegram.org/bot8476521610:AAFKJ_XrFUB5-reI1OjwvQ4vAPimyVMai3I/getUpdates "HTTP/1.1 200 OK"
2025-12-24 17:10:25,571 - httpx - INFO - HTTP Request: POST https://api.telegram.org/bot8476521610:AAFKJ_XrFUB5-reI1OjwvQ4vAPimyVMai3I/getUpdates "HTTP/1.1 200 OK"
2025-12-24 17:10:35,765 - httpx - INFO - HTTP Request: POST https://api.telegram.org/bot8476521610:AAFKJ_XrFUB5-reI1OjwvQ4vAPimyVMai3I/getUpdates "HTTP/1.1 200 OK"
2025-12-24 17:10:45,962 - httpx - INFO - HTTP Request: POST https://api.telegram.org/bot8476521610:AAFKJ_XrFUB5-reI1OjwvQ4vAPimyVMai3I/getUpdates "HTTP/1.1 200 OK"
2025-12-24 17:10:56,156 - httpx - INFO - HTTP Request: POST https://api.telegram.org/bot8476521610:AAFKJ_XrFUB5-reI1OjwvQ4vAPimyVMai3I/getUpdates "HTTP/1.1 200 OK"
2025-12-24 17:11:06,350 - httpx - INFO - HTTP Request: POST https://api.telegram.org/bot8476521610:AAFKJ_XrFUB5-reI1OjwvQ4vAPimyVMai3I/getUpdates "HTTP/1.1 200 OK"
2025-12-24 17:11:16,545 - httpx - INFO - HTTP Request: POST https://api.telegram.org/bot8476521610:AAFKJ_XrFUB5-reI1OjwvQ4vAPimyVMai3I/getUpdates "HTTP/1.1 200 OK"
2025-12-24 17:11:26,740 - httpx - INFO - HTTP Request: POST https://api.telegram.org/bot8476521610:AAFKJ_XrFUB5-reI1OjwvQ4vAPimyVMai3I/getUpdates "HTTP/1.1 200 OK"
2025-12-24 17:11:36,934 - httpx - INFO - HTTP Request: POST https://api.telegram.org/bot8476521610:AAFKJ_XrFUB5-reI1OjwvQ4vAPimyVMai3I/getUpdates "HTTP/1.1 200 OK"
2025-12-24 17:11:47,127 - httpx - INFO - HTTP Request: POST https://api.telegram.org/bot8476521610:AAFKJ_XrFUB5-reI1OjwvQ4vAPimyVMai3I/getUpdates "HTTP/1.1 200 OK"
2025-12-24 17:11:57,324 - httpx - INFO - HTTP Request: POST https://api.telegram.org/bot8476521610:AAFKJ_XrFUB5-reI1OjwvQ4vAPimyVMai3I/getUpdates "HTTP/1.1 200 OK"
2025-12-24 17:12:07,525 - httpx - INFO - HTTP Request: POST https://api.telegram.org/bot8476521610:AAFKJ_XrFUB5-reI1OjwvQ4vAPimyVMai3I/getUpdates "HTTP/1.1 200 OK"
2025-12-24 17:12:17,726 - httpx - INFO - HTTP Request: POST https://api.telegram.org/bot8476521610:AAFKJ_XrFUB5-reI1OjwvQ4vAPimyVMai3I/getUpdates "HTTP/1.1 200 OK"
2025-12-24 17:12:27,929 - httpx - INFO - HTTP Request: POST https://api.telegram.org/bot8476521610:AAFKJ_XrFUB5-reI1OjwvQ4vAPimyVMai3I/getUpdates "HTTP/1.1 200 OK"
2025-12-24 17:12:38,130 - httpx - INFO - HTTP Request: POST https://api.telegram.org/bot8476521610:AAFKJ_XrFUB5-reI1OjwvQ4vAPimyVMai3I/getUpdates "HTTP/1.1 200 OK"
2025-12-24 17:12:48,328 - httpx - INFO - HTTP Request: POST https://api.telegram.org/bot8476521610:AAFKJ_XrFUB5-reI1OjwvQ4vAPimyVMai3I/getUpdates "HTTP/1.1 200 OK"
2025-12-24 17:12:58,526 - httpx - INFO - HTTP Request: POST https://api.telegram.org/bot8476521610:AAFKJ_XrFUB5-reI1OjwvQ4vAPimyVMai3I/getUpdates "HTTP/1.1 200 OK"
2025-12-24 17:13:08,728 - httpx - INFO - HTTP Request: POST https://api.telegram.org/bot8476521610:AAFKJ_XrFUB5-reI1OjwvQ4vAPimyVMai3I/getUpdates "HTTP/1.1 200 OK"
2025-12-24 17:13:18,928 - httpx - INFO - HTTP Request: POST https://api.telegram.org/bot8476521610:AAFKJ_XrFUB5-reI1OjwvQ4vAPimyVMai3I/getUpdates "HTTP/1.1 200 OK"
2025-12-24 17:13:29,128 - httpx - INFO - HTTP Request: POST https://api.telegram.org/bot8476521610:AAFKJ_XrFUB5-reI1OjwvQ4vAPimyVMai3I/getUpdates "HTTP/1.1 200 OK"
2025-12-24 17:13:39,343 - httpx - INFO - HTTP Request: POST https://api.telegram.org/bot8476521610:AAFKJ_XrFUB5-reI1OjwvQ4vAPimyVMai3I/getUpdates "HTTP/1.1 200 OK"
2025-12-24 17:13:49,545 - httpx - INFO - HTTP Request: POST https://api.telegram.org/bot8476521610:AAFKJ_XrFUB5-reI1OjwvQ4vAPimyVMai3I/getUpdates "HTTP/1.1 200 OK"
2025-12-24 17:14:00,156 - httpx - INFO - HTTP Request: POST https://api.telegram.org/bot8476521610:AAFKJ_XrFUB5-reI1OjwvQ4vAPimyVMai3I/getUpdates "HTTP/1.1 200 OK"
2025-12-24 17:14:10,776 - httpx - INFO - HTTP Request: POST https://api.telegram.org/bot8476521610:AAFKJ_XrFUB5-reI1OjwvQ4vAPimyVMai3I/getUpdates "HTTP/1.1 200 OK"
2025-12-24 17:14:20,981 - httpx - INFO - HTTP Request: POST https://api.telegram.org/bot8476521610:AAFKJ_XrFUB5-reI1OjwvQ4vAPimyVMai3I/getUpdates "HTTP/1.1 200 OK"
2025-12-24 17:14:31,184 - httpx - INFO - HTTP Request: POST https://api.telegram.org/bot8476521610:AAFKJ_XrFUB5-reI1OjwvQ4vAPimyVMai3I/getUpdates "HTTP/1.1 200 OK"
2025-12-24 17:14:41,388 - httpx - INFO - HTTP Request: POST https://api.telegram.org/bot8476521610:AAFKJ_XrFUB5-reI1OjwvQ4vAPimyVMai3I/getUpdates "HTTP/1.1 200 OK"
2025-12-24 17:14:51,593 - httpx - INFO - HTTP Request: POST https://api.telegram.org/bot8476521610:AAFKJ_XrFUB5-reI1OjwvQ4vAPimyVMai3I/getUpdates "HTTP/1.1 200 OK"
2025-12-24 17:15:01,795 - httpx - INFO - HTTP Request: POST https://api.telegram.org/bot8476521610:AAFKJ_XrFUB5-reI1OjwvQ4vAPimyVMai3I/getUpdates "HTTP/1.1 200 OK"
2025-12-24 17:15:11,998 - httpx - INFO - HTTP Request: POST https://api.telegram.org/bot8476521610:AAFKJ_XrFUB5-reI1OjwvQ4vAPimyVMai3I/getUpdates "HTTP/1.1 200 OK"
2025-12-24 17:15:22,204 - httpx - INFO - HTTP Request: POST https://api.telegram.org/bot8476521610:AAFKJ_XrFUB5-reI1OjwvQ4vAPimyVMai3I/getUpdates "HTTP/1.1 200 OK"
2025-12-24 17:15:32,412 - httpx - INFO - HTTP Request: POST https://api.telegram.org/bot8476521610:AAFKJ_XrFUB5-reI1OjwvQ4vAPimyVMai3I/getUpdates "HTTP/1.1 200 OK"
2025-12-24 17:15:42,616 - httpx - INFO - HTTP Request: POST https://api.telegram.org/bot8476521610:AAFKJ_XrFUB5-reI1OjwvQ4vAPimyVMai3I/getUpdates "HTTP/1.1 200 OK"
2025-12-24 17:15:52,817 - httpx - INFO - HTTP Request: POST https://api.telegram.org/bot8476521610:AAFKJ_XrFUB5-reI1OjwvQ4vAPimyVMai3I/getUpdates "HTTP/1.1 200 OK"
2025-12-24 17:16:03,019 - httpx - INFO - HTTP Request: POST https://api.telegram.org/bot8476521610:AAFKJ_XrFUB5-reI1OjwvQ4vAPimyVMai3I/getUpdates "HTTP/1.1 200 OK"
2025-12-24 17:16:13,531 - httpx - INFO - HTTP Request: POST https://api.telegram.org/bot8476521610:AAFKJ_XrFUB5-reI1OjwvQ4vAPimyVMai3I/getUpdates "HTTP/1.1 200 OK"
2025-12-24 17:16:23,737 - httpx - INFO - HTTP Request: POST https://api.telegram.org/bot8476521610:AAFKJ_XrFUB5-reI1OjwvQ4vAPimyVMai3I/getUpdates "HTTP/1.1 200 OK"
2025-12-24 17:16:33,941 - httpx - INFO - HTTP Request: POST https://api.telegram.org/bot8476521610:AAFKJ_XrFUB5-reI1OjwvQ4vAPimyVMai3I/getUpdates "HTTP/1.1 200 OK"
2025-12-24 17:16:44,148 - httpx - INFO - HTTP Request: POST https://api.telegram.org/bot8476521610:AAFKJ_XrFUB5-reI1OjwvQ4vAPimyVMai3I/getUpdates "HTTP/1.1 200 OK"
2025-12-24 17:16:54,352 - httpx - INFO - HTTP Request: POST https://api.telegram.org/bot8476521610:AAFKJ_XrFUB5-reI1OjwvQ4vAPimyVMai3I/getUpdates "HTTP/1.1 200 OK"
2025-12-24 17:17:04,555 - httpx - INFO - HTTP Request: POST https://api.telegram.org/bot8476521610:AAFKJ_XrFUB5-reI1OjwvQ4vAPimyVMai3I/getUpdates "HTTP/1.1 200 OK"
2025-12-24 17:17:14,763 - httpx - INFO - HTTP Request: POST https://api.telegram.org/bot8476521610:AAFKJ_XrFUB5-reI1OjwvQ4vAPimyVMai3I/getUpdates "HTTP/1.1 200 OK"
2025-12-24 17:17:24,968 - httpx - INFO - HTTP Request: POST https://api.telegram.org/bot8476521610:AAFKJ_XrFUB5-reI1OjwvQ4vAPimyVMai3I/getUpdates "HTTP/1.1 200 OK"
2025-12-24 17:17:35,487 - httpx - INFO - HTTP Request: POST https://api.telegram.org/bot8476521610:AAFKJ_XrFUB5-reI1OjwvQ4vAPimyVMai3I/getUpdates "HTTP/1.1 200 OK"
2025-12-24 17:17:45,686 - httpx - INFO - HTTP Request: POST https://api.telegram.org/bot8476521610:AAFKJ_XrFUB5-reI1OjwvQ4vAPimyVMai3I/getUpdates "HTTP/1.1 200 OK"
2025-12-24 17:17:55,893 - httpx - INFO - HTTP Request: POST https://api.telegram.org/bot8476521610:AAFKJ_XrFUB5-reI1OjwvQ4vAPimyVMai3I/getUpdates "HTTP/1.1 200 OK"
2025-12-24 17:18:06,097 - httpx - INFO - HTTP Request: POST https://api.telegram.org/bot8476521610:AAFKJ_XrFUB5-reI1OjwvQ4vAPimyVMai3I/getUpdates "HTTP/1.1 200 OK"
2025-12-24 17:18:16,613 - httpx - INFO - HTTP Request: POST https://api.telegram.org/bot8476521610:AAFKJ_XrFUB5-reI1OjwvQ4vAPimyVMai3I/getUpdates "HTTP/1.1 200 OK"
2025-12-24 17:18:26,814 - httpx - INFO - HTTP Request: POST https://api.telegram.org/bot8476521610:AAFKJ_XrFUB5-reI1OjwvQ4vAPimyVMai3I/getUpdates "HTTP/1.1 200 OK"
2025-12-24 17:18:37,017 - httpx - INFO - HTTP Request: POST https://api.telegram.org/bot8476521610:AAFKJ_XrFUB5-reI1OjwvQ4vAPimyVMai3I/getUpdates "HTTP/1.1 200 OK"
2025-12-24 17:18:47,222 - httpx - INFO - HTTP Request: POST https://api.telegram.org/bot8476521610:AAFKJ_XrFUB5-reI1OjwvQ4vAPimyVMai3I/getUpdates "HTTP/1.1 200 OK"
2025-12-24 17:18:57,429 - httpx - INFO - HTTP Request: POST https://api.telegram.org/bot8476521610:AAFKJ_XrFUB5-reI1OjwvQ4vAPimyVMai3I/getUpdates "HTTP/1.1 200 OK"
2025-12-24 17:19:07,656 - httpx - INFO - HTTP Request: POST https://api.telegram.org/bot8476521610:AAFKJ_XrFUB5-reI1OjwvQ4vAPimyVMai3I/getUpdates "HTTP/1.1 200 OK"
2025-12-24 17:19:17,856 - httpx - INFO - HTTP Request: POST https://api.telegram.org/bot8476521610:AAFKJ_XrFUB5-reI1OjwvQ4vAPimyVMai3I/getUpdates "HTTP/1.1 200 OK"
2025-12-24 17:19:28,549 - httpx - INFO - HTTP Request: POST https://api.telegram.org/bot8476521610:AAFKJ_XrFUB5-reI1OjwvQ4vAPimyVMai3I/getUpdates "HTTP/1.1 200 OK"
2025-12-24 17:19:38,752 - httpx - INFO - HTTP Request: POST https://api.telegram.org/bot8476521610:AAFKJ_XrFUB5-reI1OjwvQ4vAPimyVMai3I/getUpdates "HTTP/1.1 200 OK"
2025-12-24 17:19:48,954 - httpx - INFO - HTTP Request: POST https://api.telegram.org/bot8476521610:AAFKJ_XrFUB5-reI1OjwvQ4vAPimyVMai3I/getUpdates "HTTP/1.1 200 OK"
2025-12-24 17:19:59,159 - httpx - INFO - HTTP Request: POST https://api.telegram.org/bot8476521610:AAFKJ_XrFUB5-reI1OjwvQ4vAPimyVMai3I/getUpdates "HTTP/1.1 200 OK"
2025-12-24 17:20:09,364 - httpx - INFO - HTTP Request: POST https://api.telegram.org/bot8476521610:AAFKJ_XrFUB5-reI1OjwvQ4vAPimyVMai3I/getUpdates "HTTP/1.1 200 OK"
2025-12-24 17:20:19,565 - httpx - INFO - HTTP Request: POST https://api.telegram.org/bot8476521610:AAFKJ_XrFUB5-reI1OjwvQ4vAPimyVMai3I/getUpdates "HTTP/1.1 200 OK"
2025-12-24 17:20:29,764 - httpx - INFO - HTTP Request: POST https://api.telegram.org/bot8476521610:AAFKJ_XrFUB5-reI1OjwvQ4vAPimyVMai3I/getUpdates "HTTP/1.1 200 OK"
2025-12-24 17:20:39,962 - httpx - INFO - HTTP Request: POST https://api.telegram.org/bot8476521610:AAFKJ_XrFUB5-reI1OjwvQ4vAPimyVMai3I/getUpdates "HTTP/1.1 200 OK"
2025-12-24 17:20:50,165 - httpx - INFO - HTTP Request: POST https://api.telegram.org/bot8476521610:AAFKJ_XrFUB5-reI1OjwvQ4vAPimyVMai3I/getUpdates "HTTP/1.1 200 OK"
2025-12-24 17:21:00,367 - httpx - INFO - HTTP Request: POST https://api.telegram.org/bot8476521610:AAFKJ_XrFUB5-reI1OjwvQ4vAPimyVMai3I/getUpdates "HTTP/1.1 200 OK"
2025-12-24 17:21:10,880 - httpx - INFO - HTTP Request: POST https://api.telegram.org/bot8476521610:AAFKJ_XrFUB5-reI1OjwvQ4vAPimyVMai3I/getUpdates "HTTP/1.1 200 OK"
2025-12-24 17:21:21,083 - httpx - INFO - HTTP Request: POST https://api.telegram.org/bot8476521610:AAFKJ_XrFUB5-reI1OjwvQ4vAPimyVMai3I/getUpdates "HTTP/1.1 200 OK"
2025-12-24 17:21:31,282 - httpx - INFO - HTTP Request: POST https://api.telegram.org/bot8476521610:AAFKJ_XrFUB5-reI1OjwvQ4vAPimyVMai3I/getUpdates "HTTP/1.1 200 OK"
2025-12-24 17:21:41,484 - httpx - INFO - HTTP Request: POST https://api.telegram.org/bot8476521610:AAFKJ_XrFUB5-reI1OjwvQ4vAPimyVMai3I/getUpdates "HTTP/1.1 200 OK"
2025-12-24 17:21:51,695 - httpx - INFO - HTTP Request: POST https://api.telegram.org/bot8476521610:AAFKJ_XrFUB5-reI1OjwvQ4vAPimyVMai3I/getUpdates "HTTP/1.1 200 OK"
2025-12-24 17:22:01,898 - httpx - INFO - HTTP Request: POST https://api.telegram.org/bot8476521610:AAFKJ_XrFUB5-reI1OjwvQ4vAPimyVMai3I/getUpdates "HTTP/1.1 200 OK"
2025-12-24 17:22:12,415 - httpx - INFO - HTTP Request: POST https://api.telegram.org/bot8476521610:AAFKJ_XrFUB5-reI1OjwvQ4vAPimyVMai3I/getUpdates "HTTP/1.1 200 OK"
2025-12-24 17:22:22,617 - httpx - INFO - HTTP Request: POST https://api.telegram.org/bot8476521610:AAFKJ_XrFUB5-reI1OjwvQ4vAPimyVMai3I/getUpdates "HTTP/1.1 200 OK"
2025-12-24 17:22:33,320 - httpx - INFO - HTTP Request: POST https://api.telegram.org/bot8476521610:AAFKJ_XrFUB5-reI1OjwvQ4vAPimyVMai3I/getUpdates "HTTP/1.1 200 OK"
2025-12-24 17:22:43,521 - httpx - INFO - HTTP Request: POST https://api.telegram.org/bot8476521610:AAFKJ_XrFUB5-reI1OjwvQ4vAPimyVMai3I/getUpdates "HTTP/1.1 200 OK"
2025-12-24 17:22:53,726 - httpx - INFO - HTTP Request: POST https://api.telegram.org/bot8476521610:AAFKJ_XrFUB5-reI1OjwvQ4vAPimyVMai3I/getUpdates "HTTP/1.1 200 OK"
2025-12-24 17:23:03,931 - httpx - INFO - HTTP Request: POST https://api.telegram.org/bot8476521610:AAFKJ_XrFUB5-reI1OjwvQ4vAPimyVMai3I/getUpdates "HTTP/1.1 200 OK"
2025-12-24 17:23:14,138 - httpx - INFO - HTTP Request: POST https://api.telegram.org/bot8476521610:AAFKJ_XrFUB5-reI1OjwvQ4vAPimyVMai3I/getUpdates "HTTP/1.1 200 OK"
2025-12-24 17:23:24,344 - httpx - INFO - HTTP Request: POST https://api.telegram.org/bot8476521610:AAFKJ_XrFUB5-reI1OjwvQ4vAPimyVMai3I/getUpdates "HTTP/1.1 200 OK"
2025-12-24 17:23:34,548 - httpx - INFO - HTTP Request: POST https://api.telegram.org/bot8476521610:AAFKJ_XrFUB5-reI1OjwvQ4vAPimyVMai3I/getUpdates "HTTP/1.1 200 OK"
2025-12-24 17:23:44,751 - httpx - INFO - HTTP Request: POST https://api.telegram.org/bot8476521610:AAFKJ_XrFUB5-reI1OjwvQ4vAPimyVMai3I/getUpdates "HTTP/1.1 200 OK"
2025-12-24 17:23:54,954 - httpx - INFO - HTTP Request: POST https://api.telegram.org/bot8476521610:AAFKJ_XrFUB5-reI1OjwvQ4vAPimyVMai3I/getUpdates "HTTP/1.1 200 OK"
2025-12-24 17:24:05,169 - httpx - INFO - HTTP Request: POST https://api.telegram.org/bot8476521610:AAFKJ_XrFUB5-reI1OjwvQ4vAPimyVMai3I/getUpdates "HTTP/1.1 200 OK"
2025-12-24 17:24:15,372 - httpx - INFO - HTTP Request: POST https://api.telegram.org/bot8476521610:AAFKJ_XrFUB5-reI1OjwvQ4vAPimyVMai3I/getUpdates "HTTP/1.1 200 OK"
2025-12-24 17:24:25,575 - httpx - INFO - HTTP Request: POST https://api.telegram.org/bot8476521610:AAFKJ_XrFUB5-reI1OjwvQ4vAPimyVMai3I/getUpdates "HTTP/1.1 200 OK"
2025-12-24 17:24:35,778 - httpx - INFO - HTTP Request: POST https://api.telegram.org/bot8476521610:AAFKJ_XrFUB5-reI1OjwvQ4vAPimyVMai3I/getUpdates "HTTP/1.1 200 OK"
2025-12-24 17:24:45,984 - httpx - INFO - HTTP Request: POST https://api.telegram.org/bot8476521610:AAFKJ_XrFUB5-reI1OjwvQ4vAPimyVMai3I/getUpdates "HTTP/1.1 200 OK"
2025-12-24 17:24:56,695 - httpx - INFO - HTTP Request: POST https://api.telegram.org/bot8476521610:AAFKJ_XrFUB5-reI1OjwvQ4vAPimyVMai3I/getUpdates "HTTP/1.1 200 OK"
2025-12-24 17:25:06,900 - httpx - INFO - HTTP Request: POST https://api.telegram.org/bot8476521610:AAFKJ_XrFUB5-reI1OjwvQ4vAPimyVMai3I/getUpdates "HTTP/1.1 200 OK"
2025-12-24 17:25:17,107 - httpx - INFO - HTTP Request: POST https://api.telegram.org/bot8476521610:AAFKJ_XrFUB5-reI1OjwvQ4vAPimyVMai3I/getUpdates "HTTP/1.1 200 OK"
2025-12-24 17:25:27,609 - httpx - INFO - HTTP Request: POST https://api.telegram.org/bot8476521610:AAFKJ_XrFUB5-reI1OjwvQ4vAPimyVMai3I/getUpdates "HTTP/1.1 200 OK"
2025-12-24 17:25:38,124 - httpx - INFO - HTTP Request: POST https://api.telegram.org/bot8476521610:AAFKJ_XrFUB5-reI1OjwvQ4vAPimyVMai3I/getUpdates "HTTP/1.1 200 OK"
2025-12-24 17:25:48,327 - httpx - INFO - HTTP Request: POST https://api.telegram.org/bot8476521610:AAFKJ_XrFUB5-reI1OjwvQ4vAPimyVMai3I/getUpdates "HTTP/1.1 200 OK"
2025-12-24 17:25:58,529 - httpx - INFO - HTTP Request: POST https://api.telegram.org/bot8476521610:AAFKJ_XrFUB5-reI1OjwvQ4vAPimyVMai3I/getUpdates "HTTP/1.1 200 OK"
2025-12-24 17:26:08,733 - httpx - INFO - HTTP Request: POST https://api.telegram.org/bot8476521610:AAFKJ_XrFUB5-reI1OjwvQ4vAPimyVMai3I/getUpdates "HTTP/1.1 200 OK"
2025-12-24 17:26:18,943 - httpx - INFO - HTTP Request: POST https://api.telegram.org/bot8476521610:AAFKJ_XrFUB5-reI1OjwvQ4vAPimyVMai3I/getUpdates "HTTP/1.1 200 OK"
2025-12-24 17:26:29,162 - httpx - INFO - HTTP Request: POST https://api.telegram.org/bot8476521610:AAFKJ_XrFUB5-reI1OjwvQ4vAPimyVMai3I/getUpdates "HTTP/1.1 200 OK"
2025-12-24 17:26:39,365 - httpx - INFO - HTTP Request: POST https://api.telegram.org/bot8476521610:AAFKJ_XrFUB5-reI1OjwvQ4vAPimyVMai3I/getUpdates "HTTP/1.1 200 OK"
2025-12-24 17:26:49,569 - httpx - INFO - HTTP Request: POST https://api.telegram.org/bot8476521610:AAFKJ_XrFUB5-reI1OjwvQ4vAPimyVMai3I/getUpdates "HTTP/1.1 200 OK"
2025-12-24 17:26:59,773 - httpx - INFO - HTTP Request: POST https://api.telegram.org/bot8476521610:AAFKJ_XrFUB5-reI1OjwvQ4vAPimyVMai3I/getUpdates "HTTP/1.1 200 OK"
2025-12-24 17:27:09,977 - httpx - INFO - HTTP Request: POST https://api.telegram.org/bot8476521610:AAFKJ_XrFUB5-reI1OjwvQ4vAPimyVMai3I/getUpdates "HTTP/1.1 200 OK"
2025-12-24 17:27:20,174 - httpx - INFO - HTTP Request: POST https://api.telegram.org/bot8476521610:AAFKJ_XrFUB5-reI1OjwvQ4vAPimyVMai3I/getUpdates "HTTP/1.1 200 OK"
2025-12-24 17:27:30,691 - httpx - INFO - HTTP Request: POST https://api.telegram.org/bot8476521610:AAFKJ_XrFUB5-reI1OjwvQ4vAPimyVMai3I/getUpdates "HTTP/1.1 200 OK"
2025-12-24 17:27:40,893 - httpx - INFO - HTTP Request: POST https://api.telegram.org/bot8476521610:AAFKJ_XrFUB5-reI1OjwvQ4vAPimyVMai3I/getUpdates "HTTP/1.1 200 OK"
2025-12-24 17:27:51,095 - httpx - INFO - HTTP Request: POST https://api.telegram.org/bot8476521610:AAFKJ_XrFUB5-reI1OjwvQ4vAPimyVMai3I/getUpdates "HTTP/1.1 200 OK"
2025-12-24 17:28:01,299 - httpx - INFO - HTTP Request: POST https://api.telegram.org/bot8476521610:AAFKJ_XrFUB5-reI1OjwvQ4vAPimyVMai3I/getUpdates "HTTP/1.1 200 OK"
2025-12-24 17:28:11,502 - httpx - INFO - HTTP Request: POST https://api.telegram.org/bot8476521610:AAFKJ_XrFUB5-reI1OjwvQ4vAPimyVMai3I/getUpdates "HTTP/1.1 200 OK"
2025-12-24 17:28:21,705 - httpx - INFO - HTTP Request: POST https://api.telegram.org/bot8476521610:AAFKJ_XrFUB5-reI1OjwvQ4vAPimyVMai3I/getUpdates "HTTP/1.1 200 OK"
2025-12-24 17:28:31,909 - httpx - INFO - HTTP Request: POST https://api.telegram.org/bot8476521610:AAFKJ_XrFUB5-reI1OjwvQ4vAPimyVMai3I/getUpdates "HTTP/1.1 200 OK"
2025-12-24 17:28:42,111 - httpx - INFO - HTTP Request: POST https://api.telegram.org/bot8476521610:AAFKJ_XrFUB5-reI1OjwvQ4vAPimyVMai3I/getUpdates "HTTP/1.1 200 OK"
2025-12-24 17:28:52,317 - httpx - INFO - HTTP Request: POST https://api.telegram.org/bot8476521610:AAFKJ_XrFUB5-reI1OjwvQ4vAPimyVMai3I/getUpdates "HTTP/1.1 200 OK"
2025-12-24 17:29:02,527 - httpx - INFO - HTTP Request: POST https://api.telegram.org/bot8476521610:AAFKJ_XrFUB5-reI1OjwvQ4vAPimyVMai3I/getUpdates "HTTP/1.1 200 OK"
2025-12-24 17:29:13,044 - httpx - INFO - HTTP Request: POST https://api.telegram.org/bot8476521610:AAFKJ_XrFUB5-reI1OjwvQ4vAPimyVMai3I/getUpdates "HTTP/1.1 200 OK"
2025-12-24 17:29:23,251 - httpx - INFO - HTTP Request: POST https://api.telegram.org/bot8476521610:AAFKJ_XrFUB5-reI1OjwvQ4vAPimyVMai3I/getUpdates "HTTP/1.1 200 OK"
2025-12-24 17:29:33,452 - httpx - INFO - HTTP Request: POST https://api.telegram.org/bot8476521610:AAFKJ_XrFUB5-reI1OjwvQ4vAPimyVMai3I/getUpdates "HTTP/1.1 200 OK"
2025-12-24 17:29:43,657 - httpx - INFO - HTTP Request: POST https://api.telegram.org/bot8476521610:AAFKJ_XrFUB5-reI1OjwvQ4vAPimyVMai3I/getUpdates "HTTP/1.1 200 OK"
2025-12-24 17:29:53,860 - httpx - INFO - HTTP Request: POST https://api.telegram.org/bot8476521610:AAFKJ_XrFUB5-reI1OjwvQ4vAPimyVMai3I/getUpdates "HTTP/1.1 200 OK"
2025-12-24 17:30:04,064 - httpx - INFO - HTTP Request: POST https://api.telegram.org/bot8476521610:AAFKJ_XrFUB5-reI1OjwvQ4vAPimyVMai3I/getUpdates "HTTP/1.1 200 OK"
2025-12-24 17:30:14,262 - httpx - INFO - HTTP Request: POST https://api.telegram.org/bot8476521610:AAFKJ_XrFUB5-reI1OjwvQ4vAPimyVMai3I/getUpdates "HTTP/1.1 200 OK"
2025-12-24 17:30:24,467 - httpx - INFO - HTTP Request: POST https://api.telegram.org/bot8476521610:AAFKJ_XrFUB5-reI1OjwvQ4vAPimyVMai3I/getUpdates "HTTP/1.1 200 OK"
2025-12-24 17:30:34,669 - httpx - INFO - HTTP Request: POST https://api.telegram.org/bot8476521610:AAFKJ_XrFUB5-reI1OjwvQ4vAPimyVMai3I/getUpdates "HTTP/1.1 200 OK"
2025-12-24 17:30:44,875 - httpx - INFO - HTTP Request: POST https://api.telegram.org/bot8476521610:AAFKJ_XrFUB5-reI1OjwvQ4vAPimyVMai3I/getUpdates "HTTP/1.1 200 OK"
2025-12-24 17:30:55,079 - httpx - INFO - HTTP Request: POST https://api.telegram.org/bot8476521610:AAFKJ_XrFUB5-reI1OjwvQ4vAPimyVMai3I/getUpdates "HTTP/1.1 200 OK"
2025-12-24 17:31:05,728 - httpx - INFO - HTTP Request: POST https://api.telegram.org/bot8476521610:AAFKJ_XrFUB5-reI1OjwvQ4vAPimyVMai3I/getUpdates "HTTP/1.1 200 OK"
2025-12-24 17:31:15,945 - httpx - INFO - HTTP Request: POST https://api.telegram.org/bot8476521610:AAFKJ_XrFUB5-reI1OjwvQ4vAPimyVMai3I/getUpdates "HTTP/1.1 200 OK"
2025-12-24 17:31:26,165 - httpx - INFO - HTTP Request: POST https://api.telegram.org/bot8476521610:AAFKJ_XrFUB5-reI1OjwvQ4vAPimyVMai3I/getUpdates "HTTP/1.1 200 OK"
2025-12-24 17:31:36,385 - httpx - INFO - HTTP Request: POST https://api.telegram.org/bot8476521610:AAFKJ_XrFUB5-reI1OjwvQ4vAPimyVMai3I/getUpdates "HTTP/1.1 200 OK"
2025-12-24 17:31:46,618 - httpx - INFO - HTTP Request: POST https://api.telegram.org/bot8476521610:AAFKJ_XrFUB5-reI1OjwvQ4vAPimyVMai3I/getUpdates "HTTP/1.1 200 OK"
2025-12-24 17:31:56,837 - httpx - INFO - HTTP Request: POST https://api.telegram.org/bot8476521610:AAFKJ_XrFUB5-reI1OjwvQ4vAPimyVMai3I/getUpdates "HTTP/1.1 200 OK"
2025-12-24 17:32:55,516 - httpx - INFO - HTTP Request: POST https://api.telegram.org/bot8476521610:AAFKJ_XrFUB5-reI1OjwvQ4vAPimyVMai3I/getUpdates "HTTP/1.1 200 OK"
2025-12-24 17:33:05,735 - httpx - INFO - HTTP Request: POST https://api.telegram.org/bot8476521610:AAFKJ_XrFUB5-reI1OjwvQ4vAPimyVMai3I/getUpdates "HTTP/1.1 200 OK"
2025-12-24 17:33:15,928 - httpx - INFO - HTTP Request: POST https://api.telegram.org/bot8476521610:AAFKJ_XrFUB5-reI1OjwvQ4vAPimyVMai3I/getUpdates "HTTP/1.1 200 OK"
2025-12-24 17:33:26,130 - httpx - INFO - HTTP Request: POST https://api.telegram.org/bot8476521610:AAFKJ_XrFUB5-reI1OjwvQ4vAPimyVMai3I/getUpdates "HTTP/1.1 200 OK"
2025-12-24 17:33:36,332 - httpx - INFO - HTTP Request: POST https://api.telegram.org/bot8476521610:AAFKJ_XrFUB5-reI1OjwvQ4vAPimyVMai3I/getUpdates "HTTP/1.1 200 OK"
2025-12-24 17:33:46,540 - httpx - INFO - HTTP Request: POST https://api.telegram.org/bot8476521610:AAFKJ_XrFUB5-reI1OjwvQ4vAPimyVMai3I/getUpdates "HTTP/1.1 200 OK"
2025-12-24 17:33:56,739 - httpx - INFO - HTTP Request: POST https://api.telegram.org/bot8476521610:AAFKJ_XrFUB5-reI1OjwvQ4vAPimyVMai3I/getUpdates "HTTP/1.1 200 OK"
2025-12-24 17:34:06,938 - httpx - INFO - HTTP Request: POST https://api.telegram.org/bot8476521610:AAFKJ_XrFUB5-reI1OjwvQ4vAPimyVMai3I/getUpdates "HTTP/1.1 200 OK"
2025-12-24 17:34:17,137 - httpx - INFO - HTTP Request: POST https://api.telegram.org/bot8476521610:AAFKJ_XrFUB5-reI1OjwvQ4vAPimyVMai3I/getUpdates "HTTP/1.1 200 OK"
2025-12-24 17:34:27,372 - httpx - INFO - HTTP Request: POST https://api.telegram.org/bot8476521610:AAFKJ_XrFUB5-reI1OjwvQ4vAPimyVMai3I/getUpdates "HTTP/1.1 200 OK"
2025-12-24 17:34:37,572 - httpx - INFO - HTTP Request: POST https://api.telegram.org/bot8476521610:AAFKJ_XrFUB5-reI1OjwvQ4vAPimyVMai3I/getUpdates "HTTP/1.1 200 OK"
2025-12-24 17:34:47,771 - httpx - INFO - HTTP Request: POST https://api.telegram.org/bot8476521610:AAFKJ_XrFUB5-reI1OjwvQ4vAPimyVMai3I/getUpdates "HTTP/1.1 200 OK"
2025-12-24 17:34:57,970 - httpx - INFO - HTTP Request: POST https://api.telegram.org/bot8476521610:AAFKJ_XrFUB5-reI1OjwvQ4vAPimyVMai3I/getUpdates "HTTP/1.1 200 OK"
2025-12-24 17:35:08,171 - httpx - INFO - HTTP Request: POST https://api.telegram.org/bot8476521610:AAFKJ_XrFUB5-reI1OjwvQ4vAPimyVMai3I/getUpdates "HTTP/1.1 200 OK"
2025-12-24 17:35:18,380 - httpx - INFO - HTTP Request: POST https://api.telegram.org/bot8476521610:AAFKJ_XrFUB5-reI1OjwvQ4vAPimyVMai3I/getUpdates "HTTP/1.1 200 OK"
2025-12-24 17:35:28,586 - httpx - INFO - HTTP Request: POST https://api.telegram.org/bot8476521610:AAFKJ_XrFUB5-reI1OjwvQ4vAPimyVMai3I/getUpdates "HTTP/1.1 200 OK"
2025-12-24 17:35:38,789 - httpx - INFO - HTTP Request: POST https://api.telegram.org/bot8476521610:AAFKJ_XrFUB5-reI1OjwvQ4vAPimyVMai3I/getUpdates "HTTP/1.1 200 OK"
2025-12-24 17:35:48,998 - httpx - INFO - HTTP Request: POST https://api.telegram.org/bot8476521610:AAFKJ_XrFUB5-reI1OjwvQ4vAPimyVMai3I/getUpdates "HTTP/1.1 200 OK"
2025-12-24 17:35:59,197 - httpx - INFO - HTTP Request: POST https://api.telegram.org/bot8476521610:AAFKJ_XrFUB5-reI1OjwvQ4vAPimyVMai3I/getUpdates "HTTP/1.1 200 OK"
2025-12-24 17:36:09,398 - httpx - INFO - HTTP Request: POST https://api.telegram.org/bot8476521610:AAFKJ_XrFUB5-reI1OjwvQ4vAPimyVMai3I/getUpdates "HTTP/1.1 200 OK"
2025-12-24 17:36:19,600 - httpx - INFO - HTTP Request: POST https://api.telegram.org/bot8476521610:AAFKJ_XrFUB5-reI1OjwvQ4vAPimyVMai3I/getUpdates "HTTP/1.1 200 OK"
2025-12-24 17:36:29,803 - httpx - INFO - HTTP Request: POST https://api.telegram.org/bot8476521610:AAFKJ_XrFUB5-reI1OjwvQ4vAPimyVMai3I/getUpdates "HTTP/1.1 200 OK"
2025-12-24 17:36:40,005 - httpx - INFO - HTTP Request: POST https://api.telegram.org/bot8476521610:AAFKJ_XrFUB5-reI1OjwvQ4vAPimyVMai3I/getUpdates "HTTP/1.1 200 OK"
2025-12-24 17:36:50,223 - httpx - INFO - HTTP Request: POST https://api.telegram.org/bot8476521610:AAFKJ_XrFUB5-reI1OjwvQ4vAPimyVMai3I/getUpdates "HTTP/1.1 200 OK"
2025-12-24 17:37:00,425 - httpx - INFO - HTTP Request: POST https://api.telegram.org/bot8476521610:AAFKJ_XrFUB5-reI1OjwvQ4vAPimyVMai3I/getUpdates "HTTP/1.1 200 OK"
2025-12-24 17:37:10,628 - httpx - INFO - HTTP Request: POST https://api.telegram.org/bot8476521610:AAFKJ_XrFUB5-reI1OjwvQ4vAPimyVMai3I/getUpdates "HTTP/1.1 200 OK"
2025-12-24 17:37:20,830 - httpx - INFO - HTTP Request: POST https://api.telegram.org/bot8476521610:AAFKJ_XrFUB5-reI1OjwvQ4vAPimyVMai3I/getUpdates "HTTP/1.1 200 OK"
2025-12-24 17:37:31,048 - httpx - INFO - HTTP Request: POST https://api.telegram.org/bot8476521610:AAFKJ_XrFUB5-reI1OjwvQ4vAPimyVMai3I/getUpdates "HTTP/1.1 200 OK"
2025-12-24 17:37:41,240 - httpx - INFO - HTTP Request: POST https://api.telegram.org/bot8476521610:AAFKJ_XrFUB5-reI1OjwvQ4vAPimyVMai3I/getUpdates "HTTP/1.1 200 OK"
2025-12-24 17:37:51,458 - httpx - INFO - HTTP Request: POST https://api.telegram.org/bot8476521610:AAFKJ_XrFUB5-reI1OjwvQ4vAPimyVMai3I/getUpdates "HTTP/1.1 200 OK"
2025-12-24 17:38:01,661 - httpx - INFO - HTTP Request: POST https://api.telegram.org/bot8476521610:AAFKJ_XrFUB5-reI1OjwvQ4vAPimyVMai3I/getUpdates "HTTP/1.1 200 OK"
2025-12-24 17:38:11,863 - httpx - INFO - HTTP Request: POST https://api.telegram.org/bot8476521610:AAFKJ_XrFUB5-reI1OjwvQ4vAPimyVMai3I/getUpdates "HTTP/1.1 200 OK"
2025-12-24 17:38:22,065 - httpx - INFO - HTTP Request: POST https://api.telegram.org/bot8476521610:AAFKJ_XrFUB5-reI1OjwvQ4vAPimyVMai3I/getUpdates "HTTP/1.1 200 OK"
2025-12-24 17:38:32,268 - httpx - INFO - HTTP Request: POST https://api.telegram.org/bot8476521610:AAFKJ_XrFUB5-reI1OjwvQ4vAPimyVMai3I/getUpdates "HTTP/1.1 200 OK"
2025-12-24 17:38:42,474 - httpx - INFO - HTTP Request: POST https://api.telegram.org/bot8476521610:AAFKJ_XrFUB5-reI1OjwvQ4vAPimyVMai3I/getUpdates "HTTP/1.1 200 OK"
2025-12-24 17:38:52,676 - httpx - INFO - HTTP Request: POST https://api.telegram.org/bot8476521610:AAFKJ_XrFUB5-reI1OjwvQ4vAPimyVMai3I/getUpdates "HTTP/1.1 200 OK"
2025-12-24 17:39:02,878 - httpx - INFO - HTTP Request: POST https://api.telegram.org/bot8476521610:AAFKJ_XrFUB5-reI1OjwvQ4vAPimyVMai3I/getUpdates "HTTP/1.1 200 OK"
2025-12-24 17:39:13,096 - httpx - INFO - HTTP Request: POST https://api.telegram.org/bot8476521610:AAFKJ_XrFUB5-reI1OjwvQ4vAPimyVMai3I/getUpdates "HTTP/1.1 200 OK"
2025-12-24 17:39:23,299 - httpx - INFO - HTTP Request: POST https://api.telegram.org/bot8476521610:AAFKJ_XrFUB5-reI1OjwvQ4vAPimyVMai3I/getUpdates "HTTP/1.1 200 OK"
2025-12-24 17:39:33,505 - httpx - INFO - HTTP Request: POST https://api.telegram.org/bot8476521610:AAFKJ_XrFUB5-reI1OjwvQ4vAPimyVMai3I/getUpdates "HTTP/1.1 200 OK"
2025-12-24 17:39:43,707 - httpx - INFO - HTTP Request: POST https://api.telegram.org/bot8476521610:AAFKJ_XrFUB5-reI1OjwvQ4vAPimyVMai3I/getUpdates "HTTP/1.1 200 OK"
2025-12-24 17:39:53,909 - httpx - INFO - HTTP Request: POST https://api.telegram.org/bot8476521610:AAFKJ_XrFUB5-reI1OjwvQ4vAPimyVMai3I/getUpdates "HTTP/1.1 200 OK"
2025-12-24 17:40:04,125 - httpx - INFO - HTTP Request: POST https://api.telegram.org/bot8476521610:AAFKJ_XrFUB5-reI1OjwvQ4vAPimyVMai3I/getUpdates "HTTP/1.1 200 OK"
2025-12-24 17:40:14,328 - httpx - INFO - HTTP Request: POST https://api.telegram.org/bot8476521610:AAFKJ_XrFUB5-reI1OjwvQ4vAPimyVMai3I/getUpdates "HTTP/1.1 200 OK"
2025-12-24 17:40:24,529 - httpx - INFO - HTTP Request: POST https://api.telegram.org/bot8476521610:AAFKJ_XrFUB5-reI1OjwvQ4vAPimyVMai3I/getUpdates "HTTP/1.1 200 OK"
2025-12-24 17:40:34,725 - httpx - INFO - HTTP Request: POST https://api.telegram.org/bot8476521610:AAFKJ_XrFUB5-reI1OjwvQ4vAPimyVMai3I/getUpdates "HTTP/1.1 200 OK"
2025-12-24 17:40:44,935 - httpx - INFO - HTTP Request: POST https://api.telegram.org/bot8476521610:AAFKJ_XrFUB5-reI1OjwvQ4vAPimyVMai3I/getUpdates "HTTP/1.1 200 OK"
2025-12-24 17:40:55,138 - httpx - INFO - HTTP Request: POST https://api.telegram.org/bot8476521610:AAFKJ_XrFUB5-reI1OjwvQ4vAPimyVMai3I/getUpdates "HTTP/1.1 200 OK"
2025-12-24 17:41:05,324 - httpx - INFO - HTTP Request: POST https://api.telegram.org/bot8476521610:AAFKJ_XrFUB5-reI1OjwvQ4vAPimyVMai3I/getUpdates "HTTP/1.1 200 OK"
2025-12-24 17:41:15,527 - httpx - INFO - HTTP Request: POST https://api.telegram.org/bot8476521610:AAFKJ_XrFUB5-reI1OjwvQ4vAPimyVMai3I/getUpdates "HTTP/1.1 200 OK"
2025-12-24 17:41:25,730 - httpx - INFO - HTTP Request: POST https://api.telegram.org/bot8476521610:AAFKJ_XrFUB5-reI1OjwvQ4vAPimyVMai3I/getUpdates "HTTP/1.1 200 OK"
2025-12-24 17:41:35,937 - httpx - INFO - HTTP Request: POST https://api.telegram.org/bot8476521610:AAFKJ_XrFUB5-reI1OjwvQ4vAPimyVMai3I/getUpdates "HTTP/1.1 200 OK"
2025-12-24 17:41:46,135 - httpx - INFO - HTTP Request: POST https://api.telegram.org/bot8476521610:AAFKJ_XrFUB5-reI1OjwvQ4vAPimyVMai3I/getUpdates "HTTP/1.1 200 OK"
2025-12-24 17:41:56,345 - httpx - INFO - HTTP Request: POST https://api.telegram.org/bot8476521610:AAFKJ_XrFUB5-reI1OjwvQ4vAPimyVMai3I/getUpdates "HTTP/1.1 200 OK"
2025-12-24 17:42:06,553 - httpx - INFO - HTTP Request: POST https://api.telegram.org/bot8476521610:AAFKJ_XrFUB5-reI1OjwvQ4vAPimyVMai3I/getUpdates "HTTP/1.1 200 OK"
2025-12-24 17:42:16,751 - httpx - INFO - HTTP Request: POST https://api.telegram.org/bot8476521610:AAFKJ_XrFUB5-reI1OjwvQ4vAPimyVMai3I/getUpdates "HTTP/1.1 200 OK"
2025-12-24 17:42:26,948 - httpx - INFO - HTTP Request: POST https://api.telegram.org/bot8476521610:AAFKJ_XrFUB5-reI1OjwvQ4vAPimyVMai3I/getUpdates "HTTP/1.1 200 OK"
2025-12-24 17:42:37,158 - httpx - INFO - HTTP Request: POST https://api.telegram.org/bot8476521610:AAFKJ_XrFUB5-reI1OjwvQ4vAPimyVMai3I/getUpdates "HTTP/1.1 200 OK"
2025-12-24 17:42:47,363 - httpx - INFO - HTTP Request: POST https://api.telegram.org/bot8476521610:AAFKJ_XrFUB5-reI1OjwvQ4vAPimyVMai3I/getUpdates "HTTP/1.1 200 OK"
2025-12-24 17:42:57,568 - httpx - INFO - HTTP Request: POST https://api.telegram.org/bot8476521610:AAFKJ_XrFUB5-reI1OjwvQ4vAPimyVMai3I/getUpdates "HTTP/1.1 200 OK"
2025-12-24 17:43:07,762 - httpx - INFO - HTTP Request: POST https://api.telegram.org/bot8476521610:AAFKJ_XrFUB5-reI1OjwvQ4vAPimyVMai3I/getUpdates "HTTP/1.1 200 OK"
2025-12-24 17:43:17,972 - httpx - INFO - HTTP Request: POST https://api.telegram.org/bot8476521610:AAFKJ_XrFUB5-reI1OjwvQ4vAPimyVMai3I/getUpdates "HTTP/1.1 200 OK"
2025-12-24 17:43:28,175 - httpx - INFO - HTTP Request: POST https://api.telegram.org/bot8476521610:AAFKJ_XrFUB5-reI1OjwvQ4vAPimyVMai3I/getUpdates "HTTP/1.1 200 OK"
2025-12-24 17:43:38,377 - httpx - INFO - HTTP Request: POST https://api.telegram.org/bot8476521610:AAFKJ_XrFUB5-reI1OjwvQ4vAPimyVMai3I/getUpdates "HTTP/1.1 200 OK"
2025-12-24 17:43:48,584 - httpx - INFO - HTTP Request: POST https://api.telegram.org/bot8476521610:AAFKJ_XrFUB5-reI1OjwvQ4vAPimyVMai3I/getUpdates "HTTP/1.1 200 OK"
2025-12-24 17:43:58,797 - httpx - INFO - HTTP Request: POST https://api.telegram.org/bot8476521610:AAFKJ_XrFUB5-reI1OjwvQ4vAPimyVMai3I/getUpdates "HTTP/1.1 200 OK"
2025-12-24 17:44:09,002 - httpx - INFO - HTTP Request: POST https://api.telegram.org/bot8476521610:AAFKJ_XrFUB5-reI1OjwvQ4vAPimyVMai3I/getUpdates "HTTP/1.1 200 OK"
2025-12-24 17:44:19,204 - httpx - INFO - HTTP Request: POST https://api.telegram.org/bot8476521610:AAFKJ_XrFUB5-reI1OjwvQ4vAPimyVMai3I/getUpdates "HTTP/1.1 200 OK"
2025-12-24 17:44:29,403 - httpx - INFO - HTTP Request: POST https://api.telegram.org/bot8476521610:AAFKJ_XrFUB5-reI1OjwvQ4vAPimyVMai3I/getUpdates "HTTP/1.1 200 OK"
2025-12-24 17:44:39,610 - httpx - INFO - HTTP Request: POST https://api.telegram.org/bot8476521610:AAFKJ_XrFUB5-reI1OjwvQ4vAPimyVMai3I/getUpdates "HTTP/1.1 200 OK"
2025-12-24 17:44:49,810 - httpx - INFO - HTTP Request: POST https://api.telegram.org/bot8476521610:AAFKJ_XrFUB5-reI1OjwvQ4vAPimyVMai3I/getUpdates "HTTP/1.1 200 OK"
2025-12-24 17:45:00,015 - httpx - INFO - HTTP Request: POST https://api.telegram.org/bot8476521610:AAFKJ_XrFUB5-reI1OjwvQ4vAPimyVMai3I/getUpdates "HTTP/1.1 200 OK"
2025-12-24 17:45:10,222 - httpx - INFO - HTTP Request: POST https://api.telegram.org/bot8476521610:AAFKJ_XrFUB5-reI1OjwvQ4vAPimyVMai3I/getUpdates "HTTP/1.1 200 OK"
2025-12-24 17:45:20,423 - httpx - INFO - HTTP Request: POST https://api.telegram.org/bot8476521610:AAFKJ_XrFUB5-reI1OjwvQ4vAPimyVMai3I/getUpdates "HTTP/1.1 200 OK"
2025-12-24 17:45:30,628 - httpx - INFO - HTTP Request: POST https://api.telegram.org/bot8476521610:AAFKJ_XrFUB5-reI1OjwvQ4vAPimyVMai3I/getUpdates "HTTP/1.1 200 OK"
2025-12-24 17:45:40,833 - httpx - INFO - HTTP Request: POST https://api.telegram.org/bot8476521610:AAFKJ_XrFUB5-reI1OjwvQ4vAPimyVMai3I/getUpdates "HTTP/1.1 200 OK"
2025-12-24 17:45:51,036 - httpx - INFO - HTTP Request: POST https://api.telegram.org/bot8476521610:AAFKJ_XrFUB5-reI1OjwvQ4vAPimyVMai3I/getUpdates "HTTP/1.1 200 OK"
2025-12-24 17:46:01,241 - httpx - INFO - HTTP Request: POST https://api.telegram.org/bot8476521610:AAFKJ_XrFUB5-reI1OjwvQ4vAPimyVMai3I/getUpdates "HTTP/1.1 200 OK"
2025-12-24 17:46:11,445 - httpx - INFO - HTTP Request: POST https://api.telegram.org/bot8476521610:AAFKJ_XrFUB5-reI1OjwvQ4vAPimyVMai3I/getUpdates "HTTP/1.1 200 OK"
2025-12-24 17:46:21,652 - httpx - INFO - HTTP Request: POST https://api.telegram.org/bot8476521610:AAFKJ_XrFUB5-reI1OjwvQ4vAPimyVMai3I/getUpdates "HTTP/1.1 200 OK"
2025-12-24 17:46:31,852 - httpx - INFO - HTTP Request: POST https://api.telegram.org/bot8476521610:AAFKJ_XrFUB5-reI1OjwvQ4vAPimyVMai3I/getUpdates "HTTP/1.1 200 OK"
2025-12-24 17:46:42,055 - httpx - INFO - HTTP Request: POST https://api.telegram.org/bot8476521610:AAFKJ_XrFUB5-reI1OjwvQ4vAPimyVMai3I/getUpdates "HTTP/1.1 200 OK"
2025-12-24 17:46:52,256 - httpx - INFO - HTTP Request: POST https://api.telegram.org/bot8476521610:AAFKJ_XrFUB5-reI1OjwvQ4vAPimyVMai3I/getUpdates "HTTP/1.1 200 OK"
2025-12-24 17:47:02,478 - httpx - INFO - HTTP Request: POST https://api.telegram.org/bot8476521610:AAFKJ_XrFUB5-reI1OjwvQ4vAPimyVMai3I/getUpdates "HTTP/1.1 200 OK"
2025-12-24 17:47:12,679 - httpx - INFO - HTTP Request: POST https://api.telegram.org/bot8476521610:AAFKJ_XrFUB5-reI1OjwvQ4vAPimyVMai3I/getUpdates "HTTP/1.1 200 OK"
2025-12-24 17:47:22,884 - httpx - INFO - HTTP Request: POST https://api.telegram.org/bot8476521610:AAFKJ_XrFUB5-reI1OjwvQ4vAPimyVMai3I/getUpdates "HTTP/1.1 200 OK"
2025-12-24 17:47:33,090 - httpx - INFO - HTTP Request: POST https://api.telegram.org/bot8476521610:AAFKJ_XrFUB5-reI1OjwvQ4vAPimyVMai3I/getUpdates "HTTP/1.1 200 OK"
2025-12-24 17:47:43,294 - httpx - INFO - HTTP Request: POST https://api.telegram.org/bot8476521610:AAFKJ_XrFUB5-reI1OjwvQ4vAPimyVMai3I/getUpdates "HTTP/1.1 200 OK"
2025-12-24 17:47:53,494 - httpx - INFO - HTTP Request: POST https://api.telegram.org/bot8476521610:AAFKJ_XrFUB5-reI1OjwvQ4vAPimyVMai3I/getUpdates "HTTP/1.1 200 OK"
2025-12-24 17:48:03,695 - httpx - INFO - HTTP Request: POST https://api.telegram.org/bot8476521610:AAFKJ_XrFUB5-reI1OjwvQ4vAPimyVMai3I/getUpdates "HTTP/1.1 200 OK"
2025-12-24 17:48:13,901 - httpx - INFO - HTTP Request: POST https://api.telegram.org/bot8476521610:AAFKJ_XrFUB5-reI1OjwvQ4vAPimyVMai3I/getUpdates "HTTP/1.1 200 OK"
2025-12-24 17:48:24,108 - httpx - INFO - HTTP Request: POST https://api.telegram.org/bot8476521610:AAFKJ_XrFUB5-reI1OjwvQ4vAPimyVMai3I/getUpdates "HTTP/1.1 200 OK"
2025-12-24 17:48:34,313 - httpx - INFO - HTTP Request: POST https://api.telegram.org/bot8476521610:AAFKJ_XrFUB5-reI1OjwvQ4vAPimyVMai3I/getUpdates "HTTP/1.1 200 OK"
2025-12-24 17:48:44,513 - httpx - INFO - HTTP Request: POST https://api.telegram.org/bot8476521610:AAFKJ_XrFUB5-reI1OjwvQ4vAPimyVMai3I/getUpdates "HTTP/1.1 200 OK"
2025-12-24 17:48:54,714 - httpx - INFO - HTTP Request: POST https://api.telegram.org/bot8476521610:AAFKJ_XrFUB5-reI1OjwvQ4vAPimyVMai3I/getUpdates "HTTP/1.1 200 OK"
2025-12-24 17:49:04,914 - httpx - INFO - HTTP Request: POST https://api.telegram.org/bot8476521610:AAFKJ_XrFUB5-reI1OjwvQ4vAPimyVMai3I/getUpdates "HTTP/1.1 200 OK"
2025-12-24 17:49:15,120 - httpx - INFO - HTTP Request: POST https://api.telegram.org/bot8476521610:AAFKJ_XrFUB5-reI1OjwvQ4vAPimyVMai3I/getUpdates "HTTP/1.1 200 OK"
2025-12-24 17:49:25,324 - httpx - INFO - HTTP Request: POST https://api.telegram.org/bot8476521610:AAFKJ_XrFUB5-reI1OjwvQ4vAPimyVMai3I/getUpdates "HTTP/1.1 200 OK"
2025-12-24 17:49:35,523 - httpx - INFO - HTTP Request: POST https://api.telegram.org/bot8476521610:AAFKJ_XrFUB5-reI1OjwvQ4vAPimyVMai3I/getUpdates "HTTP/1.1 200 OK"
2025-12-24 17:49:45,723 - httpx - INFO - HTTP Request: POST https://api.telegram.org/bot8476521610:AAFKJ_XrFUB5-reI1OjwvQ4vAPimyVMai3I/getUpdates "HTTP/1.1 200 OK"
2025-12-24 17:49:56,311 - httpx - INFO - HTTP Request: POST https://api.telegram.org/bot8476521610:AAFKJ_XrFUB5-reI1OjwvQ4vAPimyVMai3I/getUpdates "HTTP/1.1 200 OK"
2025-12-24 17:50:06,509 - httpx - INFO - HTTP Request: POST https://api.telegram.org/bot8476521610:AAFKJ_XrFUB5-reI1OjwvQ4vAPimyVMai3I/getUpdates "HTTP/1.1 200 OK"
2025-12-24 17:50:16,704 - httpx - INFO - HTTP Request: POST https://api.telegram.org/bot8476521610:AAFKJ_XrFUB5-reI1OjwvQ4vAPimyVMai3I/getUpdates "HTTP/1.1 200 OK"
2025-12-24 17:50:26,899 - httpx - INFO - HTTP Request: POST https://api.telegram.org/bot8476521610:AAFKJ_XrFUB5-reI1OjwvQ4vAPimyVMai3I/getUpdates "HTTP/1.1 200 OK"
2025-12-24 17:50:37,095 - httpx - INFO - HTTP Request: POST https://api.telegram.org/bot8476521610:AAFKJ_XrFUB5-reI1OjwvQ4vAPimyVMai3I/getUpdates "HTTP/1.1 200 OK"
2025-12-24 17:50:47,288 - httpx - INFO - HTTP Request: POST https://api.telegram.org/bot8476521610:AAFKJ_XrFUB5-reI1OjwvQ4vAPimyVMai3I/getUpdates "HTTP/1.1 200 OK"
2025-12-24 17:50:57,482 - httpx - INFO - HTTP Request: POST https://api.telegram.org/bot8476521610:AAFKJ_XrFUB5-reI1OjwvQ4vAPimyVMai3I/getUpdates "HTTP/1.1 200 OK"
2025-12-24 17:51:07,678 - httpx - INFO - HTTP Request: POST https://api.telegram.org/bot8476521610:AAFKJ_XrFUB5-reI1OjwvQ4vAPimyVMai3I/getUpdates "HTTP/1.1 200 OK"
2025-12-24 17:51:17,870 - httpx - INFO - HTTP Request: POST https://api.telegram.org/bot8476521610:AAFKJ_XrFUB5-reI1OjwvQ4vAPimyVMai3I/getUpdates "HTTP/1.1 200 OK"
2025-12-24 17:51:28,066 - httpx - INFO - HTTP Request: POST https://api.telegram.org/bot8476521610:AAFKJ_XrFUB5-reI1OjwvQ4vAPimyVMai3I/getUpdates "HTTP/1.1 200 OK"
2025-12-24 17:51:38,263 - httpx - INFO - HTTP Request: POST https://api.telegram.org/bot8476521610:AAFKJ_XrFUB5-reI1OjwvQ4vAPimyVMai3I/getUpdates "HTTP/1.1 200 OK"
2025-12-24 17:51:48,458 - httpx - INFO - HTTP Request: POST https://api.telegram.org/bot8476521610:AAFKJ_XrFUB5-reI1OjwvQ4vAPimyVMai3I/getUpdates "HTTP/1.1 200 OK"
2025-12-24 17:51:58,655 - httpx - INFO - HTTP Request: POST https://api.telegram.org/bot8476521610:AAFKJ_XrFUB5-reI1OjwvQ4vAPimyVMai3I/getUpdates "HTTP/1.1 200 OK"
2025-12-24 17:52:08,848 - httpx - INFO - HTTP Request: POST https://api.telegram.org/bot8476521610:AAFKJ_XrFUB5-reI1OjwvQ4vAPimyVMai3I/getUpdates "HTTP/1.1 200 OK"
2025-12-24 17:52:19,043 - httpx - INFO - HTTP Request: POST https://api.telegram.org/bot8476521610:AAFKJ_XrFUB5-reI1OjwvQ4vAPimyVMai3I/getUpdates "HTTP/1.1 200 OK"
2025-12-24 17:52:29,241 - httpx - INFO - HTTP Request: POST https://api.telegram.org/bot8476521610:AAFKJ_XrFUB5-reI1OjwvQ4vAPimyVMai3I/getUpdates "HTTP/1.1 200 OK"
2025-12-24 17:52:39,435 - httpx - INFO - HTTP Request: POST https://api.telegram.org/bot8476521610:AAFKJ_XrFUB5-reI1OjwvQ4vAPimyVMai3I/getUpdates "HTTP/1.1 200 OK"
2025-12-24 17:52:49,636 - httpx - INFO - HTTP Request: POST https://api.telegram.org/bot8476521610:AAFKJ_XrFUB5-reI1OjwvQ4vAPimyVMai3I/getUpdates "HTTP/1.1 200 OK"
2025-12-24 17:52:59,839 - httpx - INFO - HTTP Request: POST https://api.telegram.org/bot8476521610:AAFKJ_XrFUB5-reI1OjwvQ4vAPimyVMai3I/getUpdates "HTTP/1.1 200 OK"
2025-12-24 17:53:10,032 - httpx - INFO - HTTP Request: POST https://api.telegram.org/bot8476521610:AAFKJ_XrFUB5-reI1OjwvQ4vAPimyVMai3I/getUpdates "HTTP/1.1 200 OK"
2025-12-24 17:53:20,230 - httpx - INFO - HTTP Request: POST https://api.telegram.org/bot8476521610:AAFKJ_XrFUB5-reI1OjwvQ4vAPimyVMai3I/getUpdates "HTTP/1.1 200 OK"
2025-12-24 17:53:30,428 - httpx - INFO - HTTP Request: POST https://api.telegram.org/bot8476521610:AAFKJ_XrFUB5-reI1OjwvQ4vAPimyVMai3I/getUpdates "HTTP/1.1 200 OK"
2025-12-24 17:53:40,624 - httpx - INFO - HTTP Request: POST https://api.telegram.org/bot8476521610:AAFKJ_XrFUB5-reI1OjwvQ4vAPimyVMai3I/getUpdates "HTTP/1.1 200 OK"
2025-12-24 17:53:50,822 - httpx - INFO - HTTP Request: POST https://api.telegram.org/bot8476521610:AAFKJ_XrFUB5-reI1OjwvQ4vAPimyVMai3I/getUpdates "HTTP/1.1 200 OK"
2025-12-24 17:54:01,018 - httpx - INFO - HTTP Request: POST https://api.telegram.org/bot8476521610:AAFKJ_XrFUB5-reI1OjwvQ4vAPimyVMai3I/getUpdates "HTTP/1.1 200 OK"
2025-12-24 17:54:11,216 - httpx - INFO - HTTP Request: POST https://api.telegram.org/bot8476521610:AAFKJ_XrFUB5-reI1OjwvQ4vAPimyVMai3I/getUpdates "HTTP/1.1 200 OK"
2025-12-24 17:54:21,415 - httpx - INFO - HTTP Request: POST https://api.telegram.org/bot8476521610:AAFKJ_XrFUB5-reI1OjwvQ4vAPimyVMai3I/getUpdates "HTTP/1.1 200 OK"
2025-12-24 17:54:31,614 - httpx - INFO - HTTP Request: POST https://api.telegram.org/bot8476521610:AAFKJ_XrFUB5-reI1OjwvQ4vAPimyVMai3I/getUpdates "HTTP/1.1 200 OK"
2025-12-24 17:54:41,813 - httpx - INFO - HTTP Request: POST https://api.telegram.org/bot8476521610:AAFKJ_XrFUB5-reI1OjwvQ4vAPimyVMai3I/getUpdates "HTTP/1.1 200 OK"
2025-12-24 17:54:52,177 - httpx - INFO - HTTP Request: POST https://api.telegram.org/bot8476521610:AAFKJ_XrFUB5-reI1OjwvQ4vAPimyVMai3I/getUpdates "HTTP/1.1 200 OK"
2025-12-24 17:55:02,373 - httpx - INFO - HTTP Request: POST https://api.telegram.org/bot8476521610:AAFKJ_XrFUB5-reI1OjwvQ4vAPimyVMai3I/getUpdates "HTTP/1.1 200 OK"
2025-12-24 17:55:12,573 - httpx - INFO - HTTP Request: POST https://api.telegram.org/bot8476521610:AAFKJ_XrFUB5-reI1OjwvQ4vAPimyVMai3I/getUpdates "HTTP/1.1 200 OK"
2025-12-24 17:55:22,771 - httpx - INFO - HTTP Request: POST https://api.telegram.org/bot8476521610:AAFKJ_XrFUB5-reI1OjwvQ4vAPimyVMai3I/getUpdates "HTTP/1.1 200 OK"
2025-12-24 17:55:32,972 - httpx - INFO - HTTP Request: POST https://api.telegram.org/bot8476521610:AAFKJ_XrFUB5-reI1OjwvQ4vAPimyVMai3I/getUpdates "HTTP/1.1 200 OK"
2025-12-24 17:55:43,170 - httpx - INFO - HTTP Request: POST https://api.telegram.org/bot8476521610:AAFKJ_XrFUB5-reI1OjwvQ4vAPimyVMai3I/getUpdates "HTTP/1.1 200 OK"
2025-12-24 17:55:53,367 - httpx - INFO - HTTP Request: POST https://api.telegram.org/bot8476521610:AAFKJ_XrFUB5-reI1OjwvQ4vAPimyVMai3I/getUpdates "HTTP/1.1 200 OK"
2025-12-24 17:56:03,566 - httpx - INFO - HTTP Request: POST https://api.telegram.org/bot8476521610:AAFKJ_XrFUB5-reI1OjwvQ4vAPimyVMai3I/getUpdates "HTTP/1.1 200 OK"
2025-12-24 17:56:13,770 - httpx - INFO - HTTP Request: POST https://api.telegram.org/bot8476521610:AAFKJ_XrFUB5-reI1OjwvQ4vAPimyVMai3I/getUpdates "HTTP/1.1 200 OK"
2025-12-24 17:56:23,969 - httpx - INFO - HTTP Request: POST https://api.telegram.org/bot8476521610:AAFKJ_XrFUB5-reI1OjwvQ4vAPimyVMai3I/getUpdates "HTTP/1.1 200 OK"
2025-12-24 17:56:34,171 - httpx - INFO - HTTP Request: POST https://api.telegram.org/bot8476521610:AAFKJ_XrFUB5-reI1OjwvQ4vAPimyVMai3I/getUpdates "HTTP/1.1 200 OK"
2025-12-24 17:56:44,371 - httpx - INFO - HTTP Request: POST https://api.telegram.org/bot8476521610:AAFKJ_XrFUB5-reI1OjwvQ4vAPimyVMai3I/getUpdates "HTTP/1.1 200 OK"
2025-12-24 17:56:54,568 - httpx - INFO - HTTP Request: POST https://api.telegram.org/bot8476521610:AAFKJ_XrFUB5-reI1OjwvQ4vAPimyVMai3I/getUpdates "HTTP/1.1 200 OK"
2025-12-24 17:57:04,767 - httpx - INFO - HTTP Request: POST https://api.telegram.org/bot8476521610:AAFKJ_XrFUB5-reI1OjwvQ4vAPimyVMai3I/getUpdates "HTTP/1.1 200 OK"
2025-12-24 17:57:14,971 - httpx - INFO - HTTP Request: POST https://api.telegram.org/bot8476521610:AAFKJ_XrFUB5-reI1OjwvQ4vAPimyVMai3I/getUpdates "HTTP/1.1 200 OK"
2025-12-24 17:57:25,171 - httpx - INFO - HTTP Request: POST https://api.telegram.org/bot8476521610:AAFKJ_XrFUB5-reI1OjwvQ4vAPimyVMai3I/getUpdates "HTTP/1.1 200 OK"
2025-12-24 17:57:35,370 - httpx - INFO - HTTP Request: POST https://api.telegram.org/bot8476521610:AAFKJ_XrFUB5-reI1OjwvQ4vAPimyVMai3I/getUpdates "HTTP/1.1 200 OK"
2025-12-24 17:57:45,569 - httpx - INFO - HTTP Request: POST https://api.telegram.org/bot8476521610:AAFKJ_XrFUB5-reI1OjwvQ4vAPimyVMai3I/getUpdates "HTTP/1.1 200 OK"
2025-12-24 17:57:55,766 - httpx - INFO - HTTP Request: POST https://api.telegram.org/bot8476521610:AAFKJ_XrFUB5-reI1OjwvQ4vAPimyVMai3I/getUpdates "HTTP/1.1 200 OK"
2025-12-24 17:58:05,966 - httpx - INFO - HTTP Request: POST https://api.telegram.org/bot8476521610:AAFKJ_XrFUB5-reI1OjwvQ4vAPimyVMai3I/getUpdates "HTTP/1.1 200 OK"
2025-12-24 17:58:16,164 - httpx - INFO - HTTP Request: POST https://api.telegram.org/bot8476521610:AAFKJ_XrFUB5-reI1OjwvQ4vAPimyVMai3I/getUpdates "HTTP/1.1 200 OK"
2025-12-24 17:58:26,363 - httpx - INFO - HTTP Request: POST https://api.telegram.org/bot8476521610:AAFKJ_XrFUB5-reI1OjwvQ4vAPimyVMai3I/getUpdates "HTTP/1.1 200 OK"
2025-12-24 17:58:36,557 - httpx - INFO - HTTP Request: POST https://api.telegram.org/bot8476521610:AAFKJ_XrFUB5-reI1OjwvQ4vAPimyVMai3I/getUpdates "HTTP/1.1 200 OK"
2025-12-24 17:58:46,755 - httpx - INFO - HTTP Request: POST https://api.telegram.org/bot8476521610:AAFKJ_XrFUB5-reI1OjwvQ4vAPimyVMai3I/getUpdates "HTTP/1.1 200 OK"
2025-12-24 17:58:56,955 - httpx - INFO - HTTP Request: POST https://api.telegram.org/bot8476521610:AAFKJ_XrFUB5-reI1OjwvQ4vAPimyVMai3I/getUpdates "HTTP/1.1 200 OK"
2025-12-24 17:59:07,152 - httpx - INFO - HTTP Request: POST https://api.telegram.org/bot8476521610:AAFKJ_XrFUB5-reI1OjwvQ4vAPimyVMai3I/getUpdates "HTTP/1.1 200 OK"
2025-12-24 17:59:17,351 - httpx - INFO - HTTP Request: POST https://api.telegram.org/bot8476521610:AAFKJ_XrFUB5-reI1OjwvQ4vAPimyVMai3I/getUpdates "HTTP/1.1 200 OK"
2025-12-24 17:59:27,549 - httpx - INFO - HTTP Request: POST https://api.telegram.org/bot8476521610:AAFKJ_XrFUB5-reI1OjwvQ4vAPimyVMai3I/getUpdates "HTTP/1.1 200 OK"
2025-12-24 17:59:37,747 - httpx - INFO - HTTP Request: POST https://api.telegram.org/bot8476521610:AAFKJ_XrFUB5-reI1OjwvQ4vAPimyVMai3I/getUpdates "HTTP/1.1 200 OK"
2025-12-24 17:59:47,954 - httpx - INFO - HTTP Request: POST https://api.telegram.org/bot8476521610:AAFKJ_XrFUB5-reI1OjwvQ4vAPimyVMai3I/getUpdates "HTTP/1.1 200 OK"
2025-12-24 17:59:58,155 - httpx - INFO - HTTP Request: POST https://api.telegram.org/bot8476521610:AAFKJ_XrFUB5-reI1OjwvQ4vAPimyVMai3I/getUpdates "HTTP/1.1 200 OK"
2025-12-24 18:00:08,351 - httpx - INFO - HTTP Request: POST https://api.telegram.org/bot8476521610:AAFKJ_XrFUB5-reI1OjwvQ4vAPimyVMai3I/getUpdates "HTTP/1.1 200 OK"
2025-12-24 18:00:18,544 - httpx - INFO - HTTP Request: POST https://api.telegram.org/bot8476521610:AAFKJ_XrFUB5-reI1OjwvQ4vAPimyVMai3I/getUpdates "HTTP/1.1 200 OK"
2025-12-24 18:00:28,738 - httpx - INFO - HTTP Request: POST https://api.telegram.org/bot8476521610:AAFKJ_XrFUB5-reI1OjwvQ4vAPimyVMai3I/getUpdates "HTTP/1.1 200 OK"
2025-12-24 18:00:38,938 - httpx - INFO - HTTP Request: POST https://api.telegram.org/bot8476521610:AAFKJ_XrFUB5-reI1OjwvQ4vAPimyVMai3I/getUpdates "HTTP/1.1 200 OK"
2025-12-24 18:00:49,137 - httpx - INFO - HTTP Request: POST https://api.telegram.org/bot8476521610:AAFKJ_XrFUB5-reI1OjwvQ4vAPimyVMai3I/getUpdates "HTTP/1.1 200 OK"
2025-12-24 18:00:59,339 - httpx - INFO - HTTP Request: POST https://api.telegram.org/bot8476521610:AAFKJ_XrFUB5-reI1OjwvQ4vAPimyVMai3I/getUpdates "HTTP/1.1 200 OK"
2025-12-24 18:01:09,536 - httpx - INFO - HTTP Request: POST https://api.telegram.org/bot8476521610:AAFKJ_XrFUB5-reI1OjwvQ4vAPimyVMai3I/getUpdates "HTTP/1.1 200 OK"
2025-12-24 18:01:19,738 - httpx - INFO - HTTP Request: POST https://api.telegram.org/bot8476521610:AAFKJ_XrFUB5-reI1OjwvQ4vAPimyVMai3I/getUpdates "HTTP/1.1 200 OK"
2025-12-24 18:01:29,935 - httpx - INFO - HTTP Request: POST https://api.telegram.org/bot8476521610:AAFKJ_XrFUB5-reI1OjwvQ4vAPimyVMai3I/getUpdates "HTTP/1.1 200 OK"
2025-12-24 18:01:40,128 - httpx - INFO - HTTP Request: POST https://api.telegram.org/bot8476521610:AAFKJ_XrFUB5-reI1OjwvQ4vAPimyVMai3I/getUpdates "HTTP/1.1 200 OK"
2025-12-24 18:01:50,330 - httpx - INFO - HTTP Request: POST https://api.telegram.org/bot8476521610:AAFKJ_XrFUB5-reI1OjwvQ4vAPimyVMai3I/getUpdates "HTTP/1.1 200 OK"
2025-12-24 18:02:00,524 - httpx - INFO - HTTP Request: POST https://api.telegram.org/bot8476521610:AAFKJ_XrFUB5-reI1OjwvQ4vAPimyVMai3I/getUpdates "HTTP/1.1 200 OK"
2025-12-24 18:02:08,153 - __main__ - INFO - 🤖 Starting Receipt Bot...
2025-12-24 18:02:08,154 - src.bot - INFO - Starting bot...
2025-12-24 18:02:08,773 - httpx - INFO - HTTP Request: POST https://api.telegram.org/bot8476521610:AAFKJ_XrFUB5-reI1OjwvQ4vAPimyVMai3I/getMe "HTTP/1.1 200 OK"
2025-12-24 18:02:08,975 - httpx - INFO - HTTP Request: POST https://api.telegram.org/bot8476521610:AAFKJ_XrFUB5-reI1OjwvQ4vAPimyVMai3I/deleteWebhook "HTTP/1.1 200 OK"
2025-12-24 18:02:08,981 - telegram.ext.Application - INFO - Application started
2025-12-24 18:02:19,586 - httpx - INFO - HTTP Request: POST https://api.telegram.org/bot8476521610:AAFKJ_XrFUB5-reI1OjwvQ4vAPimyVMai3I/getUpdates "HTTP/1.1 200 OK"
2025-12-24 18:02:29,788 - httpx - INFO - HTTP Request: POST https://api.telegram.org/bot8476521610:AAFKJ_XrFUB5-reI1OjwvQ4vAPimyVMai3I/getUpdates "HTTP/1.1 200 OK"
2025-12-24 18:02:39,992 - httpx - INFO - HTTP Request: POST https://api.telegram.org/bot8476521610:AAFKJ_XrFUB5-reI1OjwvQ4vAPimyVMai3I/getUpdates "HTTP/1.1 200 OK"
2025-12-24 18:02:50,195 - httpx - INFO - HTTP Request: POST https://api.telegram.org/bot8476521610:AAFKJ_XrFUB5-reI1OjwvQ4vAPimyVMai3I/getUpdates "HTTP/1.1 200 OK"
2025-12-24 18:03:00,399 - httpx - INFO - HTTP Request: POST https://api.telegram.org/bot8476521610:AAFKJ_XrFUB5-reI1OjwvQ4vAPimyVMai3I/getUpdates "HTTP/1.1 200 OK"
2025-12-24 18:03:10,603 - httpx - INFO - HTTP Request: POST https://api.telegram.org/bot8476521610:AAFKJ_XrFUB5-reI1OjwvQ4vAPimyVMai3I/getUpdates "HTTP/1.1 200 OK"
2025-12-24 18:03:20,807 - httpx - INFO - HTTP Request: POST https://api.telegram.org/bot8476521610:AAFKJ_XrFUB5-reI1OjwvQ4vAPimyVMai3I/getUpdates "HTTP/1.1 200 OK"
2025-12-24 18:03:31,009 - httpx - INFO - HTTP Request: POST https://api.telegram.org/bot8476521610:AAFKJ_XrFUB5-reI1OjwvQ4vAPimyVMai3I/getUpdates "HTTP/1.1 200 OK"
2025-12-24 18:03:41,210 - httpx - INFO - HTTP Request: POST https://api.telegram.org/bot8476521610:AAFKJ_XrFUB5-reI1OjwvQ4vAPimyVMai3I/getUpdates "HTTP/1.1 200 OK"
2025-12-24 18:03:51,413 - httpx - INFO - HTTP Request: POST https://api.telegram.org/bot8476521610:AAFKJ_XrFUB5-reI1OjwvQ4vAPimyVMai3I/getUpdates "HTTP/1.1 200 OK"
2025-12-24 18:04:01,615 - httpx - INFO - HTTP Request: POST https://api.telegram.org/bot8476521610:AAFKJ_XrFUB5-reI1OjwvQ4vAPimyVMai3I/getUpdates "HTTP/1.1 200 OK"
2025-12-24 18:04:11,818 - httpx - INFO - HTTP Request: POST https://api.telegram.org/bot8476521610:AAFKJ_XrFUB5-reI1OjwvQ4vAPimyVMai3I/getUpdates "HTTP/1.1 200 OK"
2025-12-24 18:04:22,020 - httpx - INFO - HTTP Request: POST https://api.telegram.org/bot8476521610:AAFKJ_XrFUB5-reI1OjwvQ4vAPimyVMai3I/getUpdates "HTTP/1.1 200 OK"
2025-12-24 18:04:32,223 - httpx - INFO - HTTP Request: POST https://api.telegram.org/bot8476521610:AAFKJ_XrFUB5-reI1OjwvQ4vAPimyVMai3I/getUpdates "HTTP/1.1 200 OK"
2025-12-24 18:04:42,427 - httpx - INFO - HTTP Request: POST https://api.telegram.org/bot8476521610:AAFKJ_XrFUB5-reI1OjwvQ4vAPimyVMai3I/getUpdates "HTTP/1.1 200 OK"
2025-12-24 18:04:52,634 - httpx - INFO - HTTP Request: POST https://api.telegram.org/bot8476521610:AAFKJ_XrFUB5-reI1OjwvQ4vAPimyVMai3I/getUpdates "HTTP/1.1 200 OK"
2025-12-24 18:05:02,845 - httpx - INFO - HTTP Request: POST https://api.telegram.org/bot8476521610:AAFKJ_XrFUB5-reI1OjwvQ4vAPimyVMai3I/getUpdates "HTTP/1.1 200 OK"
2025-12-24 18:05:13,047 - httpx - INFO - HTTP Request: POST https://api.telegram.org/bot8476521610:AAFKJ_XrFUB5-reI1OjwvQ4vAPimyVMai3I/getUpdates "HTTP/1.1 200 OK"
2025-12-24 18:05:23,248 - httpx - INFO - HTTP Request: POST https://api.telegram.org/bot8476521610:AAFKJ_XrFUB5-reI1OjwvQ4vAPimyVMai3I/getUpdates "HTTP/1.1 200 OK"
2025-12-24 18:05:33,450 - httpx - INFO - HTTP Request: POST https://api.telegram.org/bot8476521610:AAFKJ_XrFUB5-reI1OjwvQ4vAPimyVMai3I/getUpdates "HTTP/1.1 200 OK"
2025-12-24 18:05:43,652 - httpx - INFO - HTTP Request: POST https://api.telegram.org/bot8476521610:AAFKJ_XrFUB5-reI1OjwvQ4vAPimyVMai3I/getUpdates "HTTP/1.1 200 OK"
2025-12-24 18:05:53,859 - httpx - INFO - HTTP Request: POST https://api.telegram.org/bot8476521610:AAFKJ_XrFUB5-reI1OjwvQ4vAPimyVMai3I/getUpdates "HTTP/1.1 200 OK"
2025-12-24 18:06:04,061 - httpx - INFO - HTTP Request: POST https://api.telegram.org/bot8476521610:AAFKJ_XrFUB5-reI1OjwvQ4vAPimyVMai3I/getUpdates "HTTP/1.1 200 OK"
2025-12-24 18:06:14,267 - httpx - INFO - HTTP Request: POST https://api.telegram.org/bot8476521610:AAFKJ_XrFUB5-reI1OjwvQ4vAPimyVMai3I/getUpdates "HTTP/1.1 200 OK"
2025-12-24 18:06:24,470 - httpx - INFO - HTTP Request: POST https://api.telegram.org/bot8476521610:AAFKJ_XrFUB5-reI1OjwvQ4vAPimyVMai3I/getUpdates "HTTP/1.1 200 OK"
2025-12-24 18:06:34,672 - httpx - INFO - HTTP Request: POST https://api.telegram.org/bot8476521610:AAFKJ_XrFUB5-reI1OjwvQ4vAPimyVMai3I/getUpdates "HTTP/1.1 200 OK"
2025-12-24 18:06:44,875 - httpx - INFO - HTTP Request: POST https://api.telegram.org/bot8476521610:AAFKJ_XrFUB5-reI1OjwvQ4vAPimyVMai3I/getUpdates "HTTP/1.1 200 OK"
2025-12-24 18:06:55,079 - httpx - INFO - HTTP Request: POST https://api.telegram.org/bot8476521610:AAFKJ_XrFUB5-reI1OjwvQ4vAPimyVMai3I/getUpdates "HTTP/1.1 200 OK"
2025-12-24 18:07:05,281 - httpx - INFO - HTTP Request: POST https://api.telegram.org/bot8476521610:AAFKJ_XrFUB5-reI1OjwvQ4vAPimyVMai3I/getUpdates "HTTP/1.1 200 OK"
2025-12-24 18:07:15,484 - httpx - INFO - HTTP Request: POST https://api.telegram.org/bot8476521610:AAFKJ_XrFUB5-reI1OjwvQ4vAPimyVMai3I/getUpdates "HTTP/1.1 200 OK"
2025-12-24 18:07:25,687 - httpx - INFO - HTTP Request: POST https://api.telegram.org/bot8476521610:AAFKJ_XrFUB5-reI1OjwvQ4vAPimyVMai3I/getUpdates "HTTP/1.1 200 OK"
2025-12-24 18:07:35,889 - httpx - INFO - HTTP Request: POST https://api.telegram.org/bot8476521610:AAFKJ_XrFUB5-reI1OjwvQ4vAPimyVMai3I/getUpdates "HTTP/1.1 200 OK"
2025-12-24 18:07:46,092 - httpx - INFO - HTTP Request: POST https://api.telegram.org/bot8476521610:AAFKJ_XrFUB5-reI1OjwvQ4vAPimyVMai3I/getUpdates "HTTP/1.1 200 OK"
2025-12-24 18:07:56,292 - httpx - INFO - HTTP Request: POST https://api.telegram.org/bot8476521610:AAFKJ_XrFUB5-reI1OjwvQ4vAPimyVMai3I/getUpdates "HTTP/1.1 200 OK"
2025-12-24 18:08:06,492 - httpx - INFO - HTTP Request: POST https://api.telegram.org/bot8476521610:AAFKJ_XrFUB5-reI1OjwvQ4vAPimyVMai3I/getUpdates "HTTP/1.1 200 OK"
2025-12-24 18:08:16,694 - httpx - INFO - HTTP Request: POST https://api.telegram.org/bot8476521610:AAFKJ_XrFUB5-reI1OjwvQ4vAPimyVMai3I/getUpdates "HTTP/1.1 200 OK"
2025-12-24 18:08:26,900 - httpx - INFO - HTTP Request: POST https://api.telegram.org/bot8476521610:AAFKJ_XrFUB5-reI1OjwvQ4vAPimyVMai3I/getUpdates "HTTP/1.1 200 OK"
2025-12-24 18:08:37,110 - httpx - INFO - HTTP Request: POST https://api.telegram.org/bot8476521610:AAFKJ_XrFUB5-reI1OjwvQ4vAPimyVMai3I/getUpdates "HTTP/1.1 200 OK"
2025-12-24 18:08:47,311 - httpx - INFO - HTTP Request: POST https://api.telegram.org/bot8476521610:AAFKJ_XrFUB5-reI1OjwvQ4vAPimyVMai3I/getUpdates "HTTP/1.1 200 OK"
2025-12-24 18:08:57,513 - httpx - INFO - HTTP Request: POST https://api.telegram.org/bot8476521610:AAFKJ_XrFUB5-reI1OjwvQ4vAPimyVMai3I/getUpdates "HTTP/1.1 200 OK"
2025-12-24 18:09:07,715 - httpx - INFO - HTTP Request: POST https://api.telegram.org/bot8476521610:AAFKJ_XrFUB5-reI1OjwvQ4vAPimyVMai3I/getUpdates "HTTP/1.1 200 OK"
2025-12-24 18:09:17,918 - httpx - INFO - HTTP Request: POST https://api.telegram.org/bot8476521610:AAFKJ_XrFUB5-reI1OjwvQ4vAPimyVMai3I/getUpdates "HTTP/1.1 200 OK"
2025-12-24 18:09:28,120 - httpx - INFO - HTTP Request: POST https://api.telegram.org/bot8476521610:AAFKJ_XrFUB5-reI1OjwvQ4vAPimyVMai3I/getUpdates "HTTP/1.1 200 OK"
2025-12-24 18:09:38,318 - httpx - INFO - HTTP Request: POST https://api.telegram.org/bot8476521610:AAFKJ_XrFUB5-reI1OjwvQ4vAPimyVMai3I/getUpdates "HTTP/1.1 200 OK"
2025-12-24 18:09:48,519 - httpx - INFO - HTTP Request: POST https://api.telegram.org/bot8476521610:AAFKJ_XrFUB5-reI1OjwvQ4vAPimyVMai3I/getUpdates "HTTP/1.1 200 OK"
2025-12-24 18:09:58,725 - httpx - INFO - HTTP Request: POST https://api.telegram.org/bot8476521610:AAFKJ_XrFUB5-reI1OjwvQ4vAPimyVMai3I/getUpdates "HTTP/1.1 200 OK"
2025-12-24 18:10:08,926 - httpx - INFO - HTTP Request: POST https://api.telegram.org/bot8476521610:AAFKJ_XrFUB5-reI1OjwvQ4vAPimyVMai3I/getUpdates "HTTP/1.1 200 OK"
2025-12-24 18:10:19,127 - httpx - INFO - HTTP Request: POST https://api.telegram.org/bot8476521610:AAFKJ_XrFUB5-reI1OjwvQ4vAPimyVMai3I/getUpdates "HTTP/1.1 200 OK"
2025-12-24 18:10:29,328 - httpx - INFO - HTTP Request: POST https://api.telegram.org/bot8476521610:AAFKJ_XrFUB5-reI1OjwvQ4vAPimyVMai3I/getUpdates "HTTP/1.1 200 OK"
2025-12-24 18:10:39,530 - httpx - INFO - HTTP Request: POST https://api.telegram.org/bot8476521610:AAFKJ_XrFUB5-reI1OjwvQ4vAPimyVMai3I/getUpdates "HTTP/1.1 200 OK"
2025-12-24 18:10:49,733 - httpx - INFO - HTTP Request: POST https://api.telegram.org/bot8476521610:AAFKJ_XrFUB5-reI1OjwvQ4vAPimyVMai3I/getUpdates "HTTP/1.1 200 OK"
2025-12-24 18:10:59,938 - httpx - INFO - HTTP Request: POST https://api.telegram.org/bot8476521610:AAFKJ_XrFUB5-reI1OjwvQ4vAPimyVMai3I/getUpdates "HTTP/1.1 200 OK"
2025-12-24 18:11:10,139 - httpx - INFO - HTTP Request: POST https://api.telegram.org/bot8476521610:AAFKJ_XrFUB5-reI1OjwvQ4vAPimyVMai3I/getUpdates "HTTP/1.1 200 OK"
2025-12-24 18:11:20,342 - httpx - INFO - HTTP Request: POST https://api.telegram.org/bot8476521610:AAFKJ_XrFUB5-reI1OjwvQ4vAPimyVMai3I/getUpdates "HTTP/1.1 200 OK"
2025-12-24 18:11:30,545 - httpx - INFO - HTTP Request: POST https://api.telegram.org/bot8476521610:AAFKJ_XrFUB5-reI1OjwvQ4vAPimyVMai3I/getUpdates "HTTP/1.1 200 OK"
2025-12-24 18:11:40,746 - httpx - INFO - HTTP Request: POST https://api.telegram.org/bot8476521610:AAFKJ_XrFUB5-reI1OjwvQ4vAPimyVMai3I/getUpdates "HTTP/1.1 200 OK"
2025-12-24 18:11:50,954 - httpx - INFO - HTTP Request: POST https://api.telegram.org/bot8476521610:AAFKJ_XrFUB5-reI1OjwvQ4vAPimyVMai3I/getUpdates "HTTP/1.1 200 OK"
2025-12-24 18:12:01,156 - httpx - INFO - HTTP Request: POST https://api.telegram.org/bot8476521610:AAFKJ_XrFUB5-reI1OjwvQ4vAPimyVMai3I/getUpdates "HTTP/1.1 200 OK"
2025-12-24 18:12:11,339 - httpx - INFO - HTTP Request: POST https://api.telegram.org/bot8476521610:AAFKJ_XrFUB5-reI1OjwvQ4vAPimyVMai3I/getUpdates "HTTP/1.1 200 OK"
2025-12-24 18:12:21,551 - httpx - INFO - HTTP Request: POST https://api.telegram.org/bot8476521610:AAFKJ_XrFUB5-reI1OjwvQ4vAPimyVMai3I/getUpdates "HTTP/1.1 200 OK"
2025-12-24 18:12:31,749 - httpx - INFO - HTTP Request: POST https://api.telegram.org/bot8476521610:AAFKJ_XrFUB5-reI1OjwvQ4vAPimyVMai3I/getUpdates "HTTP/1.1 200 OK"
2025-12-24 18:12:41,947 - httpx - INFO - HTTP Request: POST https://api.telegram.org/bot8476521610:AAFKJ_XrFUB5-reI1OjwvQ4vAPimyVMai3I/getUpdates "HTTP/1.1 200 OK"
2025-12-24 18:12:52,154 - httpx - INFO - HTTP Request: POST https://api.telegram.org/bot8476521610:AAFKJ_XrFUB5-reI1OjwvQ4vAPimyVMai3I/getUpdates "HTTP/1.1 200 OK"
2025-12-24 18:13:02,346 - httpx - INFO - HTTP Request: POST https://api.telegram.org/bot8476521610:AAFKJ_XrFUB5-reI1OjwvQ4vAPimyVMai3I/getUpdates "HTTP/1.1 200 OK"
2025-12-24 18:13:12,557 - httpx - INFO - HTTP Request: POST https://api.telegram.org/bot8476521610:AAFKJ_XrFUB5-reI1OjwvQ4vAPimyVMai3I/getUpdates "HTTP/1.1 200 OK"
2025-12-24 18:13:22,766 - httpx - INFO - HTTP Request: POST https://api.telegram.org/bot8476521610:AAFKJ_XrFUB5-reI1OjwvQ4vAPimyVMai3I/getUpdates "HTTP/1.1 200 OK"
2025-12-24 18:13:32,953 - httpx - INFO - HTTP Request: POST https://api.telegram.org/bot8476521610:AAFKJ_XrFUB5-reI1OjwvQ4vAPimyVMai3I/getUpdates "HTTP/1.1 200 OK"
2025-12-24 18:13:43,160 - httpx - INFO - HTTP Request: POST https://api.telegram.org/bot8476521610:AAFKJ_XrFUB5-reI1OjwvQ4vAPimyVMai3I/getUpdates "HTTP/1.1 200 OK"
2025-12-24 18:13:53,370 - httpx - INFO - HTTP Request: POST https://api.telegram.org/bot8476521610:AAFKJ_XrFUB5-reI1OjwvQ4vAPimyVMai3I/getUpdates "HTTP/1.1 200 OK"
2025-12-24 18:14:03,578 - httpx - INFO - HTTP Request: POST https://api.telegram.org/bot8476521610:AAFKJ_XrFUB5-reI1OjwvQ4vAPimyVMai3I/getUpdates "HTTP/1.1 200 OK"
2025-12-24 18:14:13,785 - httpx - INFO - HTTP Request: POST https://api.telegram.org/bot8476521610:AAFKJ_XrFUB5-reI1OjwvQ4vAPimyVMai3I/getUpdates "HTTP/1.1 200 OK"
2025-12-24 18:14:23,982 - httpx - INFO - HTTP Request: POST https://api.telegram.org/bot8476521610:AAFKJ_XrFUB5-reI1OjwvQ4vAPimyVMai3I/getUpdates "HTTP/1.1 200 OK"
2025-12-24 18:14:34,182 - httpx - INFO - HTTP Request: POST https://api.telegram.org/bot8476521610:AAFKJ_XrFUB5-reI1OjwvQ4vAPimyVMai3I/getUpdates "HTTP/1.1 200 OK"
2025-12-24 18:14:44,377 - httpx - INFO - HTTP Request: POST https://api.telegram.org/bot8476521610:AAFKJ_XrFUB5-reI1OjwvQ4vAPimyVMai3I/getUpdates "HTTP/1.1 200 OK"
2025-12-24 18:14:54,585 - httpx - INFO - HTTP Request: POST https://api.telegram.org/bot8476521610:AAFKJ_XrFUB5-reI1OjwvQ4vAPimyVMai3I/getUpdates "HTTP/1.1 200 OK"
2025-12-24 18:15:04,793 - httpx - INFO - HTTP Request: POST https://api.telegram.org/bot8476521610:AAFKJ_XrFUB5-reI1OjwvQ4vAPimyVMai3I/getUpdates "HTTP/1.1 200 OK"
2025-12-24 18:15:14,994 - httpx - INFO - HTTP Request: POST https://api.telegram.org/bot8476521610:AAFKJ_XrFUB5-reI1OjwvQ4vAPimyVMai3I/getUpdates "HTTP/1.1 200 OK"
2025-12-24 18:15:25,187 - httpx - INFO - HTTP Request: POST https://api.telegram.org/bot8476521610:AAFKJ_XrFUB5-reI1OjwvQ4vAPimyVMai3I/getUpdates "HTTP/1.1 200 OK"
2025-12-24 18:15:35,397 - httpx - INFO - HTTP Request: POST https://api.telegram.org/bot8476521610:AAFKJ_XrFUB5-reI1OjwvQ4vAPimyVMai3I/getUpdates "HTTP/1.1 200 OK"
2025-12-24 18:15:45,594 - httpx - INFO - HTTP Request: POST https://api.telegram.org/bot8476521610:AAFKJ_XrFUB5-reI1OjwvQ4vAPimyVMai3I/getUpdates "HTTP/1.1 200 OK"
2025-12-24 18:15:55,794 - httpx - INFO - HTTP Request: POST https://api.telegram.org/bot8476521610:AAFKJ_XrFUB5-reI1OjwvQ4vAPimyVMai3I/getUpdates "HTTP/1.1 200 OK"
2025-12-24 18:16:05,990 - httpx - INFO - HTTP Request: POST https://api.telegram.org/bot8476521610:AAFKJ_XrFUB5-reI1OjwvQ4vAPimyVMai3I/getUpdates "HTTP/1.1 200 OK"
2025-12-24 18:16:16,198 - httpx - INFO - HTTP Request: POST https://api.telegram.org/bot8476521610:AAFKJ_XrFUB5-reI1OjwvQ4vAPimyVMai3I/getUpdates "HTTP/1.1 200 OK"
2025-12-24 18:16:26,394 - httpx - INFO - HTTP Request: POST https://api.telegram.org/bot8476521610:AAFKJ_XrFUB5-reI1OjwvQ4vAPimyVMai3I/getUpdates "HTTP/1.1 200 OK"
2025-12-24 18:16:36,608 - httpx - INFO - HTTP Request: POST https://api.telegram.org/bot8476521610:AAFKJ_XrFUB5-reI1OjwvQ4vAPimyVMai3I/getUpdates "HTTP/1.1 200 OK"
2025-12-24 18:16:42,500 - httpx - INFO - HTTP Request: POST https://api.telegram.org/bot8476521610:AAFKJ_XrFUB5-reI1OjwvQ4vAPimyVMai3I/getUpdates "HTTP/1.1 200 OK"
2025-12-24 18:16:43,765 - httpx - INFO - HTTP Request: POST https://api.telegram.org/bot8476521610:AAFKJ_XrFUB5-reI1OjwvQ4vAPimyVMai3I/sendMessage "HTTP/1.1 200 OK"
2025-12-24 18:16:47,763 - httpx - INFO - HTTP Request: POST https://api.telegram.org/bot8476521610:AAFKJ_XrFUB5-reI1OjwvQ4vAPimyVMai3I/getUpdates "HTTP/1.1 200 OK"
2025-12-24 18:16:47,766 - src.bot - INFO - User zotavioz (1051315576) - Action
2025-12-24 18:16:48,104 - httpx - INFO - HTTP Request: POST https://api.telegram.org/bot8476521610:AAFKJ_XrFUB5-reI1OjwvQ4vAPimyVMai3I/sendMessage "HTTP/1.1 200 OK"
2025-12-24 18:16:57,967 - httpx - INFO - HTTP Request: POST https://api.telegram.org/bot8476521610:AAFKJ_XrFUB5-reI1OjwvQ4vAPimyVMai3I/getUpdates "HTTP/1.1 200 OK"
2025-12-24 18:17:01,351 - httpx - INFO - HTTP Request: POST https://api.telegram.org/bot8476521610:AAFKJ_XrFUB5-reI1OjwvQ4vAPimyVMai3I/getUpdates "HTTP/1.1 200 OK"
2025-12-24 18:17:01,353 - src.bot - INFO - User zotavioz (1051315576) - Action
2025-12-24 18:17:02,091 - httpx - INFO - HTTP Request: POST https://api.telegram.org/bot8476521610:AAFKJ_XrFUB5-reI1OjwvQ4vAPimyVMai3I/sendMessage "HTTP/1.1 200 OK"
2025-12-24 18:17:11,552 - httpx - INFO - HTTP Request: POST https://api.telegram.org/bot8476521610:AAFKJ_XrFUB5-reI1OjwvQ4vAPimyVMai3I/getUpdates "HTTP/1.1 200 OK"
2025-12-24 18:17:21,750 - httpx - INFO - HTTP Request: POST https://api.telegram.org/bot8476521610:AAFKJ_XrFUB5-reI1OjwvQ4vAPimyVMai3I/getUpdates "HTTP/1.1 200 OK"
2025-12-24 18:17:31,954 - httpx - INFO - HTTP Request: POST https://api.telegram.org/bot8476521610:AAFKJ_XrFUB5-reI1OjwvQ4vAPimyVMai3I/getUpdates "HTTP/1.1 200 OK"
2025-12-24 18:17:42,158 - httpx - INFO - HTTP Request: POST https://api.telegram.org/bot8476521610:AAFKJ_XrFUB5-reI1OjwvQ4vAPimyVMai3I/getUpdates "HTTP/1.1 200 OK"
2025-12-24 18:17:52,362 - httpx - INFO - HTTP Request: POST https://api.telegram.org/bot8476521610:AAFKJ_XrFUB5-reI1OjwvQ4vAPimyVMai3I/getUpdates "HTTP/1.1 200 OK"
2025-12-24 18:18:02,558 - httpx - INFO - HTTP Request: POST https://api.telegram.org/bot8476521610:AAFKJ_XrFUB5-reI1OjwvQ4vAPimyVMai3I/getUpdates "HTTP/1.1 200 OK"
2025-12-24 18:18:12,758 - httpx - INFO - HTTP Request: POST https://api.telegram.org/bot8476521610:AAFKJ_XrFUB5-reI1OjwvQ4vAPimyVMai3I/getUpdates "HTTP/1.1 200 OK"
2025-12-24 18:18:22,965 - httpx - INFO - HTTP Request: POST https://api.telegram.org/bot8476521610:AAFKJ_XrFUB5-reI1OjwvQ4vAPimyVMai3I/getUpdates "HTTP/1.1 200 OK"
2025-12-24 18:18:33,171 - httpx - INFO - HTTP Request: POST https://api.telegram.org/bot8476521610:AAFKJ_XrFUB5-reI1OjwvQ4vAPimyVMai3I/getUpdates "HTTP/1.1 200 OK"
2025-12-24 18:18:43,373 - httpx - INFO - HTTP Request: POST https://api.telegram.org/bot8476521610:AAFKJ_XrFUB5-reI1OjwvQ4vAPimyVMai3I/getUpdates "HTTP/1.1 200 OK"
2025-12-24 18:18:53,575 - httpx - INFO - HTTP Request: POST https://api.telegram.org/bot8476521610:AAFKJ_XrFUB5-reI1OjwvQ4vAPimyVMai3I/getUpdates "HTTP/1.1 200 OK"
2025-12-24 18:19:04,196 - httpx - INFO - HTTP Request: POST https://api.telegram.org/bot8476521610:AAFKJ_XrFUB5-reI1OjwvQ4vAPimyVMai3I/getUpdates "HTTP/1.1 200 OK"
2025-12-24 18:19:14,398 - httpx - INFO - HTTP Request: POST https://api.telegram.org/bot8476521610:AAFKJ_XrFUB5-reI1OjwvQ4vAPimyVMai3I/getUpdates "HTTP/1.1 200 OK"
2025-12-24 18:19:24,607 - httpx - INFO - HTTP Request: POST https://api.telegram.org/bot8476521610:AAFKJ_XrFUB5-reI1OjwvQ4vAPimyVMai3I/getUpdates "HTTP/1.1 200 OK"
2025-12-24 18:19:34,820 - httpx - INFO - HTTP Request: POST https://api.telegram.org/bot8476521610:AAFKJ_XrFUB5-reI1OjwvQ4vAPimyVMai3I/getUpdates "HTTP/1.1 200 OK"
2025-12-24 18:19:45,023 - httpx - INFO - HTTP Request: POST https://api.telegram.org/bot8476521610:AAFKJ_XrFUB5-reI1OjwvQ4vAPimyVMai3I/getUpdates "HTTP/1.1 200 OK"
2025-12-24 18:19:55,227 - httpx - INFO - HTTP Request: POST https://api.telegram.org/bot8476521610:AAFKJ_XrFUB5-reI1OjwvQ4vAPimyVMai3I/getUpdates "HTTP/1.1 200 OK"
2025-12-24 18:20:05,428 - httpx - INFO - HTTP Request: POST https://api.telegram.org/bot8476521610:AAFKJ_XrFUB5-reI1OjwvQ4vAPimyVMai3I/getUpdates "HTTP/1.1 200 OK"
2025-12-24 18:20:15,631 - httpx - INFO - HTTP Request: POST https://api.telegram.org/bot8476521610:AAFKJ_XrFUB5-reI1OjwvQ4vAPimyVMai3I/getUpdates "HTTP/1.1 200 OK"
2025-12-24 18:20:25,832 - httpx - INFO - HTTP Request: POST https://api.telegram.org/bot8476521610:AAFKJ_XrFUB5-reI1OjwvQ4vAPimyVMai3I/getUpdates "HTTP/1.1 200 OK"
2025-12-24 18:20:36,037 - httpx - INFO - HTTP Request: POST https://api.telegram.org/bot8476521610:AAFKJ_XrFUB5-reI1OjwvQ4vAPimyVMai3I/getUpdates "HTTP/1.1 200 OK"
2025-12-24 18:20:46,243 - httpx - INFO - HTTP Request: POST https://api.telegram.org/bot8476521610:AAFKJ_XrFUB5-reI1OjwvQ4vAPimyVMai3I/getUpdates "HTTP/1.1 200 OK"
2025-12-24 18:20:56,452 - httpx - INFO - HTTP Request: POST https://api.telegram.org/bot8476521610:AAFKJ_XrFUB5-reI1OjwvQ4vAPimyVMai3I/getUpdates "HTTP/1.1 200 OK"
2025-12-24 18:21:06,662 - httpx - INFO - HTTP Request: POST https://api.telegram.org/bot8476521610:AAFKJ_XrFUB5-reI1OjwvQ4vAPimyVMai3I/getUpdates "HTTP/1.1 200 OK"
2025-12-24 18:21:16,863 - httpx - INFO - HTTP Request: POST https://api.telegram.org/bot8476521610:AAFKJ_XrFUB5-reI1OjwvQ4vAPimyVMai3I/getUpdates "HTTP/1.1 200 OK"
2025-12-24 18:21:27,068 - httpx - INFO - HTTP Request: POST https://api.telegram.org/bot8476521610:AAFKJ_XrFUB5-reI1OjwvQ4vAPimyVMai3I/getUpdates "HTTP/1.1 200 OK"
2025-12-24 18:21:37,276 - httpx - INFO - HTTP Request: POST https://api.telegram.org/bot8476521610:AAFKJ_XrFUB5-reI1OjwvQ4vAPimyVMai3I/getUpdates "HTTP/1.1 200 OK"
2025-12-24 18:21:47,488 - httpx - INFO - HTTP Request: POST https://api.telegram.org/bot8476521610:AAFKJ_XrFUB5-reI1OjwvQ4vAPimyVMai3I/getUpdates "HTTP/1.1 200 OK"
2025-12-24 18:21:57,695 - httpx - INFO - HTTP Request: POST https://api.telegram.org/bot8476521610:AAFKJ_XrFUB5-reI1OjwvQ4vAPimyVMai3I/getUpdates "HTTP/1.1 200 OK"
2025-12-24 18:22:07,901 - httpx - INFO - HTTP Request: POST https://api.telegram.org/bot8476521610:AAFKJ_XrFUB5-reI1OjwvQ4vAPimyVMai3I/getUpdates "HTTP/1.1 200 OK"
2025-12-24 18:22:18,109 - httpx - INFO - HTTP Request: POST https://api.telegram.org/bot8476521610:AAFKJ_XrFUB5-reI1OjwvQ4vAPimyVMai3I/getUpdates "HTTP/1.1 200 OK"
2025-12-24 18:22:28,320 - httpx - INFO - HTTP Request: POST https://api.telegram.org/bot8476521610:AAFKJ_XrFUB5-reI1OjwvQ4vAPimyVMai3I/getUpdates "HTTP/1.1 200 OK"
2025-12-24 18:22:38,525 - httpx - INFO - HTTP Request: POST https://api.telegram.org/bot8476521610:AAFKJ_XrFUB5-reI1OjwvQ4vAPimyVMai3I/getUpdates "HTTP/1.1 200 OK"
2025-12-24 18:22:48,726 - httpx - INFO - HTTP Request: POST https://api.telegram.org/bot8476521610:AAFKJ_XrFUB5-reI1OjwvQ4vAPimyVMai3I/getUpdates "HTTP/1.1 200 OK"
2025-12-24 18:22:58,932 - httpx - INFO - HTTP Request: POST https://api.telegram.org/bot8476521610:AAFKJ_XrFUB5-reI1OjwvQ4vAPimyVMai3I/getUpdates "HTTP/1.1 200 OK"
2025-12-24 18:23:09,139 - httpx - INFO - HTTP Request: POST https://api.telegram.org/bot8476521610:AAFKJ_XrFUB5-reI1OjwvQ4vAPimyVMai3I/getUpdates "HTTP/1.1 200 OK"
2025-12-24 18:23:19,347 - httpx - INFO - HTTP Request: POST https://api.telegram.org/bot8476521610:AAFKJ_XrFUB5-reI1OjwvQ4vAPimyVMai3I/getUpdates "HTTP/1.1 200 OK"
2025-12-24 18:23:29,555 - httpx - INFO - HTTP Request: POST https://api.telegram.org/bot8476521610:AAFKJ_XrFUB5-reI1OjwvQ4vAPimyVMai3I/getUpdates "HTTP/1.1 200 OK"
2025-12-24 18:23:39,761 - httpx - INFO - HTTP Request: POST https://api.telegram.org/bot8476521610:AAFKJ_XrFUB5-reI1OjwvQ4vAPimyVMai3I/getUpdates "HTTP/1.1 200 OK"
2025-12-24 18:23:49,963 - httpx - INFO - HTTP Request: POST https://api.telegram.org/bot8476521610:AAFKJ_XrFUB5-reI1OjwvQ4vAPimyVMai3I/getUpdates "HTTP/1.1 200 OK"
2025-12-24 18:24:00,167 - httpx - INFO - HTTP Request: POST https://api.telegram.org/bot8476521610:AAFKJ_XrFUB5-reI1OjwvQ4vAPimyVMai3I/getUpdates "HTTP/1.1 200 OK"
2025-12-24 18:24:10,377 - httpx - INFO - HTTP Request: POST https://api.telegram.org/bot8476521610:AAFKJ_XrFUB5-reI1OjwvQ4vAPimyVMai3I/getUpdates "HTTP/1.1 200 OK"
2025-12-24 18:24:20,578 - httpx - INFO - HTTP Request: POST https://api.telegram.org/bot8476521610:AAFKJ_XrFUB5-reI1OjwvQ4vAPimyVMai3I/getUpdates "HTTP/1.1 200 OK"
2025-12-24 18:24:30,779 - httpx - INFO - HTTP Request: POST https://api.telegram.org/bot8476521610:AAFKJ_XrFUB5-reI1OjwvQ4vAPimyVMai3I/getUpdates "HTTP/1.1 200 OK"
2025-12-24 18:24:40,980 - httpx - INFO - HTTP Request: POST https://api.telegram.org/bot8476521610:AAFKJ_XrFUB5-reI1OjwvQ4vAPimyVMai3I/getUpdates "HTTP/1.1 200 OK"
2025-12-24 18:24:51,182 - httpx - INFO - HTTP Request: POST https://api.telegram.org/bot8476521610:AAFKJ_XrFUB5-reI1OjwvQ4vAPimyVMai3I/getUpdates "HTTP/1.1 200 OK"
2025-12-24 18:25:01,385 - httpx - INFO - HTTP Request: POST https://api.telegram.org/bot8476521610:AAFKJ_XrFUB5-reI1OjwvQ4vAPimyVMai3I/getUpdates "HTTP/1.1 200 OK"
2025-12-24 18:25:11,617 - httpx - INFO - HTTP Request: POST https://api.telegram.org/bot8476521610:AAFKJ_XrFUB5-reI1OjwvQ4vAPimyVMai3I/getUpdates "HTTP/1.1 200 OK"
2025-12-24 18:25:21,833 - httpx - INFO - HTTP Request: POST https://api.telegram.org/bot8476521610:AAFKJ_XrFUB5-reI1OjwvQ4vAPimyVMai3I/getUpdates "HTTP/1.1 200 OK"
2025-12-24 18:25:32,051 - httpx - INFO - HTTP Request: POST https://api.telegram.org/bot8476521610:AAFKJ_XrFUB5-reI1OjwvQ4vAPimyVMai3I/getUpdates "HTTP/1.1 200 OK"
2025-12-24 18:25:42,257 - httpx - INFO - HTTP Request: POST https://api.telegram.org/bot8476521610:AAFKJ_XrFUB5-reI1OjwvQ4vAPimyVMai3I/getUpdates "HTTP/1.1 200 OK"
2025-12-24 18:25:52,463 - httpx - INFO - HTTP Request: POST https://api.telegram.org/bot8476521610:AAFKJ_XrFUB5-reI1OjwvQ4vAPimyVMai3I/getUpdates "HTTP/1.1 200 OK"
2025-12-24 18:26:02,669 - httpx - INFO - HTTP Request: POST https://api.telegram.org/bot8476521610:AAFKJ_XrFUB5-reI1OjwvQ4vAPimyVMai3I/getUpdates "HTTP/1.1 200 OK"
2025-12-24 18:26:12,877 - httpx - INFO - HTTP Request: POST https://api.telegram.org/bot8476521610:AAFKJ_XrFUB5-reI1OjwvQ4vAPimyVMai3I/getUpdates "HTTP/1.1 200 OK"
2025-12-24 18:26:23,082 - httpx - INFO - HTTP Request: POST https://api.telegram.org/bot8476521610:AAFKJ_XrFUB5-reI1OjwvQ4vAPimyVMai3I/getUpdates "HTTP/1.1 200 OK"
2025-12-24 18:26:33,287 - httpx - INFO - HTTP Request: POST https://api.telegram.org/bot8476521610:AAFKJ_XrFUB5-reI1OjwvQ4vAPimyVMai3I/getUpdates "HTTP/1.1 200 OK"
2025-12-24 18:26:43,493 - httpx - INFO - HTTP Request: POST https://api.telegram.org/bot8476521610:AAFKJ_XrFUB5-reI1OjwvQ4vAPimyVMai3I/getUpdates "HTTP/1.1 200 OK"
2025-12-24 18:26:53,697 - httpx - INFO - HTTP Request: POST https://api.telegram.org/bot8476521610:AAFKJ_XrFUB5-reI1OjwvQ4vAPimyVMai3I/getUpdates "HTTP/1.1 200 OK"
2025-12-24 18:27:03,903 - httpx - INFO - HTTP Request: POST https://api.telegram.org/bot8476521610:AAFKJ_XrFUB5-reI1OjwvQ4vAPimyVMai3I/getUpdates "HTTP/1.1 200 OK"
2025-12-24 18:27:14,108 - httpx - INFO - HTTP Request: POST https://api.telegram.org/bot8476521610:AAFKJ_XrFUB5-reI1OjwvQ4vAPimyVMai3I/getUpdates "HTTP/1.1 200 OK"
2025-12-24 18:27:24,313 - httpx - INFO - HTTP Request: POST https://api.telegram.org/bot8476521610:AAFKJ_XrFUB5-reI1OjwvQ4vAPimyVMai3I/getUpdates "HTTP/1.1 200 OK"
2025-12-24 18:27:34,516 - httpx - INFO - HTTP Request: POST https://api.telegram.org/bot8476521610:AAFKJ_XrFUB5-reI1OjwvQ4vAPimyVMai3I/getUpdates "HTTP/1.1 200 OK"
2025-12-24 18:27:44,723 - httpx - INFO - HTTP Request: POST https://api.telegram.org/bot8476521610:AAFKJ_XrFUB5-reI1OjwvQ4vAPimyVMai3I/getUpdates "HTTP/1.1 200 OK"
2025-12-24 18:27:54,928 - httpx - INFO - HTTP Request: POST https://api.telegram.org/bot8476521610:AAFKJ_XrFUB5-reI1OjwvQ4vAPimyVMai3I/getUpdates "HTTP/1.1 200 OK"
2025-12-24 18:28:05,134 - httpx - INFO - HTTP Request: POST https://api.telegram.org/bot8476521610:AAFKJ_XrFUB5-reI1OjwvQ4vAPimyVMai3I/getUpdates "HTTP/1.1 200 OK"
2025-12-24 18:28:15,351 - httpx - INFO - HTTP Request: POST https://api.telegram.org/bot8476521610:AAFKJ_XrFUB5-reI1OjwvQ4vAPimyVMai3I/getUpdates "HTTP/1.1 200 OK"
2025-12-24 18:28:25,556 - httpx - INFO - HTTP Request: POST https://api.telegram.org/bot8476521610:AAFKJ_XrFUB5-reI1OjwvQ4vAPimyVMai3I/getUpdates "HTTP/1.1 200 OK"
2025-12-24 18:28:35,756 - httpx - INFO - HTTP Request: POST https://api.telegram.org/bot8476521610:AAFKJ_XrFUB5-reI1OjwvQ4vAPimyVMai3I/getUpdates "HTTP/1.1 200 OK"
2025-12-24 18:28:45,958 - httpx - INFO - HTTP Request: POST https://api.telegram.org/bot8476521610:AAFKJ_XrFUB5-reI1OjwvQ4vAPimyVMai3I/getUpdates "HTTP/1.1 200 OK"
2025-12-24 18:28:56,164 - httpx - INFO - HTTP Request: POST https://api.telegram.org/bot8476521610:AAFKJ_XrFUB5-reI1OjwvQ4vAPimyVMai3I/getUpdates "HTTP/1.1 200 OK"
2025-12-24 18:29:06,380 - httpx - INFO - HTTP Request: POST https://api.telegram.org/bot8476521610:AAFKJ_XrFUB5-reI1OjwvQ4vAPimyVMai3I/getUpdates "HTTP/1.1 200 OK"
2025-12-24 18:29:16,586 - httpx - INFO - HTTP Request: POST https://api.telegram.org/bot8476521610:AAFKJ_XrFUB5-reI1OjwvQ4vAPimyVMai3I/getUpdates "HTTP/1.1 200 OK"
2025-12-24 18:29:26,800 - httpx - INFO - HTTP Request: POST https://api.telegram.org/bot8476521610:AAFKJ_XrFUB5-reI1OjwvQ4vAPimyVMai3I/getUpdates "HTTP/1.1 200 OK"
2025-12-24 18:29:37,010 - httpx - INFO - HTTP Request: POST https://api.telegram.org/bot8476521610:AAFKJ_XrFUB5-reI1OjwvQ4vAPimyVMai3I/getUpdates "HTTP/1.1 200 OK"
2025-12-24 18:29:47,219 - httpx - INFO - HTTP Request: POST https://api.telegram.org/bot8476521610:AAFKJ_XrFUB5-reI1OjwvQ4vAPimyVMai3I/getUpdates "HTTP/1.1 200 OK"
2025-12-24 18:29:57,434 - httpx - INFO - HTTP Request: POST https://api.telegram.org/bot8476521610:AAFKJ_XrFUB5-reI1OjwvQ4vAPimyVMai3I/getUpdates "HTTP/1.1 200 OK"
2025-12-24 18:30:07,638 - httpx - INFO - HTTP Request: POST https://api.telegram.org/bot8476521610:AAFKJ_XrFUB5-reI1OjwvQ4vAPimyVMai3I/getUpdates "HTTP/1.1 200 OK"
2025-12-24 18:30:17,847 - httpx - INFO - HTTP Request: POST https://api.telegram.org/bot8476521610:AAFKJ_XrFUB5-reI1OjwvQ4vAPimyVMai3I/getUpdates "HTTP/1.1 200 OK"
2025-12-24 18:30:28,053 - httpx - INFO - HTTP Request: POST https://api.telegram.org/bot8476521610:AAFKJ_XrFUB5-reI1OjwvQ4vAPimyVMai3I/getUpdates "HTTP/1.1 200 OK"
2025-12-24 18:30:38,259 - httpx - INFO - HTTP Request: POST https://api.telegram.org/bot8476521610:AAFKJ_XrFUB5-reI1OjwvQ4vAPimyVMai3I/getUpdates "HTTP/1.1 200 OK"
2025-12-24 18:30:48,465 - httpx - INFO - HTTP Request: POST https://api.telegram.org/bot8476521610:AAFKJ_XrFUB5-reI1OjwvQ4vAPimyVMai3I/getUpdates "HTTP/1.1 200 OK"
2025-12-24 18:30:58,668 - httpx - INFO - HTTP Request: POST https://api.telegram.org/bot8476521610:AAFKJ_XrFUB5-reI1OjwvQ4vAPimyVMai3I/getUpdates "HTTP/1.1 200 OK"
2025-12-24 18:31:08,882 - httpx - INFO - HTTP Request: POST https://api.telegram.org/bot8476521610:AAFKJ_XrFUB5-reI1OjwvQ4vAPimyVMai3I/getUpdates "HTTP/1.1 200 OK"
2025-12-24 18:31:19,093 - httpx - INFO - HTTP Request: POST https://api.telegram.org/bot8476521610:AAFKJ_XrFUB5-reI1OjwvQ4vAPimyVMai3I/getUpdates "HTTP/1.1 200 OK"
2025-12-24 18:31:29,304 - httpx - INFO - HTTP Request: POST https://api.telegram.org/bot8476521610:AAFKJ_XrFUB5-reI1OjwvQ4vAPimyVMai3I/getUpdates "HTTP/1.1 200 OK"
2025-12-24 18:31:39,510 - httpx - INFO - HTTP Request: POST https://api.telegram.org/bot8476521610:AAFKJ_XrFUB5-reI1OjwvQ4vAPimyVMai3I/getUpdates "HTTP/1.1 200 OK"
2025-12-24 18:31:49,720 - httpx - INFO - HTTP Request: POST https://api.telegram.org/bot8476521610:AAFKJ_XrFUB5-reI1OjwvQ4vAPimyVMai3I/getUpdates "HTTP/1.1 200 OK"
2025-12-24 18:31:59,922 - httpx - INFO - HTTP Request: POST https://api.telegram.org/bot8476521610:AAFKJ_XrFUB5-reI1OjwvQ4vAPimyVMai3I/getUpdates "HTTP/1.1 200 OK"
2025-12-24 18:32:10,125 - httpx - INFO - HTTP Request: POST https://api.telegram.org/bot8476521610:AAFKJ_XrFUB5-reI1OjwvQ4vAPimyVMai3I/getUpdates "HTTP/1.1 200 OK"
2025-12-25 15:53:25,815 - __main__ - INFO - 🤖 Starting Receipt Bot...
2025-12-25 15:53:25,816 - src.bot - INFO - Starting bot...
2025-12-25 15:53:26,454 - httpx - INFO - HTTP Request: POST https://api.telegram.org/bot8476521610:AAFKJ_XrFUB5-reI1OjwvQ4vAPimyVMai3I/getMe "HTTP/1.1 200 OK"
2025-12-25 15:53:26,654 - httpx - INFO - HTTP Request: POST https://api.telegram.org/bot8476521610:AAFKJ_XrFUB5-reI1OjwvQ4vAPimyVMai3I/deleteWebhook "HTTP/1.1 200 OK"
2025-12-25 15:53:26,665 - telegram.ext.Application - INFO - Application started
2025-12-25 15:53:27,292 - httpx - INFO - HTTP Request: POST https://api.telegram.org/bot8476521610:AAFKJ_XrFUB5-reI1OjwvQ4vAPimyVMai3I/getUpdates "HTTP/1.1 200 OK"
2025-12-25 15:53:27,295 - src.bot - INFO - User zotavioz (1051315576) - Action
2025-12-25 15:53:27,620 - httpx - INFO - HTTP Request: POST https://api.telegram.org/bot8476521610:AAFKJ_XrFUB5-reI1OjwvQ4vAPimyVMai3I/sendMessage "HTTP/1.1 200 OK"
2025-12-25 15:53:29,655 - httpx - INFO - HTTP Request: POST https://api.telegram.org/bot8476521610:AAFKJ_XrFUB5-reI1OjwvQ4vAPimyVMai3I/getUpdates "HTTP/1.1 200 OK"
2025-12-25 15:53:29,660 - src.bot - INFO - User zotavioz (1051315576) - Action
2025-12-25 15:53:29,985 - httpx - INFO - HTTP Request: POST https://api.telegram.org/bot8476521610:AAFKJ_XrFUB5-reI1OjwvQ4vAPimyVMai3I/sendMessage "HTTP/1.1 200 OK"
2025-12-25 15:53:35,065 - httpx - INFO - HTTP Request: POST https://api.telegram.org/bot8476521610:AAFKJ_XrFUB5-reI1OjwvQ4vAPimyVMai3I/getUpdates "HTTP/1.1 200 OK"
2025-12-25 15:53:35,068 - src.bot - INFO - User zotavioz (1051315576) - Action
2025-12-25 15:53:35,070 - handler.receipt - ERROR - Error during the products sumup file: string index out of range
2025-12-25 15:53:35,071 - src.bot - ERROR - Handler error: 'NoneType' object has no attribute 'edit_message_text'
2025-12-25 15:53:35,072 - root - ERROR - Exception while handling an update:
2025-12-25 15:53:35,078 - root - ERROR - Exception while handling an update:
Traceback (most recent call last):
  File "C:\Users\otavi\OneDrive\Documentos\GIT\701\handler\receipt.py", line 222, in products_sumup
    for pdt in Pdt.load_products():
  File "C:\Users\otavi\OneDrive\Documentos\GIT\701\receipt\product.py", line 105, in load_products
    code = p[1],
IndexError: string index out of range

During handling of the above exception, another exception occurred:

Traceback (most recent call last):
  File "C:\Users\otavi\OneDrive\Documentos\GIT\701\src\bot.py", line 73, in wrapped_handler
    return await handler_func(update, context)
  File "C:\Users\otavi\OneDrive\Documentos\GIT\701\src\bot.py", line 128, in products_sumup
    await self.receipt.products_sumup(update)
  File "C:\Users\otavi\OneDrive\Documentos\GIT\701\handler\receipt.py", line 239, in products_sumup
    await update.callback_query.edit_message_text(
AttributeError: 'NoneType' object has no attribute 'edit_message_text'

During handling of the above exception, another exception occurred:

Traceback (most recent call last):
  File "C:\Users\otavi\.virtualenvs\701-eBRsCayT\lib\site-packages\telegram\ext\_application.py", line 1315, in process_update
    await coroutine
  File "C:\Users\otavi\.virtualenvs\701-eBRsCayT\lib\site-packages\telegram\ext\_handlers\basehandler.py", line 159, in handle_update
    return await self.callback(update, context)
  File "C:\Users\otavi\OneDrive\Documentos\GIT\701\src\bot.py", line 76, in wrapped_handler
    await self.error_handler(update, context)
  File "C:\Users\otavi\OneDrive\Documentos\GIT\701\src\bot.py", line 116, in error_handler
    tb_list = traceback.format_exception(None, context.error, context.error.__traceback__)
AttributeError: 'NoneType' object has no attribute '__traceback__'
2025-12-25 15:53:35,838 - httpx - INFO - HTTP Request: POST https://api.telegram.org/bot8476521610:AAFKJ_XrFUB5-reI1OjwvQ4vAPimyVMai3I/sendMessage "HTTP/1.1 200 OK"
2025-12-25 15:53:45,309 - httpx - INFO - HTTP Request: POST https://api.telegram.org/bot8476521610:AAFKJ_XrFUB5-reI1OjwvQ4vAPimyVMai3I/getUpdates "HTTP/1.1 200 OK"
2025-12-25 15:53:55,527 - httpx - INFO - HTTP Request: POST https://api.telegram.org/bot8476521610:AAFKJ_XrFUB5-reI1OjwvQ4vAPimyVMai3I/getUpdates "HTTP/1.1 200 OK"
2025-12-25 15:54:05,739 - httpx - INFO - HTTP Request: POST https://api.telegram.org/bot8476521610:AAFKJ_XrFUB5-reI1OjwvQ4vAPimyVMai3I/getUpdates "HTTP/1.1 200 OK"
2025-12-25 15:54:15,984 - httpx - INFO - HTTP Request: POST https://api.telegram.org/bot8476521610:AAFKJ_XrFUB5-reI1OjwvQ4vAPimyVMai3I/getUpdates "HTTP/1.1 200 OK"
2025-12-25 15:54:26,189 - httpx - INFO - HTTP Request: POST https://api.telegram.org/bot8476521610:AAFKJ_XrFUB5-reI1OjwvQ4vAPimyVMai3I/getUpdates "HTTP/1.1 200 OK"
2025-12-25 15:54:36,401 - httpx - INFO - HTTP Request: POST https://api.telegram.org/bot8476521610:AAFKJ_XrFUB5-reI1OjwvQ4vAPimyVMai3I/getUpdates "HTTP/1.1 200 OK"
2025-12-25 15:54:46,610 - httpx - INFO - HTTP Request: POST https://api.telegram.org/bot8476521610:AAFKJ_XrFUB5-reI1OjwvQ4vAPimyVMai3I/getUpdates "HTTP/1.1 200 OK"
2025-12-25 15:54:56,824 - httpx - INFO - HTTP Request: POST https://api.telegram.org/bot8476521610:AAFKJ_XrFUB5-reI1OjwvQ4vAPimyVMai3I/getUpdates "HTTP/1.1 200 OK"
2025-12-25 15:55:07,029 - httpx - INFO - HTTP Request: POST https://api.telegram.org/bot8476521610:AAFKJ_XrFUB5-reI1OjwvQ4vAPimyVMai3I/getUpdates "HTTP/1.1 200 OK"
2025-12-25 15:55:17,249 - httpx - INFO - HTTP Request: POST https://api.telegram.org/bot8476521610:AAFKJ_XrFUB5-reI1OjwvQ4vAPimyVMai3I/getUpdates "HTTP/1.1 200 OK"
2025-12-25 15:55:20,944 - httpx - INFO - HTTP Request: POST https://api.telegram.org/bot8476521610:AAFKJ_XrFUB5-reI1OjwvQ4vAPimyVMai3I/getUpdates "HTTP/1.1 200 OK"
2025-12-25 15:55:20,947 - telegram.ext.Application - INFO - Application is stopping. This might take a moment.
2025-12-25 15:55:20,948 - telegram.ext.Application - INFO - Application.stop() complete
2025-12-25 15:55:58,769 - __main__ - INFO - 🤖 Starting Receipt Bot...
2025-12-25 15:55:58,778 - src.bot - INFO - Starting bot...
2025-12-25 15:55:59,469 - httpx - INFO - HTTP Request: POST https://api.telegram.org/bot8476521610:AAFKJ_XrFUB5-reI1OjwvQ4vAPimyVMai3I/getMe "HTTP/1.1 200 OK"
2025-12-25 15:55:59,706 - httpx - INFO - HTTP Request: POST https://api.telegram.org/bot8476521610:AAFKJ_XrFUB5-reI1OjwvQ4vAPimyVMai3I/deleteWebhook "HTTP/1.1 200 OK"
2025-12-25 15:55:59,709 - telegram.ext.Application - INFO - Application started
2025-12-25 15:56:03,778 - httpx - INFO - HTTP Request: POST https://api.telegram.org/bot8476521610:AAFKJ_XrFUB5-reI1OjwvQ4vAPimyVMai3I/getUpdates "HTTP/1.1 200 OK"
2025-12-25 15:56:03,795 - src.bot - INFO - User zotavioz (1051315576) - Action
2025-12-25 15:57:52,416 - __main__ - INFO - 🤖 Starting Receipt Bot...
2025-12-25 15:57:52,418 - src.bot - INFO - Starting bot...
2025-12-25 15:57:53,072 - httpx - INFO - HTTP Request: POST https://api.telegram.org/bot8476521610:AAFKJ_XrFUB5-reI1OjwvQ4vAPimyVMai3I/getMe "HTTP/1.1 200 OK"
2025-12-25 15:57:53,286 - httpx - INFO - HTTP Request: POST https://api.telegram.org/bot8476521610:AAFKJ_XrFUB5-reI1OjwvQ4vAPimyVMai3I/deleteWebhook "HTTP/1.1 200 OK"
2025-12-25 15:57:53,295 - telegram.ext.Application - INFO - Application started
2025-12-25 15:57:53,921 - httpx - INFO - HTTP Request: POST https://api.telegram.org/bot8476521610:AAFKJ_XrFUB5-reI1OjwvQ4vAPimyVMai3I/getUpdates "HTTP/1.1 200 OK"
2025-12-25 15:57:53,936 - src.bot - INFO - User zotavioz (1051315576) - Action
2025-12-25 15:59:30,391 - __main__ - INFO - 🤖 Starting Receipt Bot...
2025-12-25 15:59:30,393 - src.bot - INFO - Starting bot...
2025-12-25 15:59:31,063 - httpx - INFO - HTTP Request: POST https://api.telegram.org/bot8476521610:AAFKJ_XrFUB5-reI1OjwvQ4vAPimyVMai3I/getMe "HTTP/1.1 200 OK"
2025-12-25 15:59:31,288 - httpx - INFO - HTTP Request: POST https://api.telegram.org/bot8476521610:AAFKJ_XrFUB5-reI1OjwvQ4vAPimyVMai3I/deleteWebhook "HTTP/1.1 200 OK"
2025-12-25 15:59:31,310 - telegram.ext.Application - INFO - Application started
2025-12-25 15:59:31,938 - httpx - INFO - HTTP Request: POST https://api.telegram.org/bot8476521610:AAFKJ_XrFUB5-reI1OjwvQ4vAPimyVMai3I/getUpdates "HTTP/1.1 200 OK"
2025-12-25 15:59:31,948 - src.bot - INFO - User zotavioz (1051315576) - Action
2025-12-25 15:59:42,036 - handler.receipt - ERROR - Error during the products sumup file: could not convert string to float: '5,99'
2025-12-25 15:59:42,816 - httpx - INFO - HTTP Request: POST https://api.telegram.org/bot8476521610:AAFKJ_XrFUB5-reI1OjwvQ4vAPimyVMai3I/sendMessage "HTTP/1.1 200 OK"
2025-12-25 15:59:52,663 - httpx - INFO - HTTP Request: POST https://api.telegram.org/bot8476521610:AAFKJ_XrFUB5-reI1OjwvQ4vAPimyVMai3I/getUpdates "HTTP/1.1 200 OK"
2025-12-25 16:00:02,860 - httpx - INFO - HTTP Request: POST https://api.telegram.org/bot8476521610:AAFKJ_XrFUB5-reI1OjwvQ4vAPimyVMai3I/getUpdates "HTTP/1.1 200 OK"
2025-12-25 16:00:13,059 - httpx - INFO - HTTP Request: POST https://api.telegram.org/bot8476521610:AAFKJ_XrFUB5-reI1OjwvQ4vAPimyVMai3I/getUpdates "HTTP/1.1 200 OK"
2025-12-25 16:00:58,239 - __main__ - INFO - 🤖 Starting Receipt Bot...
2025-12-25 16:00:58,239 - src.bot - INFO - Starting bot...
2025-12-25 16:00:58,879 - httpx - INFO - HTTP Request: POST https://api.telegram.org/bot8476521610:AAFKJ_XrFUB5-reI1OjwvQ4vAPimyVMai3I/getMe "HTTP/1.1 200 OK"
2025-12-25 16:00:59,090 - httpx - INFO - HTTP Request: POST https://api.telegram.org/bot8476521610:AAFKJ_XrFUB5-reI1OjwvQ4vAPimyVMai3I/deleteWebhook "HTTP/1.1 200 OK"
2025-12-25 16:00:59,099 - telegram.ext.Application - INFO - Application started
2025-12-25 16:00:59,722 - httpx - INFO - HTTP Request: POST https://api.telegram.org/bot8476521610:AAFKJ_XrFUB5-reI1OjwvQ4vAPimyVMai3I/getUpdates "HTTP/1.1 200 OK"
2025-12-25 16:00:59,729 - src.bot - INFO - User zotavioz (1051315576) - Action
2025-12-25 16:00:59,752 - handler.receipt - ERROR - Error during the products sumup file: too many values to unpack (expected 2)
2025-12-25 16:01:00,123 - httpx - INFO - HTTP Request: POST https://api.telegram.org/bot8476521610:AAFKJ_XrFUB5-reI1OjwvQ4vAPimyVMai3I/sendMessage "HTTP/1.1 200 OK"
2025-12-25 16:01:09,964 - httpx - INFO - HTTP Request: POST https://api.telegram.org/bot8476521610:AAFKJ_XrFUB5-reI1OjwvQ4vAPimyVMai3I/getUpdates "HTTP/1.1 200 OK"
2025-12-25 16:01:20,169 - httpx - INFO - HTTP Request: POST https://api.telegram.org/bot8476521610:AAFKJ_XrFUB5-reI1OjwvQ4vAPimyVMai3I/getUpdates "HTTP/1.1 200 OK"
2025-12-25 16:01:30,375 - httpx - INFO - HTTP Request: POST https://api.telegram.org/bot8476521610:AAFKJ_XrFUB5-reI1OjwvQ4vAPimyVMai3I/getUpdates "HTTP/1.1 200 OK"
2025-12-25 16:01:40,586 - httpx - INFO - HTTP Request: POST https://api.telegram.org/bot8476521610:AAFKJ_XrFUB5-reI1OjwvQ4vAPimyVMai3I/getUpdates "HTTP/1.1 200 OK"
2025-12-25 16:01:50,789 - httpx - INFO - HTTP Request: POST https://api.telegram.org/bot8476521610:AAFKJ_XrFUB5-reI1OjwvQ4vAPimyVMai3I/getUpdates "HTTP/1.1 200 OK"
2025-12-25 16:01:58,219 - httpx - INFO - HTTP Request: POST https://api.telegram.org/bot8476521610:AAFKJ_XrFUB5-reI1OjwvQ4vAPimyVMai3I/getUpdates "HTTP/1.1 200 OK"
2025-12-25 16:01:58,229 - src.bot - INFO - User zotavioz (1051315576) - Action
2025-12-25 16:02:40,777 - __main__ - INFO - 🤖 Starting Receipt Bot...
2025-12-25 16:02:40,781 - src.bot - INFO - Starting bot...
2025-12-25 16:02:41,426 - httpx - INFO - HTTP Request: POST https://api.telegram.org/bot8476521610:AAFKJ_XrFUB5-reI1OjwvQ4vAPimyVMai3I/getMe "HTTP/1.1 200 OK"
2025-12-25 16:02:41,636 - httpx - INFO - HTTP Request: POST https://api.telegram.org/bot8476521610:AAFKJ_XrFUB5-reI1OjwvQ4vAPimyVMai3I/deleteWebhook "HTTP/1.1 200 OK"
2025-12-25 16:02:41,644 - telegram.ext.Application - INFO - Application started
2025-12-25 16:02:42,253 - httpx - INFO - HTTP Request: POST https://api.telegram.org/bot8476521610:AAFKJ_XrFUB5-reI1OjwvQ4vAPimyVMai3I/getUpdates "HTTP/1.1 200 OK"
2025-12-25 16:02:42,259 - src.bot - INFO - User zotavioz (1051315576) - Action
2025-12-25 16:04:25,806 - httpx - INFO - HTTP Request: POST https://api.telegram.org/bot8476521610:AAFKJ_XrFUB5-reI1OjwvQ4vAPimyVMai3I/sendMessage "HTTP/1.1 400 Bad Request"
2025-12-25 16:04:25,814 - handler.receipt - ERROR - Error during the products sumup file: Can't parse entities: character '.' is reserved and must be escaped with the preceding '\'
2025-12-25 16:04:26,160 - httpx - INFO - HTTP Request: POST https://api.telegram.org/bot8476521610:AAFKJ_XrFUB5-reI1OjwvQ4vAPimyVMai3I/sendMessage "HTTP/1.1 200 OK"
2025-12-25 16:04:35,789 - httpx - INFO - HTTP Request: POST https://api.telegram.org/bot8476521610:AAFKJ_XrFUB5-reI1OjwvQ4vAPimyVMai3I/getUpdates "HTTP/1.1 200 OK"
2025-12-25 16:04:46,002 - httpx - INFO - HTTP Request: POST https://api.telegram.org/bot8476521610:AAFKJ_XrFUB5-reI1OjwvQ4vAPimyVMai3I/getUpdates "HTTP/1.1 200 OK"
2025-12-25 16:04:54,719 - httpx - INFO - HTTP Request: POST https://api.telegram.org/bot8476521610:AAFKJ_XrFUB5-reI1OjwvQ4vAPimyVMai3I/getUpdates "HTTP/1.1 200 OK"
2025-12-25 16:04:54,719 - telegram.ext.Application - INFO - Application is stopping. This might take a moment.
2025-12-25 16:04:54,729 - telegram.ext.Application - INFO - Application.stop() complete
2025-12-25 16:05:26,394 - __main__ - INFO - 🤖 Starting Receipt Bot...
2025-12-25 16:05:26,399 - src.bot - INFO - Starting bot...
2025-12-25 16:05:27,009 - httpx - INFO - HTTP Request: POST https://api.telegram.org/bot8476521610:AAFKJ_XrFUB5-reI1OjwvQ4vAPimyVMai3I/getMe "HTTP/1.1 200 OK"
2025-12-25 16:05:27,230 - httpx - INFO - HTTP Request: POST https://api.telegram.org/bot8476521610:AAFKJ_XrFUB5-reI1OjwvQ4vAPimyVMai3I/deleteWebhook "HTTP/1.1 200 OK"
2025-12-25 16:05:27,231 - telegram.ext.Application - INFO - Application started
2025-12-25 16:05:37,829 - httpx - INFO - HTTP Request: POST https://api.telegram.org/bot8476521610:AAFKJ_XrFUB5-reI1OjwvQ4vAPimyVMai3I/getUpdates "HTTP/1.1 200 OK"
2025-12-25 16:05:38,989 - httpx - INFO - HTTP Request: POST https://api.telegram.org/bot8476521610:AAFKJ_XrFUB5-reI1OjwvQ4vAPimyVMai3I/getUpdates "HTTP/1.1 200 OK"
2025-12-25 16:05:38,989 - src.bot - INFO - User zotavioz (1051315576) - Action
2025-12-25 16:05:39,716 - httpx - INFO - HTTP Request: POST https://api.telegram.org/bot8476521610:AAFKJ_XrFUB5-reI1OjwvQ4vAPimyVMai3I/sendMessage "HTTP/1.1 200 OK"
2025-12-25 16:05:49,189 - httpx - INFO - HTTP Request: POST https://api.telegram.org/bot8476521610:AAFKJ_XrFUB5-reI1OjwvQ4vAPimyVMai3I/getUpdates "HTTP/1.1 200 OK"
2025-12-25 16:05:59,389 - httpx - INFO - HTTP Request: POST https://api.telegram.org/bot8476521610:AAFKJ_XrFUB5-reI1OjwvQ4vAPimyVMai3I/getUpdates "HTTP/1.1 200 OK"
2025-12-25 16:06:09,589 - httpx - INFO - HTTP Request: POST https://api.telegram.org/bot8476521610:AAFKJ_XrFUB5-reI1OjwvQ4vAPimyVMai3I/getUpdates "HTTP/1.1 200 OK"
2025-12-25 16:06:19,789 - httpx - INFO - HTTP Request: POST https://api.telegram.org/bot8476521610:AAFKJ_XrFUB5-reI1OjwvQ4vAPimyVMai3I/getUpdates "HTTP/1.1 200 OK"
2025-12-25 16:06:29,984 - httpx - INFO - HTTP Request: POST https://api.telegram.org/bot8476521610:AAFKJ_XrFUB5-reI1OjwvQ4vAPimyVMai3I/getUpdates "HTTP/1.1 200 OK"
2025-12-25 16:06:40,189 - httpx - INFO - HTTP Request: POST https://api.telegram.org/bot8476521610:AAFKJ_XrFUB5-reI1OjwvQ4vAPimyVMai3I/getUpdates "HTTP/1.1 200 OK"
2025-12-25 16:06:50,379 - httpx - INFO - HTTP Request: POST https://api.telegram.org/bot8476521610:AAFKJ_XrFUB5-reI1OjwvQ4vAPimyVMai3I/getUpdates "HTTP/1.1 200 OK"
2025-12-25 16:07:00,579 - httpx - INFO - HTTP Request: POST https://api.telegram.org/bot8476521610:AAFKJ_XrFUB5-reI1OjwvQ4vAPimyVMai3I/getUpdates "HTTP/1.1 200 OK"
2025-12-25 16:07:10,785 - httpx - INFO - HTTP Request: POST https://api.telegram.org/bot8476521610:AAFKJ_XrFUB5-reI1OjwvQ4vAPimyVMai3I/getUpdates "HTTP/1.1 200 OK"
2025-12-25 16:07:20,986 - httpx - INFO - HTTP Request: POST https://api.telegram.org/bot8476521610:AAFKJ_XrFUB5-reI1OjwvQ4vAPimyVMai3I/getUpdates "HTTP/1.1 200 OK"
2025-12-25 16:07:31,184 - httpx - INFO - HTTP Request: POST https://api.telegram.org/bot8476521610:AAFKJ_XrFUB5-reI1OjwvQ4vAPimyVMai3I/getUpdates "HTTP/1.1 200 OK"
2025-12-25 16:07:41,384 - httpx - INFO - HTTP Request: POST https://api.telegram.org/bot8476521610:AAFKJ_XrFUB5-reI1OjwvQ4vAPimyVMai3I/getUpdates "HTTP/1.1 200 OK"
2025-12-25 16:07:51,592 - httpx - INFO - HTTP Request: POST https://api.telegram.org/bot8476521610:AAFKJ_XrFUB5-reI1OjwvQ4vAPimyVMai3I/getUpdates "HTTP/1.1 200 OK"
2025-12-25 16:08:01,789 - httpx - INFO - HTTP Request: POST https://api.telegram.org/bot8476521610:AAFKJ_XrFUB5-reI1OjwvQ4vAPimyVMai3I/getUpdates "HTTP/1.1 200 OK"
2025-12-25 16:08:11,994 - httpx - INFO - HTTP Request: POST https://api.telegram.org/bot8476521610:AAFKJ_XrFUB5-reI1OjwvQ4vAPimyVMai3I/getUpdates "HTTP/1.1 200 OK"
2025-12-25 16:08:22,194 - httpx - INFO - HTTP Request: POST https://api.telegram.org/bot8476521610:AAFKJ_XrFUB5-reI1OjwvQ4vAPimyVMai3I/getUpdates "HTTP/1.1 200 OK"
2025-12-25 16:08:32,396 - httpx - INFO - HTTP Request: POST https://api.telegram.org/bot8476521610:AAFKJ_XrFUB5-reI1OjwvQ4vAPimyVMai3I/getUpdates "HTTP/1.1 200 OK"
2025-12-25 16:08:33,494 - httpx - INFO - HTTP Request: POST https://api.telegram.org/bot8476521610:AAFKJ_XrFUB5-reI1OjwvQ4vAPimyVMai3I/getUpdates "HTTP/1.1 200 OK"
2025-12-25 16:08:33,496 - src.bot - INFO - User zotavioz (1051315576) - Action
2025-12-25 16:08:34,235 - httpx - INFO - HTTP Request: POST https://api.telegram.org/bot8476521610:AAFKJ_XrFUB5-reI1OjwvQ4vAPimyVMai3I/sendMessage "HTTP/1.1 200 OK"
2025-12-25 16:08:34,971 - httpx - INFO - HTTP Request: POST https://api.telegram.org/bot8476521610:AAFKJ_XrFUB5-reI1OjwvQ4vAPimyVMai3I/getFile "HTTP/1.1 200 OK"
2025-12-25 16:08:35,799 - httpx - INFO - HTTP Request: GET https://api.telegram.org/file/bot8476521610%3AAAFKJ_XrFUB5-reI1OjwvQ4vAPimyVMai3I/photos/file_2.jpg "HTTP/1.1 200 OK"
2025-12-25 16:08:36,518 - httpx - INFO - HTTP Request: POST https://api.telegram.org/bot8476521610:AAFKJ_XrFUB5-reI1OjwvQ4vAPimyVMai3I/sendMessage "HTTP/1.1 200 OK"
2025-12-25 16:08:43,694 - httpx - INFO - HTTP Request: POST https://api.telegram.org/bot8476521610:AAFKJ_XrFUB5-reI1OjwvQ4vAPimyVMai3I/getUpdates "HTTP/1.1 200 OK"
2025-12-25 16:08:53,894 - httpx - INFO - HTTP Request: POST https://api.telegram.org/bot8476521610:AAFKJ_XrFUB5-reI1OjwvQ4vAPimyVMai3I/getUpdates "HTTP/1.1 200 OK"
2025-12-25 16:09:04,099 - httpx - INFO - HTTP Request: POST https://api.telegram.org/bot8476521610:AAFKJ_XrFUB5-reI1OjwvQ4vAPimyVMai3I/getUpdates "HTTP/1.1 200 OK"
2025-12-25 16:09:06,993 - httpx - INFO - HTTP Request: POST https://api.telegram.org/bot8476521610:AAFKJ_XrFUB5-reI1OjwvQ4vAPimyVMai3I/getUpdates "HTTP/1.1 200 OK"
2025-12-25 16:09:07,000 - src.bot - INFO - User zotavioz (1051315576) - Action
2025-12-25 16:09:07,741 - httpx - INFO - HTTP Request: POST https://api.telegram.org/bot8476521610:AAFKJ_XrFUB5-reI1OjwvQ4vAPimyVMai3I/sendMessage "HTTP/1.1 200 OK"
2025-12-25 16:09:08,142 - httpx - INFO - HTTP Request: POST https://api.telegram.org/bot8476521610:AAFKJ_XrFUB5-reI1OjwvQ4vAPimyVMai3I/getFile "HTTP/1.1 200 OK"
2025-12-25 16:09:08,346 - httpx - INFO - HTTP Request: GET https://api.telegram.org/file/bot8476521610%3AAAFKJ_XrFUB5-reI1OjwvQ4vAPimyVMai3I/photos/file_3.jpg "HTTP/1.1 200 OK"
2025-12-25 16:09:09,414 - httpx - INFO - HTTP Request: POST https://api.telegram.org/bot8476521610:AAFKJ_XrFUB5-reI1OjwvQ4vAPimyVMai3I/sendMessage "HTTP/1.1 200 OK"
2025-12-25 16:09:13,733 - receipt.webscrapping - INFO - Scraping URL: https://portalsped.fazenda.mg.gov.br/portalnfce/sistema/qrcode.xhtml?p=31251232907983000807651020004139041304618257|2|1|1|9ad8f1091f7cbb1b7ee761385079488c8c6e09de
2025-12-25 16:09:18,101 - httpx - INFO - HTTP Request: POST https://api.telegram.org/bot8476521610:AAFKJ_XrFUB5-reI1OjwvQ4vAPimyVMai3I/getUpdates "HTTP/1.1 200 OK"
2025-12-25 16:09:18,846 - httpx - INFO - HTTP Request: POST https://api.telegram.org/bot8476521610:AAFKJ_XrFUB5-reI1OjwvQ4vAPimyVMai3I/sendMessage "HTTP/1.1 200 OK"
2025-12-25 16:09:22,343 - httpx - INFO - HTTP Request: POST https://api.telegram.org/bot8476521610:AAFKJ_XrFUB5-reI1OjwvQ4vAPimyVMai3I/getUpdates "HTTP/1.1 200 OK"
2025-12-25 16:09:22,348 - src.bot - INFO - User zotavioz (1051315576) - Action
2025-12-25 16:09:22,664 - httpx - INFO - HTTP Request: POST https://api.telegram.org/bot8476521610:AAFKJ_XrFUB5-reI1OjwvQ4vAPimyVMai3I/answerCallbackQuery "HTTP/1.1 200 OK"
2025-12-25 16:09:22,990 - httpx - INFO - HTTP Request: POST https://api.telegram.org/bot8476521610:AAFKJ_XrFUB5-reI1OjwvQ4vAPimyVMai3I/editMessageText "HTTP/1.1 200 OK"
2025-12-25 16:09:23,834 - httpx - INFO - HTTP Request: POST https://api.telegram.org/bot8476521610:AAFKJ_XrFUB5-reI1OjwvQ4vAPimyVMai3I/getUpdates "HTTP/1.1 200 OK"
2025-12-25 16:09:23,841 - src.bot - INFO - User zotavioz (1051315576) - Action
2025-12-25 16:09:24,153 - httpx - INFO - HTTP Request: POST https://api.telegram.org/bot8476521610:AAFKJ_XrFUB5-reI1OjwvQ4vAPimyVMai3I/answerCallbackQuery "HTTP/1.1 200 OK"
2025-12-25 16:09:24,479 - httpx - INFO - HTTP Request: POST https://api.telegram.org/bot8476521610:AAFKJ_XrFUB5-reI1OjwvQ4vAPimyVMai3I/editMessageText "HTTP/1.1 200 OK"
2025-12-25 16:09:32,169 - httpx - INFO - HTTP Request: POST https://api.telegram.org/bot8476521610:AAFKJ_XrFUB5-reI1OjwvQ4vAPimyVMai3I/getUpdates "HTTP/1.1 200 OK"
2025-12-25 16:09:32,169 - src.bot - INFO - User zotavioz (1051315576) - Action
2025-12-25 16:09:32,929 - httpx - INFO - HTTP Request: POST https://api.telegram.org/bot8476521610:AAFKJ_XrFUB5-reI1OjwvQ4vAPimyVMai3I/answerCallbackQuery "HTTP/1.1 200 OK"
2025-12-25 16:09:33,275 - httpx - INFO - HTTP Request: POST https://api.telegram.org/bot8476521610:AAFKJ_XrFUB5-reI1OjwvQ4vAPimyVMai3I/editMessageText "HTTP/1.1 200 OK"
2025-12-25 16:09:42,379 - httpx - INFO - HTTP Request: POST https://api.telegram.org/bot8476521610:AAFKJ_XrFUB5-reI1OjwvQ4vAPimyVMai3I/getUpdates "HTTP/1.1 200 OK"
2025-12-25 16:09:50,144 - httpx - INFO - HTTP Request: POST https://api.telegram.org/bot8476521610:AAFKJ_XrFUB5-reI1OjwvQ4vAPimyVMai3I/getUpdates "HTTP/1.1 200 OK"
2025-12-25 16:09:50,148 - src.bot - INFO - User zotavioz (1051315576) - Action
2025-12-25 16:09:50,910 - httpx - INFO - HTTP Request: POST https://api.telegram.org/bot8476521610:AAFKJ_XrFUB5-reI1OjwvQ4vAPimyVMai3I/sendMessage "HTTP/1.1 200 OK"
2025-12-25 16:10:00,374 - httpx - INFO - HTTP Request: POST https://api.telegram.org/bot8476521610:AAFKJ_XrFUB5-reI1OjwvQ4vAPimyVMai3I/getUpdates "HTTP/1.1 200 OK"
2025-12-25 16:10:10,569 - httpx - INFO - HTTP Request: POST https://api.telegram.org/bot8476521610:AAFKJ_XrFUB5-reI1OjwvQ4vAPimyVMai3I/getUpdates "HTTP/1.1 200 OK"
2025-12-25 16:10:20,778 - httpx - INFO - HTTP Request: POST https://api.telegram.org/bot8476521610:AAFKJ_XrFUB5-reI1OjwvQ4vAPimyVMai3I/getUpdates "HTTP/1.1 200 OK"
2025-12-25 16:10:30,979 - httpx - INFO - HTTP Request: POST https://api.telegram.org/bot8476521610:AAFKJ_XrFUB5-reI1OjwvQ4vAPimyVMai3I/getUpdates "HTTP/1.1 200 OK"
2025-12-25 16:14:33,208 - __main__ - INFO - 🤖 Starting Receipt Bot...
2025-12-25 16:14:33,208 - src.bot - INFO - Starting bot...
2025-12-25 16:14:33,846 - httpx - INFO - HTTP Request: POST https://api.telegram.org/bot8476521610:AAFKJ_XrFUB5-reI1OjwvQ4vAPimyVMai3I/getMe "HTTP/1.1 200 OK"
2025-12-25 16:14:34,053 - httpx - INFO - HTTP Request: POST https://api.telegram.org/bot8476521610:AAFKJ_XrFUB5-reI1OjwvQ4vAPimyVMai3I/deleteWebhook "HTTP/1.1 200 OK"
2025-12-25 16:14:34,058 - telegram.ext.Application - INFO - Application started
2025-12-25 16:14:41,719 - httpx - INFO - HTTP Request: POST https://api.telegram.org/bot8476521610:AAFKJ_XrFUB5-reI1OjwvQ4vAPimyVMai3I/getUpdates "HTTP/1.1 200 OK"
2025-12-25 16:14:41,719 - src.bot - INFO - User zotavioz (1051315576) - Action
2025-12-25 16:14:42,494 - httpx - INFO - HTTP Request: POST https://api.telegram.org/bot8476521610:AAFKJ_XrFUB5-reI1OjwvQ4vAPimyVMai3I/sendMessage "HTTP/1.1 200 OK"
2025-12-25 16:14:51,941 - httpx - INFO - HTTP Request: POST https://api.telegram.org/bot8476521610:AAFKJ_XrFUB5-reI1OjwvQ4vAPimyVMai3I/getUpdates "HTTP/1.1 200 OK"
2025-12-25 16:15:02,144 - httpx - INFO - HTTP Request: POST https://api.telegram.org/bot8476521610:AAFKJ_XrFUB5-reI1OjwvQ4vAPimyVMai3I/getUpdates "HTTP/1.1 200 OK"
2025-12-25 16:15:12,348 - httpx - INFO - HTTP Request: POST https://api.telegram.org/bot8476521610:AAFKJ_XrFUB5-reI1OjwvQ4vAPimyVMai3I/getUpdates "HTTP/1.1 200 OK"
2025-12-25 16:15:22,553 - httpx - INFO - HTTP Request: POST https://api.telegram.org/bot8476521610:AAFKJ_XrFUB5-reI1OjwvQ4vAPimyVMai3I/getUpdates "HTTP/1.1 200 OK"
2025-12-25 16:15:32,759 - httpx - INFO - HTTP Request: POST https://api.telegram.org/bot8476521610:AAFKJ_XrFUB5-reI1OjwvQ4vAPimyVMai3I/getUpdates "HTTP/1.1 200 OK"
2025-12-25 16:15:42,968 - httpx - INFO - HTTP Request: POST https://api.telegram.org/bot8476521610:AAFKJ_XrFUB5-reI1OjwvQ4vAPimyVMai3I/getUpdates "HTTP/1.1 200 OK"
2025-12-25 16:15:53,179 - httpx - INFO - HTTP Request: POST https://api.telegram.org/bot8476521610:AAFKJ_XrFUB5-reI1OjwvQ4vAPimyVMai3I/getUpdates "HTTP/1.1 200 OK"
2025-12-25 16:16:03,384 - httpx - INFO - HTTP Request: POST https://api.telegram.org/bot8476521610:AAFKJ_XrFUB5-reI1OjwvQ4vAPimyVMai3I/getUpdates "HTTP/1.1 200 OK"
2025-12-25 16:16:13,592 - httpx - INFO - HTTP Request: POST https://api.telegram.org/bot8476521610:AAFKJ_XrFUB5-reI1OjwvQ4vAPimyVMai3I/getUpdates "HTTP/1.1 200 OK"
2025-12-25 16:16:23,798 - httpx - INFO - HTTP Request: POST https://api.telegram.org/bot8476521610:AAFKJ_XrFUB5-reI1OjwvQ4vAPimyVMai3I/getUpdates "HTTP/1.1 200 OK"
2025-12-25 16:16:34,009 - httpx - INFO - HTTP Request: POST https://api.telegram.org/bot8476521610:AAFKJ_XrFUB5-reI1OjwvQ4vAPimyVMai3I/getUpdates "HTTP/1.1 200 OK"
2025-12-25 16:16:44,214 - httpx - INFO - HTTP Request: POST https://api.telegram.org/bot8476521610:AAFKJ_XrFUB5-reI1OjwvQ4vAPimyVMai3I/getUpdates "HTTP/1.1 200 OK"
2025-12-25 16:16:54,414 - httpx - INFO - HTTP Request: POST https://api.telegram.org/bot8476521610:AAFKJ_XrFUB5-reI1OjwvQ4vAPimyVMai3I/getUpdates "HTTP/1.1 200 OK"
2025-12-25 16:17:04,629 - httpx - INFO - HTTP Request: POST https://api.telegram.org/bot8476521610:AAFKJ_XrFUB5-reI1OjwvQ4vAPimyVMai3I/getUpdates "HTTP/1.1 200 OK"
2025-12-25 16:17:14,834 - httpx - INFO - HTTP Request: POST https://api.telegram.org/bot8476521610:AAFKJ_XrFUB5-reI1OjwvQ4vAPimyVMai3I/getUpdates "HTTP/1.1 200 OK"
2025-12-25 16:17:25,039 - httpx - INFO - HTTP Request: POST https://api.telegram.org/bot8476521610:AAFKJ_XrFUB5-reI1OjwvQ4vAPimyVMai3I/getUpdates "HTTP/1.1 200 OK"
2025-12-25 16:17:35,244 - httpx - INFO - HTTP Request: POST https://api.telegram.org/bot8476521610:AAFKJ_XrFUB5-reI1OjwvQ4vAPimyVMai3I/getUpdates "HTTP/1.1 200 OK"
2025-12-25 16:17:45,444 - httpx - INFO - HTTP Request: POST https://api.telegram.org/bot8476521610:AAFKJ_XrFUB5-reI1OjwvQ4vAPimyVMai3I/getUpdates "HTTP/1.1 200 OK"
2025-12-25 16:17:55,654 - httpx - INFO - HTTP Request: POST https://api.telegram.org/bot8476521610:AAFKJ_XrFUB5-reI1OjwvQ4vAPimyVMai3I/getUpdates "HTTP/1.1 200 OK"
2025-12-25 16:18:05,863 - httpx - INFO - HTTP Request: POST https://api.telegram.org/bot8476521610:AAFKJ_XrFUB5-reI1OjwvQ4vAPimyVMai3I/getUpdates "HTTP/1.1 200 OK"
2025-12-25 16:18:16,074 - httpx - INFO - HTTP Request: POST https://api.telegram.org/bot8476521610:AAFKJ_XrFUB5-reI1OjwvQ4vAPimyVMai3I/getUpdates "HTTP/1.1 200 OK"
2025-12-25 16:18:26,274 - httpx - INFO - HTTP Request: POST https://api.telegram.org/bot8476521610:AAFKJ_XrFUB5-reI1OjwvQ4vAPimyVMai3I/getUpdates "HTTP/1.1 200 OK"
2025-12-25 16:18:36,487 - httpx - INFO - HTTP Request: POST https://api.telegram.org/bot8476521610:AAFKJ_XrFUB5-reI1OjwvQ4vAPimyVMai3I/getUpdates "HTTP/1.1 200 OK"
2025-12-25 16:18:46,689 - httpx - INFO - HTTP Request: POST https://api.telegram.org/bot8476521610:AAFKJ_XrFUB5-reI1OjwvQ4vAPimyVMai3I/getUpdates "HTTP/1.1 200 OK"
2025-12-25 16:18:56,894 - httpx - INFO - HTTP Request: POST https://api.telegram.org/bot8476521610:AAFKJ_XrFUB5-reI1OjwvQ4vAPimyVMai3I/getUpdates "HTTP/1.1 200 OK"
2025-12-25 16:19:07,099 - httpx - INFO - HTTP Request: POST https://api.telegram.org/bot8476521610:AAFKJ_XrFUB5-reI1OjwvQ4vAPimyVMai3I/getUpdates "HTTP/1.1 200 OK"
2025-12-25 16:19:17,293 - httpx - INFO - HTTP Request: POST https://api.telegram.org/bot8476521610:AAFKJ_XrFUB5-reI1OjwvQ4vAPimyVMai3I/getUpdates "HTTP/1.1 200 OK"
2025-12-25 16:19:27,494 - httpx - INFO - HTTP Request: POST https://api.telegram.org/bot8476521610:AAFKJ_XrFUB5-reI1OjwvQ4vAPimyVMai3I/getUpdates "HTTP/1.1 200 OK"
2025-12-25 16:19:37,704 - httpx - INFO - HTTP Request: POST https://api.telegram.org/bot8476521610:AAFKJ_XrFUB5-reI1OjwvQ4vAPimyVMai3I/getUpdates "HTTP/1.1 200 OK"
2025-12-25 16:19:47,909 - httpx - INFO - HTTP Request: POST https://api.telegram.org/bot8476521610:AAFKJ_XrFUB5-reI1OjwvQ4vAPimyVMai3I/getUpdates "HTTP/1.1 200 OK"
2025-12-25 16:19:58,114 - httpx - INFO - HTTP Request: POST https://api.telegram.org/bot8476521610:AAFKJ_XrFUB5-reI1OjwvQ4vAPimyVMai3I/getUpdates "HTTP/1.1 200 OK"
2025-12-25 16:20:08,323 - httpx - INFO - HTTP Request: POST https://api.telegram.org/bot8476521610:AAFKJ_XrFUB5-reI1OjwvQ4vAPimyVMai3I/getUpdates "HTTP/1.1 200 OK"
2025-12-25 16:20:18,524 - httpx - INFO - HTTP Request: POST https://api.telegram.org/bot8476521610:AAFKJ_XrFUB5-reI1OjwvQ4vAPimyVMai3I/getUpdates "HTTP/1.1 200 OK"
2025-12-25 16:20:28,724 - httpx - INFO - HTTP Request: POST https://api.telegram.org/bot8476521610:AAFKJ_XrFUB5-reI1OjwvQ4vAPimyVMai3I/getUpdates "HTTP/1.1 200 OK"
2025-12-25 16:20:38,933 - httpx - INFO - HTTP Request: POST https://api.telegram.org/bot8476521610:AAFKJ_XrFUB5-reI1OjwvQ4vAPimyVMai3I/getUpdates "HTTP/1.1 200 OK"
2025-12-25 16:20:49,134 - httpx - INFO - HTTP Request: POST https://api.telegram.org/bot8476521610:AAFKJ_XrFUB5-reI1OjwvQ4vAPimyVMai3I/getUpdates "HTTP/1.1 200 OK"
2025-12-25 16:20:59,345 - httpx - INFO - HTTP Request: POST https://api.telegram.org/bot8476521610:AAFKJ_XrFUB5-reI1OjwvQ4vAPimyVMai3I/getUpdates "HTTP/1.1 200 OK"
2025-12-25 16:21:09,543 - httpx - INFO - HTTP Request: POST https://api.telegram.org/bot8476521610:AAFKJ_XrFUB5-reI1OjwvQ4vAPimyVMai3I/getUpdates "HTTP/1.1 200 OK"
2025-12-25 16:21:19,755 - httpx - INFO - HTTP Request: POST https://api.telegram.org/bot8476521610:AAFKJ_XrFUB5-reI1OjwvQ4vAPimyVMai3I/getUpdates "HTTP/1.1 200 OK"
2025-12-25 16:21:29,964 - httpx - INFO - HTTP Request: POST https://api.telegram.org/bot8476521610:AAFKJ_XrFUB5-reI1OjwvQ4vAPimyVMai3I/getUpdates "HTTP/1.1 200 OK"
2025-12-25 16:21:40,165 - httpx - INFO - HTTP Request: POST https://api.telegram.org/bot8476521610:AAFKJ_XrFUB5-reI1OjwvQ4vAPimyVMai3I/getUpdates "HTTP/1.1 200 OK"
2025-12-25 16:21:50,363 - httpx - INFO - HTTP Request: POST https://api.telegram.org/bot8476521610:AAFKJ_XrFUB5-reI1OjwvQ4vAPimyVMai3I/getUpdates "HTTP/1.1 200 OK"
2025-12-25 16:22:00,575 - httpx - INFO - HTTP Request: POST https://api.telegram.org/bot8476521610:AAFKJ_XrFUB5-reI1OjwvQ4vAPimyVMai3I/getUpdates "HTTP/1.1 200 OK"
2025-12-25 16:22:10,786 - httpx - INFO - HTTP Request: POST https://api.telegram.org/bot8476521610:AAFKJ_XrFUB5-reI1OjwvQ4vAPimyVMai3I/getUpdates "HTTP/1.1 200 OK"
2025-12-25 16:22:20,988 - httpx - INFO - HTTP Request: POST https://api.telegram.org/bot8476521610:AAFKJ_XrFUB5-reI1OjwvQ4vAPimyVMai3I/getUpdates "HTTP/1.1 200 OK"
2025-12-25 16:22:31,193 - httpx - INFO - HTTP Request: POST https://api.telegram.org/bot8476521610:AAFKJ_XrFUB5-reI1OjwvQ4vAPimyVMai3I/getUpdates "HTTP/1.1 200 OK"
2025-12-25 16:22:32,455 - httpx - INFO - HTTP Request: POST https://api.telegram.org/bot8476521610:AAFKJ_XrFUB5-reI1OjwvQ4vAPimyVMai3I/getUpdates "HTTP/1.1 200 OK"
2025-12-25 16:22:32,458 - src.bot - INFO - User zotavioz (1051315576) - Action
2025-12-25 16:22:33,181 - httpx - INFO - HTTP Request: POST https://api.telegram.org/bot8476521610:AAFKJ_XrFUB5-reI1OjwvQ4vAPimyVMai3I/sendMessage "HTTP/1.1 200 OK"
2025-12-25 16:22:33,909 - httpx - INFO - HTTP Request: POST https://api.telegram.org/bot8476521610:AAFKJ_XrFUB5-reI1OjwvQ4vAPimyVMai3I/getFile "HTTP/1.1 200 OK"
2025-12-25 16:22:34,303 - httpx - INFO - HTTP Request: GET https://api.telegram.org/file/bot8476521610%3AAAFKJ_XrFUB5-reI1OjwvQ4vAPimyVMai3I/photos/file_4.jpg "HTTP/1.1 200 OK"
2025-12-25 16:22:35,153 - httpx - INFO - HTTP Request: POST https://api.telegram.org/bot8476521610:AAFKJ_XrFUB5-reI1OjwvQ4vAPimyVMai3I/sendMessage "HTTP/1.1 200 OK"
2025-12-25 16:22:36,921 - receipt.webscrapping - INFO - Scraping URL: https://portalsped.fazenda.mg.gov.br/portalnfce/sistema/qrcode.xhtml?p=31251232907983000807651020004139041304618257|2|1|1|9ad8f1091f7cbb1b7ee761385079488c8c6e09de
2025-12-25 16:22:41,563 - httpx - INFO - HTTP Request: POST https://api.telegram.org/bot8476521610:AAFKJ_XrFUB5-reI1OjwvQ4vAPimyVMai3I/sendMessage "HTTP/1.1 200 OK"
2025-12-25 16:22:42,663 - httpx - INFO - HTTP Request: POST https://api.telegram.org/bot8476521610:AAFKJ_XrFUB5-reI1OjwvQ4vAPimyVMai3I/getUpdates "HTTP/1.1 200 OK"
2025-12-25 16:22:45,413 - httpx - INFO - HTTP Request: POST https://api.telegram.org/bot8476521610:AAFKJ_XrFUB5-reI1OjwvQ4vAPimyVMai3I/getUpdates "HTTP/1.1 200 OK"
2025-12-25 16:22:45,413 - src.bot - INFO - User zotavioz (1051315576) - Action
2025-12-25 16:22:45,723 - httpx - INFO - HTTP Request: POST https://api.telegram.org/bot8476521610:AAFKJ_XrFUB5-reI1OjwvQ4vAPimyVMai3I/getUpdates "HTTP/1.1 200 OK"
2025-12-25 16:22:45,743 - httpx - INFO - HTTP Request: POST https://api.telegram.org/bot8476521610:AAFKJ_XrFUB5-reI1OjwvQ4vAPimyVMai3I/answerCallbackQuery "HTTP/1.1 200 OK"
2025-12-25 16:22:46,303 - httpx - INFO - HTTP Request: POST https://api.telegram.org/bot8476521610:AAFKJ_XrFUB5-reI1OjwvQ4vAPimyVMai3I/editMessageText "HTTP/1.1 200 OK"
2025-12-25 16:22:46,316 - src.bot - INFO - User zotavioz (1051315576) - Action
2025-12-25 16:22:46,634 - httpx - INFO - HTTP Request: POST https://api.telegram.org/bot8476521610:AAFKJ_XrFUB5-reI1OjwvQ4vAPimyVMai3I/answerCallbackQuery "HTTP/1.1 200 OK"
2025-12-25 16:22:46,953 - httpx - INFO - HTTP Request: POST https://api.telegram.org/bot8476521610:AAFKJ_XrFUB5-reI1OjwvQ4vAPimyVMai3I/editMessageText "HTTP/1.1 200 OK"
2025-12-25 16:22:55,924 - httpx - INFO - HTTP Request: POST https://api.telegram.org/bot8476521610:AAFKJ_XrFUB5-reI1OjwvQ4vAPimyVMai3I/getUpdates "HTTP/1.1 200 OK"
2025-12-25 16:22:56,244 - httpx - INFO - HTTP Request: POST https://api.telegram.org/bot8476521610:AAFKJ_XrFUB5-reI1OjwvQ4vAPimyVMai3I/getUpdates "HTTP/1.1 200 OK"
2025-12-25 16:22:56,254 - src.bot - INFO - User zotavioz (1051315576) - Action
2025-12-25 16:22:57,474 - httpx - INFO - HTTP Request: POST https://api.telegram.org/bot8476521610:AAFKJ_XrFUB5-reI1OjwvQ4vAPimyVMai3I/answerCallbackQuery "HTTP/1.1 200 OK"
2025-12-25 16:22:57,813 - httpx - INFO - HTTP Request: POST https://api.telegram.org/bot8476521610:AAFKJ_XrFUB5-reI1OjwvQ4vAPimyVMai3I/editMessageText "HTTP/1.1 200 OK"
2025-12-25 16:23:06,463 - httpx - INFO - HTTP Request: POST https://api.telegram.org/bot8476521610:AAFKJ_XrFUB5-reI1OjwvQ4vAPimyVMai3I/getUpdates "HTTP/1.1 200 OK"
2025-12-25 16:23:16,663 - httpx - INFO - HTTP Request: POST https://api.telegram.org/bot8476521610:AAFKJ_XrFUB5-reI1OjwvQ4vAPimyVMai3I/getUpdates "HTTP/1.1 200 OK"
2025-12-25 16:23:26,883 - httpx - INFO - HTTP Request: POST https://api.telegram.org/bot8476521610:AAFKJ_XrFUB5-reI1OjwvQ4vAPimyVMai3I/getUpdates "HTTP/1.1 200 OK"
2025-12-25 16:23:40,573 - __main__ - INFO - 🤖 Starting Receipt Bot...
2025-12-25 16:23:40,573 - src.bot - INFO - Starting bot...
2025-12-25 16:23:41,248 - httpx - INFO - HTTP Request: POST https://api.telegram.org/bot8476521610:AAFKJ_XrFUB5-reI1OjwvQ4vAPimyVMai3I/getMe "HTTP/1.1 200 OK"
2025-12-25 16:23:41,473 - httpx - INFO - HTTP Request: POST https://api.telegram.org/bot8476521610:AAFKJ_XrFUB5-reI1OjwvQ4vAPimyVMai3I/deleteWebhook "HTTP/1.1 200 OK"
2025-12-25 16:23:41,493 - telegram.ext.Application - INFO - Application started
2025-12-25 16:23:52,115 - httpx - INFO - HTTP Request: POST https://api.telegram.org/bot8476521610:AAFKJ_XrFUB5-reI1OjwvQ4vAPimyVMai3I/getUpdates "HTTP/1.1 200 OK"
2025-12-25 16:24:02,324 - httpx - INFO - HTTP Request: POST https://api.telegram.org/bot8476521610:AAFKJ_XrFUB5-reI1OjwvQ4vAPimyVMai3I/getUpdates "HTTP/1.1 200 OK"
2025-12-25 16:24:10,677 - httpx - INFO - HTTP Request: POST https://api.telegram.org/bot8476521610:AAFKJ_XrFUB5-reI1OjwvQ4vAPimyVMai3I/getUpdates "HTTP/1.1 200 OK"
2025-12-25 16:24:10,698 - src.bot - INFO - User zotavioz (1051315576) - Action
2025-12-25 16:24:11,463 - httpx - INFO - HTTP Request: POST https://api.telegram.org/bot8476521610:AAFKJ_XrFUB5-reI1OjwvQ4vAPimyVMai3I/sendMessage "HTTP/1.1 200 OK"
2025-12-25 16:24:11,883 - httpx - INFO - HTTP Request: POST https://api.telegram.org/bot8476521610:AAFKJ_XrFUB5-reI1OjwvQ4vAPimyVMai3I/getFile "HTTP/1.1 200 OK"
2025-12-25 16:24:12,113 - httpx - INFO - HTTP Request: GET https://api.telegram.org/file/bot8476521610%3AAAFKJ_XrFUB5-reI1OjwvQ4vAPimyVMai3I/photos/file_5.jpg "HTTP/1.1 200 OK"
2025-12-25 16:24:13,203 - httpx - INFO - HTTP Request: POST https://api.telegram.org/bot8476521610:AAFKJ_XrFUB5-reI1OjwvQ4vAPimyVMai3I/sendMessage "HTTP/1.1 200 OK"
2025-12-25 16:24:15,053 - receipt.webscrapping - INFO - Scraping URL: https://portalsped.fazenda.mg.gov.br/portalnfce/sistema/qrcode.xhtml?p=31251232907983000807651020004139041304618257|2|1|1|9ad8f1091f7cbb1b7ee761385079488c8c6e09de
2025-12-25 16:39:24,110 - __main__ - INFO - 🤖 Starting Receipt Bot...
2025-12-25 16:39:24,114 - src.bot - INFO - Starting bot...
2025-12-25 16:39:24,763 - httpx - INFO - HTTP Request: POST https://api.telegram.org/bot8476521610:AAFKJ_XrFUB5-reI1OjwvQ4vAPimyVMai3I/getMe "HTTP/1.1 200 OK"
2025-12-25 16:39:24,967 - httpx - INFO - HTTP Request: POST https://api.telegram.org/bot8476521610:AAFKJ_XrFUB5-reI1OjwvQ4vAPimyVMai3I/deleteWebhook "HTTP/1.1 200 OK"
2025-12-25 16:39:24,976 - telegram.ext.Application - INFO - Application started
2025-12-25 16:39:35,591 - httpx - INFO - HTTP Request: POST https://api.telegram.org/bot8476521610:AAFKJ_XrFUB5-reI1OjwvQ4vAPimyVMai3I/getUpdates "HTTP/1.1 200 OK"
2025-12-25 16:39:45,815 - httpx - INFO - HTTP Request: POST https://api.telegram.org/bot8476521610:AAFKJ_XrFUB5-reI1OjwvQ4vAPimyVMai3I/getUpdates "HTTP/1.1 200 OK"
2025-12-25 16:39:56,020 - httpx - INFO - HTTP Request: POST https://api.telegram.org/bot8476521610:AAFKJ_XrFUB5-reI1OjwvQ4vAPimyVMai3I/getUpdates "HTTP/1.1 200 OK"
2025-12-25 16:39:59,293 - httpx - INFO - HTTP Request: POST https://api.telegram.org/bot8476521610:AAFKJ_XrFUB5-reI1OjwvQ4vAPimyVMai3I/getUpdates "HTTP/1.1 200 OK"
2025-12-25 16:39:59,297 - src.bot - INFO - User zotavioz (1051315576) - Action
2025-12-25 16:40:00,033 - httpx - INFO - HTTP Request: POST https://api.telegram.org/bot8476521610:AAFKJ_XrFUB5-reI1OjwvQ4vAPimyVMai3I/sendMessage "HTTP/1.1 200 OK"
2025-12-25 16:40:00,761 - httpx - INFO - HTTP Request: POST https://api.telegram.org/bot8476521610:AAFKJ_XrFUB5-reI1OjwvQ4vAPimyVMai3I/getFile "HTTP/1.1 200 OK"
2025-12-25 16:40:01,566 - httpx - INFO - HTTP Request: GET https://api.telegram.org/file/bot8476521610%3AAAFKJ_XrFUB5-reI1OjwvQ4vAPimyVMai3I/photos/file_6.jpg "HTTP/1.1 200 OK"
2025-12-25 16:40:02,607 - httpx - INFO - HTTP Request: POST https://api.telegram.org/bot8476521610:AAFKJ_XrFUB5-reI1OjwvQ4vAPimyVMai3I/sendMessage "HTTP/1.1 200 OK"
2025-12-25 16:40:04,408 - receipt.webscrapping - INFO - Scraping URL: https://portalsped.fazenda.mg.gov.br/portalnfce/sistema/qrcode.xhtml?p=31251232907983000807651020004139041304618257|2|1|1|9ad8f1091f7cbb1b7ee761385079488c8c6e09de
2025-12-25 16:40:58,774 - httpx - INFO - HTTP Request: POST https://api.telegram.org/bot8476521610:AAFKJ_XrFUB5-reI1OjwvQ4vAPimyVMai3I/getUpdates "HTTP/1.1 200 OK"
2025-12-25 16:41:00,450 - httpx - INFO - HTTP Request: POST https://api.telegram.org/bot8476521610:AAFKJ_XrFUB5-reI1OjwvQ4vAPimyVMai3I/sendMessage "HTTP/1.1 200 OK"
2025-12-25 16:41:01,758 - httpx - INFO - HTTP Request: POST https://api.telegram.org/bot8476521610:AAFKJ_XrFUB5-reI1OjwvQ4vAPimyVMai3I/getUpdates "HTTP/1.1 200 OK"
2025-12-25 16:41:11,962 - httpx - INFO - HTTP Request: POST https://api.telegram.org/bot8476521610:AAFKJ_XrFUB5-reI1OjwvQ4vAPimyVMai3I/getUpdates "HTTP/1.1 200 OK"
2025-12-25 16:41:22,167 - httpx - INFO - HTTP Request: POST https://api.telegram.org/bot8476521610:AAFKJ_XrFUB5-reI1OjwvQ4vAPimyVMai3I/getUpdates "HTTP/1.1 200 OK"
2025-12-25 16:41:32,377 - httpx - INFO - HTTP Request: POST https://api.telegram.org/bot8476521610:AAFKJ_XrFUB5-reI1OjwvQ4vAPimyVMai3I/getUpdates "HTTP/1.1 200 OK"
2025-12-25 16:41:42,590 - httpx - INFO - HTTP Request: POST https://api.telegram.org/bot8476521610:AAFKJ_XrFUB5-reI1OjwvQ4vAPimyVMai3I/getUpdates "HTTP/1.1 200 OK"
2025-12-25 16:41:52,809 - httpx - INFO - HTTP Request: POST https://api.telegram.org/bot8476521610:AAFKJ_XrFUB5-reI1OjwvQ4vAPimyVMai3I/getUpdates "HTTP/1.1 200 OK"
2025-12-25 16:42:03,033 - httpx - INFO - HTTP Request: POST https://api.telegram.org/bot8476521610:AAFKJ_XrFUB5-reI1OjwvQ4vAPimyVMai3I/getUpdates "HTTP/1.1 200 OK"
2025-12-25 16:42:13,241 - httpx - INFO - HTTP Request: POST https://api.telegram.org/bot8476521610:AAFKJ_XrFUB5-reI1OjwvQ4vAPimyVMai3I/getUpdates "HTTP/1.1 200 OK"
2025-12-25 16:42:23,444 - httpx - INFO - HTTP Request: POST https://api.telegram.org/bot8476521610:AAFKJ_XrFUB5-reI1OjwvQ4vAPimyVMai3I/getUpdates "HTTP/1.1 200 OK"
2025-12-25 16:42:33,650 - httpx - INFO - HTTP Request: POST https://api.telegram.org/bot8476521610:AAFKJ_XrFUB5-reI1OjwvQ4vAPimyVMai3I/getUpdates "HTTP/1.1 200 OK"
2025-12-25 16:42:43,858 - httpx - INFO - HTTP Request: POST https://api.telegram.org/bot8476521610:AAFKJ_XrFUB5-reI1OjwvQ4vAPimyVMai3I/getUpdates "HTTP/1.1 200 OK"
2025-12-25 16:42:54,062 - httpx - INFO - HTTP Request: POST https://api.telegram.org/bot8476521610:AAFKJ_XrFUB5-reI1OjwvQ4vAPimyVMai3I/getUpdates "HTTP/1.1 200 OK"
2025-12-25 16:43:04,271 - httpx - INFO - HTTP Request: POST https://api.telegram.org/bot8476521610:AAFKJ_XrFUB5-reI1OjwvQ4vAPimyVMai3I/getUpdates "HTTP/1.1 200 OK"
2025-12-25 16:43:14,476 - httpx - INFO - HTTP Request: POST https://api.telegram.org/bot8476521610:AAFKJ_XrFUB5-reI1OjwvQ4vAPimyVMai3I/getUpdates "HTTP/1.1 200 OK"
2025-12-25 16:43:24,679 - httpx - INFO - HTTP Request: POST https://api.telegram.org/bot8476521610:AAFKJ_XrFUB5-reI1OjwvQ4vAPimyVMai3I/getUpdates "HTTP/1.1 200 OK"
2025-12-25 16:43:34,891 - httpx - INFO - HTTP Request: POST https://api.telegram.org/bot8476521610:AAFKJ_XrFUB5-reI1OjwvQ4vAPimyVMai3I/getUpdates "HTTP/1.1 200 OK"
2025-12-25 16:43:45,302 - httpx - INFO - HTTP Request: POST https://api.telegram.org/bot8476521610:AAFKJ_XrFUB5-reI1OjwvQ4vAPimyVMai3I/getUpdates "HTTP/1.1 200 OK"
2025-12-25 16:43:55,508 - httpx - INFO - HTTP Request: POST https://api.telegram.org/bot8476521610:AAFKJ_XrFUB5-reI1OjwvQ4vAPimyVMai3I/getUpdates "HTTP/1.1 200 OK"
2025-12-25 16:44:05,712 - httpx - INFO - HTTP Request: POST https://api.telegram.org/bot8476521610:AAFKJ_XrFUB5-reI1OjwvQ4vAPimyVMai3I/getUpdates "HTTP/1.1 200 OK"
2025-12-25 16:44:10,737 - httpx - INFO - HTTP Request: POST https://api.telegram.org/bot8476521610:AAFKJ_XrFUB5-reI1OjwvQ4vAPimyVMai3I/getUpdates "HTTP/1.1 200 OK"
2025-12-25 16:44:20,960 - httpx - INFO - HTTP Request: POST https://api.telegram.org/bot8476521610:AAFKJ_XrFUB5-reI1OjwvQ4vAPimyVMai3I/getUpdates "HTTP/1.1 200 OK"
2025-12-25 16:44:31,169 - httpx - INFO - HTTP Request: POST https://api.telegram.org/bot8476521610:AAFKJ_XrFUB5-reI1OjwvQ4vAPimyVMai3I/getUpdates "HTTP/1.1 200 OK"
2025-12-25 16:44:41,375 - httpx - INFO - HTTP Request: POST https://api.telegram.org/bot8476521610:AAFKJ_XrFUB5-reI1OjwvQ4vAPimyVMai3I/getUpdates "HTTP/1.1 200 OK"
2025-12-25 16:44:51,580 - httpx - INFO - HTTP Request: POST https://api.telegram.org/bot8476521610:AAFKJ_XrFUB5-reI1OjwvQ4vAPimyVMai3I/getUpdates "HTTP/1.1 200 OK"
2025-12-25 16:45:01,784 - httpx - INFO - HTTP Request: POST https://api.telegram.org/bot8476521610:AAFKJ_XrFUB5-reI1OjwvQ4vAPimyVMai3I/getUpdates "HTTP/1.1 200 OK"
2025-12-25 16:45:11,991 - httpx - INFO - HTTP Request: POST https://api.telegram.org/bot8476521610:AAFKJ_XrFUB5-reI1OjwvQ4vAPimyVMai3I/getUpdates "HTTP/1.1 200 OK"
2025-12-25 16:45:22,198 - httpx - INFO - HTTP Request: POST https://api.telegram.org/bot8476521610:AAFKJ_XrFUB5-reI1OjwvQ4vAPimyVMai3I/getUpdates "HTTP/1.1 200 OK"
2025-12-25 16:45:32,423 - httpx - INFO - HTTP Request: POST https://api.telegram.org/bot8476521610:AAFKJ_XrFUB5-reI1OjwvQ4vAPimyVMai3I/getUpdates "HTTP/1.1 200 OK"
2025-12-25 16:45:42,632 - httpx - INFO - HTTP Request: POST https://api.telegram.org/bot8476521610:AAFKJ_XrFUB5-reI1OjwvQ4vAPimyVMai3I/getUpdates "HTTP/1.1 200 OK"
2025-12-25 16:45:52,838 - httpx - INFO - HTTP Request: POST https://api.telegram.org/bot8476521610:AAFKJ_XrFUB5-reI1OjwvQ4vAPimyVMai3I/getUpdates "HTTP/1.1 200 OK"
2025-12-25 16:46:03,051 - httpx - INFO - HTTP Request: POST https://api.telegram.org/bot8476521610:AAFKJ_XrFUB5-reI1OjwvQ4vAPimyVMai3I/getUpdates "HTTP/1.1 200 OK"
2025-12-25 16:46:13,257 - httpx - INFO - HTTP Request: POST https://api.telegram.org/bot8476521610:AAFKJ_XrFUB5-reI1OjwvQ4vAPimyVMai3I/getUpdates "HTTP/1.1 200 OK"
2025-12-25 16:46:23,471 - httpx - INFO - HTTP Request: POST https://api.telegram.org/bot8476521610:AAFKJ_XrFUB5-reI1OjwvQ4vAPimyVMai3I/getUpdates "HTTP/1.1 200 OK"
2025-12-25 16:46:33,701 - httpx - INFO - HTTP Request: POST https://api.telegram.org/bot8476521610:AAFKJ_XrFUB5-reI1OjwvQ4vAPimyVMai3I/getUpdates "HTTP/1.1 200 OK"
2025-12-25 16:46:44,021 - httpx - INFO - HTTP Request: POST https://api.telegram.org/bot8476521610:AAFKJ_XrFUB5-reI1OjwvQ4vAPimyVMai3I/getUpdates "HTTP/1.1 200 OK"
2025-12-25 16:46:50,494 - httpx - INFO - HTTP Request: POST https://api.telegram.org/bot8476521610:AAFKJ_XrFUB5-reI1OjwvQ4vAPimyVMai3I/getUpdates "HTTP/1.1 200 OK"
2025-12-25 16:47:00,710 - httpx - INFO - HTTP Request: POST https://api.telegram.org/bot8476521610:AAFKJ_XrFUB5-reI1OjwvQ4vAPimyVMai3I/getUpdates "HTTP/1.1 200 OK"
2025-12-25 16:47:10,917 - httpx - INFO - HTTP Request: POST https://api.telegram.org/bot8476521610:AAFKJ_XrFUB5-reI1OjwvQ4vAPimyVMai3I/getUpdates "HTTP/1.1 200 OK"
2025-12-25 16:47:17,411 - httpx - INFO - HTTP Request: POST https://api.telegram.org/bot8476521610:AAFKJ_XrFUB5-reI1OjwvQ4vAPimyVMai3I/getUpdates "HTTP/1.1 200 OK"
2025-12-25 16:47:27,628 - httpx - INFO - HTTP Request: POST https://api.telegram.org/bot8476521610:AAFKJ_XrFUB5-reI1OjwvQ4vAPimyVMai3I/getUpdates "HTTP/1.1 200 OK"
2025-12-25 16:47:37,835 - httpx - INFO - HTTP Request: POST https://api.telegram.org/bot8476521610:AAFKJ_XrFUB5-reI1OjwvQ4vAPimyVMai3I/getUpdates "HTTP/1.1 200 OK"
2025-12-25 16:47:48,048 - httpx - INFO - HTTP Request: POST https://api.telegram.org/bot8476521610:AAFKJ_XrFUB5-reI1OjwvQ4vAPimyVMai3I/getUpdates "HTTP/1.1 200 OK"
2025-12-25 16:47:58,257 - httpx - INFO - HTTP Request: POST https://api.telegram.org/bot8476521610:AAFKJ_XrFUB5-reI1OjwvQ4vAPimyVMai3I/getUpdates "HTTP/1.1 200 OK"
2025-12-25 16:48:08,462 - httpx - INFO - HTTP Request: POST https://api.telegram.org/bot8476521610:AAFKJ_XrFUB5-reI1OjwvQ4vAPimyVMai3I/getUpdates "HTTP/1.1 200 OK"
2025-12-25 16:48:18,665 - httpx - INFO - HTTP Request: POST https://api.telegram.org/bot8476521610:AAFKJ_XrFUB5-reI1OjwvQ4vAPimyVMai3I/getUpdates "HTTP/1.1 200 OK"
2025-12-25 17:04:16,396 - __main__ - INFO - 🤖 Starting Receipt Bot...
2025-12-25 17:04:16,398 - src.bot - INFO - Starting bot...
2025-12-25 17:04:17,032 - httpx - INFO - HTTP Request: POST https://api.telegram.org/bot8476521610:AAFKJ_XrFUB5-reI1OjwvQ4vAPimyVMai3I/getMe "HTTP/1.1 200 OK"
2025-12-25 17:04:17,234 - httpx - INFO - HTTP Request: POST https://api.telegram.org/bot8476521610:AAFKJ_XrFUB5-reI1OjwvQ4vAPimyVMai3I/deleteWebhook "HTTP/1.1 200 OK"
2025-12-25 17:04:17,237 - telegram.ext.Application - INFO - Application started
2025-12-25 17:04:22,815 - httpx - INFO - HTTP Request: POST https://api.telegram.org/bot8476521610:AAFKJ_XrFUB5-reI1OjwvQ4vAPimyVMai3I/getUpdates "HTTP/1.1 200 OK"
2025-12-25 17:04:33,024 - httpx - INFO - HTTP Request: POST https://api.telegram.org/bot8476521610:AAFKJ_XrFUB5-reI1OjwvQ4vAPimyVMai3I/getUpdates "HTTP/1.1 200 OK"
2025-12-25 17:04:43,233 - httpx - INFO - HTTP Request: POST https://api.telegram.org/bot8476521610:AAFKJ_XrFUB5-reI1OjwvQ4vAPimyVMai3I/getUpdates "HTTP/1.1 200 OK"
2025-12-25 17:04:46,475 - httpx - INFO - HTTP Request: POST https://api.telegram.org/bot8476521610:AAFKJ_XrFUB5-reI1OjwvQ4vAPimyVMai3I/getUpdates "HTTP/1.1 200 OK"
2025-12-25 17:04:46,480 - src.bot - INFO - User zotavioz (1051315576) - Action
2025-12-25 17:04:47,228 - httpx - INFO - HTTP Request: POST https://api.telegram.org/bot8476521610:AAFKJ_XrFUB5-reI1OjwvQ4vAPimyVMai3I/sendMessage "HTTP/1.1 200 OK"
2025-12-25 17:04:47,952 - httpx - INFO - HTTP Request: POST https://api.telegram.org/bot8476521610:AAFKJ_XrFUB5-reI1OjwvQ4vAPimyVMai3I/getFile "HTTP/1.1 200 OK"
2025-12-25 17:04:48,761 - httpx - INFO - HTTP Request: GET https://api.telegram.org/file/bot8476521610%3AAAFKJ_XrFUB5-reI1OjwvQ4vAPimyVMai3I/photos/file_7.jpg "HTTP/1.1 200 OK"
2025-12-25 17:04:49,858 - httpx - INFO - HTTP Request: POST https://api.telegram.org/bot8476521610:AAFKJ_XrFUB5-reI1OjwvQ4vAPimyVMai3I/sendMessage "HTTP/1.1 200 OK"
2025-12-25 17:04:52,009 - receipt.webscrapping - INFO - Scraping URL: https://portalsped.fazenda.mg.gov.br/portalnfce/sistema/qrcode.xhtml?p=31251232907983000807651020004139041304618257|2|1|1|9ad8f1091f7cbb1b7ee761385079488c8c6e09de
2025-12-25 17:04:56,659 - httpx - INFO - HTTP Request: POST https://api.telegram.org/bot8476521610:AAFKJ_XrFUB5-reI1OjwvQ4vAPimyVMai3I/sendMessage "HTTP/1.1 200 OK"
2025-12-25 17:04:56,701 - httpx - INFO - HTTP Request: POST https://api.telegram.org/bot8476521610:AAFKJ_XrFUB5-reI1OjwvQ4vAPimyVMai3I/getUpdates "HTTP/1.1 200 OK"
2025-12-25 17:04:58,836 - httpx - INFO - HTTP Request: POST https://api.telegram.org/bot8476521610:AAFKJ_XrFUB5-reI1OjwvQ4vAPimyVMai3I/getUpdates "HTTP/1.1 200 OK"
2025-12-25 17:04:58,839 - src.bot - INFO - User zotavioz (1051315576) - Action
2025-12-25 17:04:59,150 - httpx - INFO - HTTP Request: POST https://api.telegram.org/bot8476521610:AAFKJ_XrFUB5-reI1OjwvQ4vAPimyVMai3I/answerCallbackQuery "HTTP/1.1 200 OK"
2025-12-25 17:04:59,473 - httpx - INFO - HTTP Request: POST https://api.telegram.org/bot8476521610:AAFKJ_XrFUB5-reI1OjwvQ4vAPimyVMai3I/editMessageText "HTTP/1.1 200 OK"
2025-12-25 17:05:00,279 - httpx - INFO - HTTP Request: POST https://api.telegram.org/bot8476521610:AAFKJ_XrFUB5-reI1OjwvQ4vAPimyVMai3I/getUpdates "HTTP/1.1 200 OK"
2025-12-25 17:05:00,289 - src.bot - INFO - User zotavioz (1051315576) - Action
2025-12-25 17:05:00,600 - httpx - INFO - HTTP Request: POST https://api.telegram.org/bot8476521610:AAFKJ_XrFUB5-reI1OjwvQ4vAPimyVMai3I/answerCallbackQuery "HTTP/1.1 200 OK"
2025-12-25 17:05:00,930 - httpx - INFO - HTTP Request: POST https://api.telegram.org/bot8476521610:AAFKJ_XrFUB5-reI1OjwvQ4vAPimyVMai3I/editMessageText "HTTP/1.1 200 OK"
2025-12-25 17:05:01,412 - httpx - INFO - HTTP Request: POST https://api.telegram.org/bot8476521610:AAFKJ_XrFUB5-reI1OjwvQ4vAPimyVMai3I/getUpdates "HTTP/1.1 200 OK"
2025-12-25 17:05:01,415 - src.bot - INFO - User zotavioz (1051315576) - Action
2025-12-25 17:05:01,727 - httpx - INFO - HTTP Request: POST https://api.telegram.org/bot8476521610:AAFKJ_XrFUB5-reI1OjwvQ4vAPimyVMai3I/answerCallbackQuery "HTTP/1.1 200 OK"
2025-12-25 17:05:02,063 - httpx - INFO - HTTP Request: POST https://api.telegram.org/bot8476521610:AAFKJ_XrFUB5-reI1OjwvQ4vAPimyVMai3I/editMessageText "HTTP/1.1 200 OK"
2025-12-25 17:05:02,583 - httpx - INFO - HTTP Request: POST https://api.telegram.org/bot8476521610:AAFKJ_XrFUB5-reI1OjwvQ4vAPimyVMai3I/getUpdates "HTTP/1.1 200 OK"
2025-12-25 17:05:02,586 - src.bot - INFO - User zotavioz (1051315576) - Action
2025-12-25 17:05:02,896 - httpx - INFO - HTTP Request: POST https://api.telegram.org/bot8476521610:AAFKJ_XrFUB5-reI1OjwvQ4vAPimyVMai3I/answerCallbackQuery "HTTP/1.1 200 OK"
2025-12-25 17:05:03,240 - httpx - INFO - HTTP Request: POST https://api.telegram.org/bot8476521610:AAFKJ_XrFUB5-reI1OjwvQ4vAPimyVMai3I/editMessageText "HTTP/1.1 200 OK"
2025-12-25 17:05:03,974 - httpx - INFO - HTTP Request: POST https://api.telegram.org/bot8476521610:AAFKJ_XrFUB5-reI1OjwvQ4vAPimyVMai3I/getUpdates "HTTP/1.1 200 OK"
2025-12-25 17:05:03,977 - src.bot - INFO - User zotavioz (1051315576) - Action
2025-12-25 17:05:04,283 - httpx - INFO - HTTP Request: POST https://api.telegram.org/bot8476521610:AAFKJ_XrFUB5-reI1OjwvQ4vAPimyVMai3I/answerCallbackQuery "HTTP/1.1 200 OK"
2025-12-25 17:05:04,610 - httpx - INFO - HTTP Request: POST https://api.telegram.org/bot8476521610:AAFKJ_XrFUB5-reI1OjwvQ4vAPimyVMai3I/editMessageText "HTTP/1.1 200 OK"
2025-12-25 17:05:14,181 - httpx - INFO - HTTP Request: POST https://api.telegram.org/bot8476521610:AAFKJ_XrFUB5-reI1OjwvQ4vAPimyVMai3I/getUpdates "HTTP/1.1 200 OK"
2025-12-25 17:05:24,386 - httpx - INFO - HTTP Request: POST https://api.telegram.org/bot8476521610:AAFKJ_XrFUB5-reI1OjwvQ4vAPimyVMai3I/getUpdates "HTTP/1.1 200 OK"
2025-12-25 17:05:28,166 - httpx - INFO - HTTP Request: POST https://api.telegram.org/bot8476521610:AAFKJ_XrFUB5-reI1OjwvQ4vAPimyVMai3I/getUpdates "HTTP/1.1 200 OK"
2025-12-25 17:05:28,179 - src.bot - INFO - User zotavioz (1051315576) - Action
2025-12-25 17:05:28,949 - httpx - INFO - HTTP Request: POST https://api.telegram.org/bot8476521610:AAFKJ_XrFUB5-reI1OjwvQ4vAPimyVMai3I/sendMessage "HTTP/1.1 200 OK"
2025-12-25 17:05:38,425 - httpx - INFO - HTTP Request: POST https://api.telegram.org/bot8476521610:AAFKJ_XrFUB5-reI1OjwvQ4vAPimyVMai3I/getUpdates "HTTP/1.1 200 OK"
2025-12-25 17:05:48,634 - httpx - INFO - HTTP Request: POST https://api.telegram.org/bot8476521610:AAFKJ_XrFUB5-reI1OjwvQ4vAPimyVMai3I/getUpdates "HTTP/1.1 200 OK"
2025-12-25 17:05:58,845 - httpx - INFO - HTTP Request: POST https://api.telegram.org/bot8476521610:AAFKJ_XrFUB5-reI1OjwvQ4vAPimyVMai3I/getUpdates "HTTP/1.1 200 OK"
2025-12-25 17:06:09,056 - httpx - INFO - HTTP Request: POST https://api.telegram.org/bot8476521610:AAFKJ_XrFUB5-reI1OjwvQ4vAPimyVMai3I/getUpdates "HTTP/1.1 200 OK"
2025-12-25 17:06:19,264 - httpx - INFO - HTTP Request: POST https://api.telegram.org/bot8476521610:AAFKJ_XrFUB5-reI1OjwvQ4vAPimyVMai3I/getUpdates "HTTP/1.1 200 OK"
2025-12-25 17:06:29,475 - httpx - INFO - HTTP Request: POST https://api.telegram.org/bot8476521610:AAFKJ_XrFUB5-reI1OjwvQ4vAPimyVMai3I/getUpdates "HTTP/1.1 200 OK"
2025-12-25 17:06:39,685 - httpx - INFO - HTTP Request: POST https://api.telegram.org/bot8476521610:AAFKJ_XrFUB5-reI1OjwvQ4vAPimyVMai3I/getUpdates "HTTP/1.1 200 OK"
2025-12-25 17:06:49,896 - httpx - INFO - HTTP Request: POST https://api.telegram.org/bot8476521610:AAFKJ_XrFUB5-reI1OjwvQ4vAPimyVMai3I/getUpdates "HTTP/1.1 200 OK"
2025-12-25 17:07:00,106 - httpx - INFO - HTTP Request: POST https://api.telegram.org/bot8476521610:AAFKJ_XrFUB5-reI1OjwvQ4vAPimyVMai3I/getUpdates "HTTP/1.1 200 OK"
2025-12-25 17:07:10,317 - httpx - INFO - HTTP Request: POST https://api.telegram.org/bot8476521610:AAFKJ_XrFUB5-reI1OjwvQ4vAPimyVMai3I/getUpdates "HTTP/1.1 200 OK"
2025-12-25 17:07:20,526 - httpx - INFO - HTTP Request: POST https://api.telegram.org/bot8476521610:AAFKJ_XrFUB5-reI1OjwvQ4vAPimyVMai3I/getUpdates "HTTP/1.1 200 OK"
2025-12-25 17:07:30,733 - httpx - INFO - HTTP Request: POST https://api.telegram.org/bot8476521610:AAFKJ_XrFUB5-reI1OjwvQ4vAPimyVMai3I/getUpdates "HTTP/1.1 200 OK"
2025-12-25 17:07:40,942 - httpx - INFO - HTTP Request: POST https://api.telegram.org/bot8476521610:AAFKJ_XrFUB5-reI1OjwvQ4vAPimyVMai3I/getUpdates "HTTP/1.1 200 OK"
2025-12-25 17:07:51,150 - httpx - INFO - HTTP Request: POST https://api.telegram.org/bot8476521610:AAFKJ_XrFUB5-reI1OjwvQ4vAPimyVMai3I/getUpdates "HTTP/1.1 200 OK"
2025-12-25 17:08:01,361 - httpx - INFO - HTTP Request: POST https://api.telegram.org/bot8476521610:AAFKJ_XrFUB5-reI1OjwvQ4vAPimyVMai3I/getUpdates "HTTP/1.1 200 OK"
2025-12-25 17:08:11,574 - httpx - INFO - HTTP Request: POST https://api.telegram.org/bot8476521610:AAFKJ_XrFUB5-reI1OjwvQ4vAPimyVMai3I/getUpdates "HTTP/1.1 200 OK"
2025-12-25 17:08:21,783 - httpx - INFO - HTTP Request: POST https://api.telegram.org/bot8476521610:AAFKJ_XrFUB5-reI1OjwvQ4vAPimyVMai3I/getUpdates "HTTP/1.1 200 OK"
2025-12-25 17:08:31,989 - httpx - INFO - HTTP Request: POST https://api.telegram.org/bot8476521610:AAFKJ_XrFUB5-reI1OjwvQ4vAPimyVMai3I/getUpdates "HTTP/1.1 200 OK"
2025-12-25 17:08:42,206 - httpx - INFO - HTTP Request: POST https://api.telegram.org/bot8476521610:AAFKJ_XrFUB5-reI1OjwvQ4vAPimyVMai3I/getUpdates "HTTP/1.1 200 OK"
2025-12-25 17:08:52,412 - httpx - INFO - HTTP Request: POST https://api.telegram.org/bot8476521610:AAFKJ_XrFUB5-reI1OjwvQ4vAPimyVMai3I/getUpdates "HTTP/1.1 200 OK"
2025-12-25 17:09:00,928 - __main__ - INFO - 🤖 Starting Receipt Bot...
2025-12-25 17:09:00,929 - src.bot - INFO - Starting bot...
2025-12-25 17:09:01,546 - httpx - INFO - HTTP Request: POST https://api.telegram.org/bot8476521610:AAFKJ_XrFUB5-reI1OjwvQ4vAPimyVMai3I/getMe "HTTP/1.1 200 OK"
2025-12-25 17:09:01,746 - httpx - INFO - HTTP Request: POST https://api.telegram.org/bot8476521610:AAFKJ_XrFUB5-reI1OjwvQ4vAPimyVMai3I/deleteWebhook "HTTP/1.1 200 OK"
2025-12-25 17:09:01,752 - telegram.ext.Application - INFO - Application started
2025-12-25 17:09:12,351 - httpx - INFO - HTTP Request: POST https://api.telegram.org/bot8476521610:AAFKJ_XrFUB5-reI1OjwvQ4vAPimyVMai3I/getUpdates "HTTP/1.1 200 OK"
2025-12-25 17:09:22,555 - httpx - INFO - HTTP Request: POST https://api.telegram.org/bot8476521610:AAFKJ_XrFUB5-reI1OjwvQ4vAPimyVMai3I/getUpdates "HTTP/1.1 200 OK"
2025-12-25 17:11:18,150 - __main__ - INFO - 🤖 Starting Receipt Bot...
2025-12-25 17:11:18,151 - src.bot - INFO - Starting bot...
2025-12-25 17:11:18,789 - httpx - INFO - HTTP Request: POST https://api.telegram.org/bot8476521610:AAFKJ_XrFUB5-reI1OjwvQ4vAPimyVMai3I/getMe "HTTP/1.1 200 OK"
2025-12-25 17:11:18,998 - httpx - INFO - HTTP Request: POST https://api.telegram.org/bot8476521610:AAFKJ_XrFUB5-reI1OjwvQ4vAPimyVMai3I/deleteWebhook "HTTP/1.1 200 OK"
2025-12-25 17:11:19,006 - telegram.ext.Application - INFO - Application started
2025-12-25 17:11:27,879 - httpx - INFO - HTTP Request: POST https://api.telegram.org/bot8476521610:AAFKJ_XrFUB5-reI1OjwvQ4vAPimyVMai3I/getUpdates "HTTP/1.1 200 OK"
2025-12-25 17:11:27,885 - src.bot - INFO - User zotavioz (1051315576) - Action
2025-12-25 17:11:28,683 - httpx - INFO - HTTP Request: POST https://api.telegram.org/bot8476521610:AAFKJ_XrFUB5-reI1OjwvQ4vAPimyVMai3I/sendMessage "HTTP/1.1 200 OK"
2025-12-25 17:11:38,122 - httpx - INFO - HTTP Request: POST https://api.telegram.org/bot8476521610:AAFKJ_XrFUB5-reI1OjwvQ4vAPimyVMai3I/getUpdates "HTTP/1.1 200 OK"
2025-12-25 17:11:44,300 - httpx - INFO - HTTP Request: POST https://api.telegram.org/bot8476521610:AAFKJ_XrFUB5-reI1OjwvQ4vAPimyVMai3I/getUpdates "HTTP/1.1 200 OK"
2025-12-25 17:11:44,304 - src.bot - INFO - User zotavioz (1051315576) - Action
2025-12-25 17:11:45,034 - httpx - INFO - HTTP Request: POST https://api.telegram.org/bot8476521610:AAFKJ_XrFUB5-reI1OjwvQ4vAPimyVMai3I/sendMessage "HTTP/1.1 200 OK"
2025-12-25 17:11:45,740 - httpx - INFO - HTTP Request: POST https://api.telegram.org/bot8476521610:AAFKJ_XrFUB5-reI1OjwvQ4vAPimyVMai3I/getFile "HTTP/1.1 200 OK"
2025-12-25 17:11:46,131 - httpx - INFO - HTTP Request: GET https://api.telegram.org/file/bot8476521610%3AAAFKJ_XrFUB5-reI1OjwvQ4vAPimyVMai3I/photos/file_8.jpg "HTTP/1.1 200 OK"
2025-12-25 17:11:46,992 - httpx - INFO - HTTP Request: POST https://api.telegram.org/bot8476521610:AAFKJ_XrFUB5-reI1OjwvQ4vAPimyVMai3I/sendMessage "HTTP/1.1 200 OK"
2025-12-25 17:11:49,513 - receipt.webscrapping - INFO - Scraping URL: https://portalsped.fazenda.mg.gov.br/portalnfce/sistema/qrcode.xhtml?p=31251232907983000807651020004139041304618257|2|1|1|9ad8f1091f7cbb1b7ee761385079488c8c6e09de
2025-12-25 17:11:54,524 - httpx - INFO - HTTP Request: POST https://api.telegram.org/bot8476521610:AAFKJ_XrFUB5-reI1OjwvQ4vAPimyVMai3I/getUpdates "HTTP/1.1 200 OK"
2025-12-25 17:11:54,743 - httpx - INFO - HTTP Request: POST https://api.telegram.org/bot8476521610:AAFKJ_XrFUB5-reI1OjwvQ4vAPimyVMai3I/sendMessage "HTTP/1.1 200 OK"
2025-12-25 17:11:56,297 - httpx - INFO - HTTP Request: POST https://api.telegram.org/bot8476521610:AAFKJ_XrFUB5-reI1OjwvQ4vAPimyVMai3I/getUpdates "HTTP/1.1 200 OK"
2025-12-25 17:11:56,300 - src.bot - INFO - User zotavioz (1051315576) - Action
2025-12-25 17:11:56,614 - httpx - INFO - HTTP Request: POST https://api.telegram.org/bot8476521610:AAFKJ_XrFUB5-reI1OjwvQ4vAPimyVMai3I/answerCallbackQuery "HTTP/1.1 200 OK"
2025-12-25 17:11:56,935 - httpx - INFO - HTTP Request: POST https://api.telegram.org/bot8476521610:AAFKJ_XrFUB5-reI1OjwvQ4vAPimyVMai3I/editMessageText "HTTP/1.1 200 OK"
2025-12-25 17:11:57,152 - httpx - INFO - HTTP Request: POST https://api.telegram.org/bot8476521610:AAFKJ_XrFUB5-reI1OjwvQ4vAPimyVMai3I/getUpdates "HTTP/1.1 200 OK"
2025-12-25 17:11:57,154 - src.bot - INFO - User zotavioz (1051315576) - Action
2025-12-25 17:11:57,467 - httpx - INFO - HTTP Request: POST https://api.telegram.org/bot8476521610:AAFKJ_XrFUB5-reI1OjwvQ4vAPimyVMai3I/answerCallbackQuery "HTTP/1.1 200 OK"
2025-12-25 17:11:57,792 - httpx - INFO - HTTP Request: POST https://api.telegram.org/bot8476521610:AAFKJ_XrFUB5-reI1OjwvQ4vAPimyVMai3I/editMessageText "HTTP/1.1 200 OK"
2025-12-25 17:11:58,696 - httpx - INFO - HTTP Request: POST https://api.telegram.org/bot8476521610:AAFKJ_XrFUB5-reI1OjwvQ4vAPimyVMai3I/getUpdates "HTTP/1.1 200 OK"
2025-12-25 17:11:58,699 - src.bot - INFO - User zotavioz (1051315576) - Action
2025-12-25 17:11:59,013 - httpx - INFO - HTTP Request: POST https://api.telegram.org/bot8476521610:AAFKJ_XrFUB5-reI1OjwvQ4vAPimyVMai3I/answerCallbackQuery "HTTP/1.1 200 OK"
2025-12-25 17:11:59,349 - httpx - INFO - HTTP Request: POST https://api.telegram.org/bot8476521610:AAFKJ_XrFUB5-reI1OjwvQ4vAPimyVMai3I/editMessageText "HTTP/1.1 200 OK"
2025-12-25 17:12:00,671 - httpx - INFO - HTTP Request: POST https://api.telegram.org/bot8476521610:AAFKJ_XrFUB5-reI1OjwvQ4vAPimyVMai3I/getUpdates "HTTP/1.1 200 OK"
2025-12-25 17:12:00,678 - src.bot - INFO - User zotavioz (1051315576) - Action
2025-12-25 17:12:00,997 - httpx - INFO - HTTP Request: POST https://api.telegram.org/bot8476521610:AAFKJ_XrFUB5-reI1OjwvQ4vAPimyVMai3I/answerCallbackQuery "HTTP/1.1 200 OK"
2025-12-25 17:12:01,329 - httpx - INFO - HTTP Request: POST https://api.telegram.org/bot8476521610:AAFKJ_XrFUB5-reI1OjwvQ4vAPimyVMai3I/editMessageText "HTTP/1.1 200 OK"
2025-12-25 17:12:03,294 - httpx - INFO - HTTP Request: POST https://api.telegram.org/bot8476521610:AAFKJ_XrFUB5-reI1OjwvQ4vAPimyVMai3I/getUpdates "HTTP/1.1 200 OK"
2025-12-25 17:12:03,296 - src.bot - INFO - User zotavioz (1051315576) - Action
2025-12-25 17:12:03,611 - httpx - INFO - HTTP Request: POST https://api.telegram.org/bot8476521610:AAFKJ_XrFUB5-reI1OjwvQ4vAPimyVMai3I/answerCallbackQuery "HTTP/1.1 200 OK"
2025-12-25 17:12:03,938 - httpx - INFO - HTTP Request: POST https://api.telegram.org/bot8476521610:AAFKJ_XrFUB5-reI1OjwvQ4vAPimyVMai3I/editMessageText "HTTP/1.1 200 OK"
2025-12-25 17:12:13,503 - httpx - INFO - HTTP Request: POST https://api.telegram.org/bot8476521610:AAFKJ_XrFUB5-reI1OjwvQ4vAPimyVMai3I/getUpdates "HTTP/1.1 200 OK"
2025-12-25 17:12:16,308 - httpx - INFO - HTTP Request: POST https://api.telegram.org/bot8476521610:AAFKJ_XrFUB5-reI1OjwvQ4vAPimyVMai3I/getUpdates "HTTP/1.1 200 OK"
2025-12-25 17:12:16,311 - src.bot - INFO - User zotavioz (1051315576) - Action
2025-12-25 17:12:17,083 - httpx - INFO - HTTP Request: POST https://api.telegram.org/bot8476521610:AAFKJ_XrFUB5-reI1OjwvQ4vAPimyVMai3I/sendMessage "HTTP/1.1 200 OK"
2025-12-25 17:12:26,556 - httpx - INFO - HTTP Request: POST https://api.telegram.org/bot8476521610:AAFKJ_XrFUB5-reI1OjwvQ4vAPimyVMai3I/getUpdates "HTTP/1.1 200 OK"
2025-12-25 17:12:36,769 - httpx - INFO - HTTP Request: POST https://api.telegram.org/bot8476521610:AAFKJ_XrFUB5-reI1OjwvQ4vAPimyVMai3I/getUpdates "HTTP/1.1 200 OK"
2025-12-25 17:12:46,982 - httpx - INFO - HTTP Request: POST https://api.telegram.org/bot8476521610:AAFKJ_XrFUB5-reI1OjwvQ4vAPimyVMai3I/getUpdates "HTTP/1.1 200 OK"
2025-12-25 17:12:57,196 - httpx - INFO - HTTP Request: POST https://api.telegram.org/bot8476521610:AAFKJ_XrFUB5-reI1OjwvQ4vAPimyVMai3I/getUpdates "HTTP/1.1 200 OK"
2025-12-25 17:13:07,432 - httpx - INFO - HTTP Request: POST https://api.telegram.org/bot8476521610:AAFKJ_XrFUB5-reI1OjwvQ4vAPimyVMai3I/getUpdates "HTTP/1.1 200 OK"
2025-12-25 17:13:17,660 - httpx - INFO - HTTP Request: POST https://api.telegram.org/bot8476521610:AAFKJ_XrFUB5-reI1OjwvQ4vAPimyVMai3I/getUpdates "HTTP/1.1 200 OK"
2025-12-25 17:13:27,875 - httpx - INFO - HTTP Request: POST https://api.telegram.org/bot8476521610:AAFKJ_XrFUB5-reI1OjwvQ4vAPimyVMai3I/getUpdates "HTTP/1.1 200 OK"
2025-12-25 17:13:38,092 - httpx - INFO - HTTP Request: POST https://api.telegram.org/bot8476521610:AAFKJ_XrFUB5-reI1OjwvQ4vAPimyVMai3I/getUpdates "HTTP/1.1 200 OK"
2025-12-25 17:13:48,303 - httpx - INFO - HTTP Request: POST https://api.telegram.org/bot8476521610:AAFKJ_XrFUB5-reI1OjwvQ4vAPimyVMai3I/getUpdates "HTTP/1.1 200 OK"
2025-12-25 17:13:58,512 - httpx - INFO - HTTP Request: POST https://api.telegram.org/bot8476521610:AAFKJ_XrFUB5-reI1OjwvQ4vAPimyVMai3I/getUpdates "HTTP/1.1 200 OK"
2025-12-25 17:14:08,726 - httpx - INFO - HTTP Request: POST https://api.telegram.org/bot8476521610:AAFKJ_XrFUB5-reI1OjwvQ4vAPimyVMai3I/getUpdates "HTTP/1.1 200 OK"
2025-12-25 17:14:18,945 - httpx - INFO - HTTP Request: POST https://api.telegram.org/bot8476521610:AAFKJ_XrFUB5-reI1OjwvQ4vAPimyVMai3I/getUpdates "HTTP/1.1 200 OK"
2025-12-25 17:14:29,162 - httpx - INFO - HTTP Request: POST https://api.telegram.org/bot8476521610:AAFKJ_XrFUB5-reI1OjwvQ4vAPimyVMai3I/getUpdates "HTTP/1.1 200 OK"
2025-12-25 17:14:39,376 - httpx - INFO - HTTP Request: POST https://api.telegram.org/bot8476521610:AAFKJ_XrFUB5-reI1OjwvQ4vAPimyVMai3I/getUpdates "HTTP/1.1 200 OK"
2025-12-25 17:14:49,582 - httpx - INFO - HTTP Request: POST https://api.telegram.org/bot8476521610:AAFKJ_XrFUB5-reI1OjwvQ4vAPimyVMai3I/getUpdates "HTTP/1.1 200 OK"
2025-12-25 17:14:59,788 - httpx - INFO - HTTP Request: POST https://api.telegram.org/bot8476521610:AAFKJ_XrFUB5-reI1OjwvQ4vAPimyVMai3I/getUpdates "HTTP/1.1 200 OK"
2025-12-25 17:15:10,000 - httpx - INFO - HTTP Request: POST https://api.telegram.org/bot8476521610:AAFKJ_XrFUB5-reI1OjwvQ4vAPimyVMai3I/getUpdates "HTTP/1.1 200 OK"
2025-12-25 17:15:20,206 - httpx - INFO - HTTP Request: POST https://api.telegram.org/bot8476521610:AAFKJ_XrFUB5-reI1OjwvQ4vAPimyVMai3I/getUpdates "HTTP/1.1 200 OK"
2025-12-25 17:15:30,412 - httpx - INFO - HTTP Request: POST https://api.telegram.org/bot8476521610:AAFKJ_XrFUB5-reI1OjwvQ4vAPimyVMai3I/getUpdates "HTTP/1.1 200 OK"
2025-12-25 17:15:40,618 - httpx - INFO - HTTP Request: POST https://api.telegram.org/bot8476521610:AAFKJ_XrFUB5-reI1OjwvQ4vAPimyVMai3I/getUpdates "HTTP/1.1 200 OK"
2025-12-25 17:15:50,829 - httpx - INFO - HTTP Request: POST https://api.telegram.org/bot8476521610:AAFKJ_XrFUB5-reI1OjwvQ4vAPimyVMai3I/getUpdates "HTTP/1.1 200 OK"
2025-12-25 17:16:01,035 - httpx - INFO - HTTP Request: POST https://api.telegram.org/bot8476521610:AAFKJ_XrFUB5-reI1OjwvQ4vAPimyVMai3I/getUpdates "HTTP/1.1 200 OK"
2025-12-25 17:16:11,242 - httpx - INFO - HTTP Request: POST https://api.telegram.org/bot8476521610:AAFKJ_XrFUB5-reI1OjwvQ4vAPimyVMai3I/getUpdates "HTTP/1.1 200 OK"
2025-12-25 17:16:21,451 - httpx - INFO - HTTP Request: POST https://api.telegram.org/bot8476521610:AAFKJ_XrFUB5-reI1OjwvQ4vAPimyVMai3I/getUpdates "HTTP/1.1 200 OK"
2025-12-25 17:16:31,663 - httpx - INFO - HTTP Request: POST https://api.telegram.org/bot8476521610:AAFKJ_XrFUB5-reI1OjwvQ4vAPimyVMai3I/getUpdates "HTTP/1.1 200 OK"
2025-12-25 17:16:41,877 - httpx - INFO - HTTP Request: POST https://api.telegram.org/bot8476521610:AAFKJ_XrFUB5-reI1OjwvQ4vAPimyVMai3I/getUpdates "HTTP/1.1 200 OK"
2025-12-25 17:16:52,086 - httpx - INFO - HTTP Request: POST https://api.telegram.org/bot8476521610:AAFKJ_XrFUB5-reI1OjwvQ4vAPimyVMai3I/getUpdates "HTTP/1.1 200 OK"
2025-12-25 17:17:02,301 - httpx - INFO - HTTP Request: POST https://api.telegram.org/bot8476521610:AAFKJ_XrFUB5-reI1OjwvQ4vAPimyVMai3I/getUpdates "HTTP/1.1 200 OK"
2025-12-25 17:17:12,531 - httpx - INFO - HTTP Request: POST https://api.telegram.org/bot8476521610:AAFKJ_XrFUB5-reI1OjwvQ4vAPimyVMai3I/getUpdates "HTTP/1.1 200 OK"
2025-12-25 17:17:22,744 - httpx - INFO - HTTP Request: POST https://api.telegram.org/bot8476521610:AAFKJ_XrFUB5-reI1OjwvQ4vAPimyVMai3I/getUpdates "HTTP/1.1 200 OK"
2025-12-25 17:17:32,952 - httpx - INFO - HTTP Request: POST https://api.telegram.org/bot8476521610:AAFKJ_XrFUB5-reI1OjwvQ4vAPimyVMai3I/getUpdates "HTTP/1.1 200 OK"
2025-12-25 17:17:43,182 - httpx - INFO - HTTP Request: POST https://api.telegram.org/bot8476521610:AAFKJ_XrFUB5-reI1OjwvQ4vAPimyVMai3I/getUpdates "HTTP/1.1 200 OK"
2025-12-25 17:17:53,395 - httpx - INFO - HTTP Request: POST https://api.telegram.org/bot8476521610:AAFKJ_XrFUB5-reI1OjwvQ4vAPimyVMai3I/getUpdates "HTTP/1.1 200 OK"
2025-12-25 17:18:03,609 - httpx - INFO - HTTP Request: POST https://api.telegram.org/bot8476521610:AAFKJ_XrFUB5-reI1OjwvQ4vAPimyVMai3I/getUpdates "HTTP/1.1 200 OK"
2025-12-25 17:18:13,824 - httpx - INFO - HTTP Request: POST https://api.telegram.org/bot8476521610:AAFKJ_XrFUB5-reI1OjwvQ4vAPimyVMai3I/getUpdates "HTTP/1.1 200 OK"
2025-12-25 17:18:24,034 - httpx - INFO - HTTP Request: POST https://api.telegram.org/bot8476521610:AAFKJ_XrFUB5-reI1OjwvQ4vAPimyVMai3I/getUpdates "HTTP/1.1 200 OK"
2025-12-25 17:18:34,245 - httpx - INFO - HTTP Request: POST https://api.telegram.org/bot8476521610:AAFKJ_XrFUB5-reI1OjwvQ4vAPimyVMai3I/getUpdates "HTTP/1.1 200 OK"
2025-12-25 17:18:44,452 - httpx - INFO - HTTP Request: POST https://api.telegram.org/bot8476521610:AAFKJ_XrFUB5-reI1OjwvQ4vAPimyVMai3I/getUpdates "HTTP/1.1 200 OK"
2025-12-25 17:18:54,675 - httpx - INFO - HTTP Request: POST https://api.telegram.org/bot8476521610:AAFKJ_XrFUB5-reI1OjwvQ4vAPimyVMai3I/getUpdates "HTTP/1.1 200 OK"
2025-12-25 17:19:04,887 - httpx - INFO - HTTP Request: POST https://api.telegram.org/bot8476521610:AAFKJ_XrFUB5-reI1OjwvQ4vAPimyVMai3I/getUpdates "HTTP/1.1 200 OK"
2025-12-25 17:19:15,106 - httpx - INFO - HTTP Request: POST https://api.telegram.org/bot8476521610:AAFKJ_XrFUB5-reI1OjwvQ4vAPimyVMai3I/getUpdates "HTTP/1.1 200 OK"
2025-12-25 17:19:25,330 - httpx - INFO - HTTP Request: POST https://api.telegram.org/bot8476521610:AAFKJ_XrFUB5-reI1OjwvQ4vAPimyVMai3I/getUpdates "HTTP/1.1 200 OK"
2025-12-25 17:19:35,549 - httpx - INFO - HTTP Request: POST https://api.telegram.org/bot8476521610:AAFKJ_XrFUB5-reI1OjwvQ4vAPimyVMai3I/getUpdates "HTTP/1.1 200 OK"
2025-12-25 17:19:45,760 - httpx - INFO - HTTP Request: POST https://api.telegram.org/bot8476521610:AAFKJ_XrFUB5-reI1OjwvQ4vAPimyVMai3I/getUpdates "HTTP/1.1 200 OK"
2025-12-25 17:19:55,972 - httpx - INFO - HTTP Request: POST https://api.telegram.org/bot8476521610:AAFKJ_XrFUB5-reI1OjwvQ4vAPimyVMai3I/getUpdates "HTTP/1.1 200 OK"
2025-12-25 17:20:06,182 - httpx - INFO - HTTP Request: POST https://api.telegram.org/bot8476521610:AAFKJ_XrFUB5-reI1OjwvQ4vAPimyVMai3I/getUpdates "HTTP/1.1 200 OK"
2025-12-25 17:20:16,396 - httpx - INFO - HTTP Request: POST https://api.telegram.org/bot8476521610:AAFKJ_XrFUB5-reI1OjwvQ4vAPimyVMai3I/getUpdates "HTTP/1.1 200 OK"
2025-12-25 17:20:26,608 - httpx - INFO - HTTP Request: POST https://api.telegram.org/bot8476521610:AAFKJ_XrFUB5-reI1OjwvQ4vAPimyVMai3I/getUpdates "HTTP/1.1 200 OK"
2025-12-25 17:20:36,817 - httpx - INFO - HTTP Request: POST https://api.telegram.org/bot8476521610:AAFKJ_XrFUB5-reI1OjwvQ4vAPimyVMai3I/getUpdates "HTTP/1.1 200 OK"
2025-12-25 17:20:47,025 - httpx - INFO - HTTP Request: POST https://api.telegram.org/bot8476521610:AAFKJ_XrFUB5-reI1OjwvQ4vAPimyVMai3I/getUpdates "HTTP/1.1 200 OK"
2025-12-25 17:20:57,234 - httpx - INFO - HTTP Request: POST https://api.telegram.org/bot8476521610:AAFKJ_XrFUB5-reI1OjwvQ4vAPimyVMai3I/getUpdates "HTTP/1.1 200 OK"
2025-12-25 17:21:07,440 - httpx - INFO - HTTP Request: POST https://api.telegram.org/bot8476521610:AAFKJ_XrFUB5-reI1OjwvQ4vAPimyVMai3I/getUpdates "HTTP/1.1 200 OK"
2025-12-25 17:21:17,648 - httpx - INFO - HTTP Request: POST https://api.telegram.org/bot8476521610:AAFKJ_XrFUB5-reI1OjwvQ4vAPimyVMai3I/getUpdates "HTTP/1.1 200 OK"
2025-12-25 17:21:27,856 - httpx - INFO - HTTP Request: POST https://api.telegram.org/bot8476521610:AAFKJ_XrFUB5-reI1OjwvQ4vAPimyVMai3I/getUpdates "HTTP/1.1 200 OK"
2025-12-25 17:21:38,064 - httpx - INFO - HTTP Request: POST https://api.telegram.org/bot8476521610:AAFKJ_XrFUB5-reI1OjwvQ4vAPimyVMai3I/getUpdates "HTTP/1.1 200 OK"
